code,name,eps,eps_yoy,bvps,roe,epcf,net_profits,profits_yoy,distrib,report_date
000001,平安银行,,,2.71,,,22053.22,43.09,,04-26
000002,万科A,,,2.4,,,38817.94,54.09,,04-25
000004,国农科技,,,1.01,,,4.46,-103.4,,04-28
000005,世纪星源,,,1.0,,,5914.59,-989.86,,04-28
000006,深振业A,,,4.49,,,3619.02,128.39,,04-22
000007,全新好,,,0.58,,,-503.44,-135.09,,04-28
000008,神州高铁,,,0.99,,,-9.96,-120.5,,04-21
000009,中国宝安,,,1.24,,,773.76,20.14,,04-29
000010,美丽生态,,,0.4,,,-39.5,-94.31,,04-29
000011,深物业A,,,1.18,,,-890.78,-6983.17,,04-20
000012,南玻A,,,2.49,,,4909.38,-8.71,,04-29
000014,沙河股份,,,3.73,,,2044.22,148.07,,04-26
000016,深康佳A,,,5.37,,,2529.15,23.13,,04-27
000017,深中华A,,,-3.79,,,-150.61,-51.94,,04-29
000018,神州长城,,,1.56,,,-384.27,9.15,,04-25
000019,深深宝A,,,1.33,,,260.66,930.04,,04-19
000020,深华发A,,,0.85,,,56.78,-179.81,,04-15
000021,深科技,,,4.03,,,8448.69,20.66,,04-25
000022,深赤湾A,,,3.5,,,15073.37,-13.82,,04-26
000023,深天地A,,,1.53,,,-799.05,152.66,,04-22
000025,特力A,,,1.03,,,12.78,-123.42,,04-15
000026,飞亚达A,,,2.16,,,487.86,547.87,,04-20
000027,深圳能源,,,3.84,,,15337.49,8.68,,04-29
000028,国药一致,,,1.43,,,2364.51,111.3,,04-18
000029,深深房A,,,1.05,,,397.43,-128.39,,04-25
000030,富奥股份,,,-5.74,,,-708.16,-0.38,,04-20
000031,中粮地产,,,2.54,,,2414.33,2.14,,04-19
000032,深桑达A,,,3.11,,,830.59,-39.35,,04-22
000033,*ST新都,,,1.34,,,77.66,80.42,,04-29
000034,神州数码,,,-1.45,,,-1420.63,-9.86,,04-27
000035,中国天楹,,,-12.59,,,-1244.89,277.45,,04-29
000036,华联控股,,,1.52,,,1593.86,-208.77,,04-27
000037,*ST南电A,,,2.8,,,632.37,-90.64,,04-21
000038,深大通,,,0.78,,,-237.89,-5394.89,,04-29
000039,中集集团,,,4.91,,,51776.61,-43.38,,04-26
000040,东旭蓝天,,,1.81,,,-1505.91,42.63,,04-29
000042,中洲控股,,,6.42,,,370.26,26.59,,04-28
000043,中航地产,,,2.74,,,1089.69,91.35,,04-24
000045,深纺织A,,,1.41,,,136.82,-47.33,,04-26
000046,泛海控股,,,3.41,,,3980.87,192.58,,04-27
000048,康达尔,,,0.18,,,159.05,43.83,,04-25
000049,德赛电池,,,1.18,,,577.62,20.22,,04-18
000050,深天马A,,,2.99,,,1350.04,16.83,,04-21
000055,方大集团,,,1.19,,,318.41,65.37,,04-22
000056,皇庭国际,,,0.87,,,-462.57,-550.08,,04-29
000058,深赛格,,,1.73,,,-2439.87,-484.89,,04-29
000059,华锦股份,,,2.54,,,2294.11,-65.17,,04-21
000060,中金岭南,,,3.59,,,11231.33,101.34,,04-15
000061,农产品,,,3.66,,,1102.02,18.9,,04-21
000062,深圳华强,,,4.55,,,1014.64,4.64,,04-29
000063,中兴通讯,,,10.58,,,3341.8,-85.5,,04-26
000065,北方国际,,,2.75,,,861.06,160.34,,04-20
000066,中国长城,,,3.57,,,3291.25,-67.12,,04-25
000068,华控赛格,,,2.56,,,-2715.07,-136.24,,04-19
000069,华侨城A,,,2.39,0.98,,2606.52,-18.6,,04-19
000070,特发信息,,,2.46,,,83.49,-111.58,,04-18
000078,海王生物,,,2.1,,,827.58,232.3,,04-25
000088,盐田港,,,2.83,,,14433.96,24.85,,04-26
000089,深圳机场,,,3.97,,,10336.36,17.28,,04-20
000090,天健集团,,,5.38,,,3446.94,593.81,,04-25
000096,广聚能源,,,2.38,,,845.99,-45.56,,04-25
000099,中信海直,,,2.42,,,1059.32,-14.43,,04-26
000100,TCL集团,,,1.84,,,-13031.76,-60.18,,04-28
000150,宜华健康,,,1.43,,,-771.01,287.64,,04-15
000151,中成股份,,,2.96,0.23,,201.66,4.8,,04-19
000153,丰原药业,,,2.3,,,237.05,-10.58,,04-27
000155,*ST川化,,,3.35,,,3243.41,103.66,,04-13
000156,华数传媒,,,-5.6,,,-837.69,50.78,,04-29
000157,中联重科,,,3.56,,,7195.21,1.85,,04-27
000158,常山股份,,,3.55,,,748.43,39.3,,04-29
000159,国际实业,,,3.1,,,562.12,-252.78,,04-15
000301,东方市场,,,2.96,,,1168.13,255.4,,04-22
000338,潍柴动力,0.33,,,,-0.05,10794.84,,,04-26
000400,许继电气,,,5.06,,,1363.71,-11.75,,04-28
000401,冀东水泥,,,2.26,,,57.83,-106.38,,04-21
000402,金融街,,,2.21,,,1373.11,150.58,,04-10
000403,ST生化,,,-0.21,,,-2103.8,152.42,,04-29
000404,华意压缩,,,1.45,,,-963.01,-16116.06,,04-22
000407,胜利股份,,,2.03,,,179.4,8.94,,04-25
000408,*ST金源,,,2.73,,,-1058.12,-1012.44,,04-29
000409,山东地矿,,,0.68,,,-219.57,-28.33,,04-29
000410,沈阳机床,,,3.12,,,1345.69,12.46,,04-15
000411,英特集团,,,0.73,,,209.23,-7.2,,04-26
000413,东旭光电,,,0.62,,,-2917.23,-2643.73,,06-30
000415,渤海金控,,,1.56,,,-1140.44,112.55,,04-29
000416,民生控股,,,1.6,,,1203.21,-77.64,,04-27
000417,合肥百货,,,3.68,,,1235.41,47.85,,04-25
000418,小天鹅A,,,3.23,,,1236.24,3.13,,04-22
000419,通程控股,,,3.66,,,594.11,-15.59,,04-18
000420,吉林化纤,,,3.13,-0.79,,-932.52,-191.77,,04-19
000421,南京公用,,,1.25,,,88.77,-79.35,,04-26
000422,湖北宜化,,,4.82,,,4537.73,37.96,,04-20
000423,东阿阿胶,,,2.56,,,3012.56,1.24,,04-29
000425,徐工机械,,,1.96,,,315.53,-108.83,,04-26
000426,兴业矿业,,,4.87,,,436.75,14.23,,04-20
000428,华天酒店,,,2.75,,,438.06,-21.58,,04-21
000429,粤高速A,,,2.93,2.69,,10325.76,25.09,,04-19
000430,张家界,,,0.77,,,-4395.32,620.64,,04-20
000488,晨鸣纸业,,,4.17,,,14389.66,-15.78,,04-21
000498,山东路桥,,,1.04,,,388.76,-56.64,,04-25
000501,鄂武商A,,,1.81,,,3102.98,13.79,,04-22
000502,绿景控股,,,1.71,,,234.77,-39.79,,04-18
000503,海虹控股,,,2.03,,,10650.93,1161.36,,04-26
000504,*ST生物,,,1.42,,,33.92,-71.92,,04-20
000505,*ST珠江,,,0.16,,,-1162.76,21.88,,04-28
000506,中润资源,,,0.81,,,-1296.99,2.26,,04-29
000507,珠海港,,,3.02,,,546.81,-18.62,,04-26
000509,华塑控股,,,0.49,,,-188.34,-153.4,,04-18
000510,金路集团,,,1.78,,,1128.07,-62.59,,04-24
000511,*ST烯碳,,,4.35,,,495.2,-76.53,,04-15
000513,丽珠集团,,,4.06,,,2937.38,-8.92,,04-21
000514,渝开发,,,1.58,,,159.71,181.37,,04-15
000516,国际医学,,,2.99,,,1371.38,26.98,,04-20
000517,荣安地产,,,-0.58,,,-1795.03,-2392.44,,04-29
000518,四环生物,,,0.97,,,42.33,-5.18,,04-20
000519,中兵红箭,,,2.64,,,1482.37,-387.58,,04-25
000520,长航凤凰,,,2.55,,,897.03,1.02,,04-22
000521,美菱电器,,,2.1,,,425.45,-53.98,,04-27
000523,广州浪奇,,,2.43,,,232.94,77.88,,04-25
000524,岭南控股,,,2.13,,,-768.38,-4.39,,04-20
000525,红太阳,,,2.2,,,687.47,-8.07,,04-20
000526,*ST紫学,,,1.71,,,1235.19,-405.42,,04-15
000526,紫光学大,,,1.71,,,1235.19,-405.42,,04-15
000528,柳工,,,3.58,,,7730.63,29.37,,04-20
000529,广弘控股,,,-1.26,,,-2907.62,-23.97,,04-29
000530,大冷股份,,,4.13,,,1800.85,-3.88,,04-27
000531,穗恒运A,,,2.78,,,3269.91,19.11,,04-20
000532,力合股份,,,1.57,,,445.17,60.56,,04-22
000533,万家乐,,,0.77,,,360.54,1505.18,,04-29
000534,万泽股份,,,2.66,,,207.47,-132.67,,04-22
000536,华映科技,,,-0.09,,,94.56,-0.86,,04-22
000537,广宇发展,,,0.95,,,-981.42,-204.16,,04-20
000538,云南白药,,,3.09,,,6864.41,37.04,,04-17
000539,粤电力A,,,3.24,,,22605.61,2.4,,04-29
000540,中天金融,,,0.47,,,381.5,777.69,,04-28
000541,佛山照明,,,6.58,2.3,,5426.27,-9.35,,04-19
000543,皖能电力,,,3.07,,,306.19,-72.48,,04-27
000544,中原环保,,,1.25,,,778.55,-15.69,,04-25
000545,金浦钛业,,,0.21,,,-977.99,292.74,,04-25
000546,金圆股份,,,1.24,,,-386.39,-68.36,,04-22
000547,航天发展,,,3.42,,,124.47,-88.83,,04-26
000548,湖南投资,,,2.58,,,187.17,-53.5,,04-28
000550,江铃汽车,,,3.23,,,22084.95,171.96,,04-26
000551,创元科技,,,2.54,,,1169.82,34.51,,04-27
000552,靖远煤电,,,0.85,,,1597.61,1356.48,,04-28
000553,沙隆达A,,,2.96,,,130.45,-31.98,,04-21
000554,泰山石油,,,1.76,,,1626.43,23.46,,04-29
000555,神州信息,,,-0.61,,,76.2,-152.12,,04-24
000557,西部创业,,,-1.87,,,-1124.14,33.99,,04-19
000558,莱茵体育,,,1.23,,,-442.37,-514.82,,04-27
000559,万向钱潮,,,1.64,,,4935.83,13.86,,04-19
000560,昆百大A,,,-0.12,,,469.93,-66.6,,04-21
000561,烽火电子,,,-1.64,,,-700.91,-1364.49,,04-29
000563,陕国投A,,,0.96,,,-22.04,-134.92,,04-28
000564,供销大集,,,2.16,,,648.48,42.17,,04-22
000565,渝三峡A,,,2.12,,,-89.38,-80.09,,04-20
000566,海南海药,,,1.06,,,679.02,4.82,,04-29
000567,海德股份,,,0.56,,,149.65,154.2,,04-25
000568,泸州老窖,,,1.95,,,10295.87,94.87,,04-12
000570,苏常柴A,,,2.46,,,1996.66,43.97,,04-26
000571,新大洲A,,,1.19,,,-942.71,-1602.51,,04-22
000572,海马汽车,,,1.56,5.95,,1999.43,-15.54,,04-19
000573,粤宏远A,,,3.13,0.05,,74.11,-69.79,,04-19
000576,广东甘化,,,1.44,,,508.81,-175.19,,04-25
000581,威孚高科,,,4.23,,,5637.79,-41.61,,04-21
000582,北部湾港,,,2.32,,,57.84,-85.82,,04-20
000584,友利控股,,,1.13,,,201.28,-54.7,,04-21
000585,东北电气,,,0.92,,,612.16,13.56,,04-28
000586,汇源通信,,,1.45,,,-969.22,-296.25,,04-22
000587,金洲慈航,,,0.07,,,-957.54,-4572.26,,04-18
000589,黔轮胎A,,,4.03,,,1428.61,162.27,,04-15
000590,启迪古汉,,,1.31,,,-325.55,-406.13,,04-29
000591,太阳能,,,3.06,,,319.9,-18.85,,04-15
000592,平潭发展,,,-1.49,,,-417.73,3.86,,05-31
000593,大通燃气,,,1.46,,,25.39,39.58,,04-26
000595,*ST宝实,,,2.1,,,170.49,1345.21,,04-22
000596,古井贡酒,,,3.45,,,245.63,-116.2,,04-15
000597,东北制药,,,2.97,,,372.22,126.2,,04-22
000598,兴蓉环境,,,2.33,,,396.72,216.88,,04-21
000599,青岛双星,,,2.19,1.69,,1673.6,8.95,,04-27
000600,建投能源,,,1.78,,,1022.29,-326.21,,04-20
000601,韶能股份,,,3.79,,,670.3,-49.16,,04-18
000603,盛达矿业,,,0.64,,,48.81,-269.96,,04-20
000605,渤海股份,,,1.32,,,-667.4,-4528.14,,04-22
000606,神州易桥,,,1.99,,,203.95,514.16,,04-22
000607,华媒控股,,,1.86,,,488.8,-33.7,,04-22
000608,阳光股份,,,2.76,3.82,,3021.4,-8.56,,04-15
000609,绵石投资,,,3.74,,,317.6,-51.21,,04-18
000610,西安旅游,,,2.27,,,177.68,8.11,,04-22
000611,*ST天首,,,1.99,,,522.75,89.58,,04-21
000612,焦作万方,,,1.85,4.1,,3645.6,442.71,,04-19
000613,*ST东海A,,,-0.13,,,-110.31,142.51,,04-22
000615,京汉股份,,,3.2,,,402.9,978.78,,04-22
000616,海航投资,,,2.41,,,-717.15,-135.63,,04-20
000617,中油资本,,,2.43,,,1891.98,-26.94,,04-20
000619,海螺型材,,,3.98,,,2188.96,1.2,,04-28
000620,新华联,,,-1.32,,,-1371.29,-76.37,,04-08
000622,*ST恒立,,,-1.21,,,-1042.9,-22.55,,04-29
000623,吉林敖东,,,4.95,,,3791.91,-14.93,,04-15
000625,长安汽车,,,4.28,,,20453.68,1.46,,04-29
000626,远大控股,,,1.47,,,1329.36,26.93,,04-21
000627,天茂集团,,,1.11,,,300.95,-25.92,,04-26
000628,高新发展,,,1.97,,,443.03,20.4,,04-20
000629,*ST钒钛,,,4.76,2.48,,20232.39,-33.18,,04-20
000630,铜陵有色,,,4.38,,,14566.4,7.46,,04-21
000631,顺发恒业,,,-0.53,,,-1042.55,-33.2,,04-28
000632,三木集团,,,1.39,,,618.84,34.74,,04-29
000633,*ST合金,,,-0.48,,,-639.46,-59.69,,04-29
000635,英力特,,,1.61,,,861.24,-18.43,,04-19
000636,风华高科,,,3.95,,,850.77,1019.65,,04-18
000637,茂化实华,,,1.29,,,821.31,-137.18,,04-28
000638,万方发展,,,-2.49,,,-448.42,-2374.01,,04-29
000639,西王食品,,,1.64,,,150.41,25.71,,04-22
000650,仁和药业,,,0.13,,,-2036.11,232.04,,04-29
000651,格力电器,,,5.28,,,11209.99,18.27,,04-26
000652,泰达股份,,,1.56,,,1714.41,-11.07,,04-25
000655,金岭矿业,,,0.85,,,-573.24,-73.39,,04-29
000656,金科股份,,,1.84,,,-201.77,178.67,,04-29
000657,中钨高新,,,3.53,,,-474.44,-350.85,,04-26
000659,珠海中富,,,2.74,,,3046.17,3.33,,04-25
000661,长春高新,,,2.24,,,-104.44,-425.18,,04-25
000662,天夏智慧,,,2.16,,,1318.34,-27.07,,04-19
000663,永安林业,,,1.99,0.4,,134.6,-12.82,,04-25
000665,湖北广电,,,0.36,,,-410.09,-632.62,,04-29
000666,经纬纺机,,,4.46,,,3759.38,13.14,,04-26
000667,美好置业,,,2.09,,,2415.48,-15.47,,04-18
000668,荣丰控股,,,2.74,,,722.11,-50.53,,04-29
000669,金鸿能源,,,1.51,,,55.25,896.8,,04-22
000670,盈方微,,,1.17,,,-2995.56,10.07,,04-26
000671,阳光城,,,2.41,,,411.25,249.89,,04-22
000672,上峰水泥,,,0.33,,,-340.92,50.21,,04-28
000673,当代东方,,,0.92,,,-797.57,-4398.63,,04-20
000676,智度股份,,,1.39,,,214.72,39.02,,04-20
000677,恒天海龙,,,1.92,,,899.86,-37.98,,04-21
000678,襄阳轴承,,,2.59,,,520.55,-12.41,,04-26
000679,大连友谊,,,2.62,,,1042.55,2.98,,04-19
000680,山推股份,,,2.72,,,5685.74,410.5,,04-20
000681,视觉中国,,,1.61,,,-147.63,-3513.83,,04-24
000682,东方电子,,,1.39,,,214.6,26.38,,04-20
000683,远兴能源,,,0.66,,,519.13,79.04,,04-25
000685,中山公用,,,1.48,,,153.18,-30.71,,04-15
000686,东北证券,,,2.92,,,399.25,-14.63,,04-13
000687,华讯方舟,,,2.47,,,-1750.17,19.48,,04-28
000688,建新矿业,,,-2.44,,,-2235.57,-32.1,,05-26
000690,宝新能源,,,2.08,,,5486.58,356.48,,04-11
000691,ST亚太,,,1.73,,,-239.8,-70.84,,04-22
000692,惠天热电,,,3.43,,,-3324.69,-11.66,,04-20
000693,ST华泽,,,1.03,,,-3092.71,30.71,,04-29
000695,滨海能源,,,1.63,,,2501.9,148.11,,04-19
000697,炼石有色,,,2.59,,,26.18,13.0,,04-20
000698,沈阳化工,,,3.19,,,2709.92,282.44,,04-26
000700,模塑科技,,,2.84,,,1329.68,45.5,,04-22
000701,厦门信达,,,2.56,,,640.55,-10.36,,04-22
000702,正虹科技,,,1.77,,,245.01,-65.86,,04-26
000703,恒逸石化,,,1.75,,,49.24,-32.9,,04-20
000705,浙江震元,,,3.65,,,207.63,58.1,,04-15
000707,双环科技,,,3.38,,,-3823.41,-437.67,,04-28
000708,大冶特钢,,,2.29,,,4674.53,3530.91,,04-22
000709,河钢股份,,,3.77,,,11235.21,-68.33,,04-19
000710,*ST天仪,,,0.65,,,15.07,-11.68,,04-15
000711,京蓝科技,,,3.24,,,121.82,-0.41,,04-29
000712,锦龙股份,,,2.85,,,167.75,-50.59,,04-28
000713,丰乐种业,,,1.99,,,1269.52,11.26,,04-19
000715,中兴商业,,,3.46,,,2521.64,-9.16,,04-15
000716,黑芝麻,,,1.13,,,233.96,-126.94,,04-28
000717,韶钢松山,,,3.73,,,3057.82,-85.48,,04-13
000718,苏宁环球,,,0.99,,,-380.39,-94.61,,04-28
000719,大地传媒,,,1.22,,,-998.71,-2877.3,,04-28
000720,新能泰山,,,1.57,,,707.67,270.49,,04-24
000721,西安饮食,,,1.96,,,387.69,8.53,,04-25
000722,湖南发展,,,3.99,,,107.54,-72.2,,04-24
000723,美锦能源,,,1.98,,,150.06,-47.22,,04-18
000725,京东方A,,,1.31,,,-49068.46,8.86,,04-28
000726,鲁泰A,,,4.31,,,8288.06,3.54,,04-26
000727,华东科技,,,2.69,,-0.01,1820.66,-331.11,,04-25
000728,国元证券,,,2.28,,,-7890.52,462.73,,04-29
000729,燕京啤酒,,,4.47,,,1430.61,5.51,,04-29
000731,四川美丰,,,4.75,,,4205.53,-20.55,,04-29
000732,泰禾集团,,,-3.81,,,-660.76,-265.01,,06-12
000733,振华科技,,,5.21,,,722.8,7.99,,04-20
000735,罗牛山,,,2.05,,,234.06,8.68,,04-22
000736,中房地产,,,-10.44,,,-840.22,22.68,,04-28
000737,南风化工,,,3.13,,,375.24,69.51,,04-28
000738,中航动控,,,1.04,,,133.2,-121.39,,04-27
000739,普洛药业,,,2.56,,,833.24,32.79,,04-22
000750,国海证券,,,1.68,,,-454.1,79.62,,04-25
000751,锌业股份,,,3.18,,,4183.9,55.14,,04-18
000752,西藏发展,,,2.74,,,405.56,-46.5,,04-29
000753,漳州发展,,,1.9,,,441.44,-18.77,,04-26
000755,*ST三维,,,3.9,,,1721.73,-15.56,,04-21
000756,新华制药,,,2.96,,,972.74,8.69,,04-24
000757,浩物股份,,,0.13,,,-355.08,-89.75,,04-27
000758,中色股份,,,2.12,,,1750.58,44.25,,04-22
000759,中百集团,,,4.14,,,2420.39,78.45,,04-24
000760,斯太尔,,,1.64,,,436.61,252.73,,04-19
000761,本钢板材,,,4.76,,,10245.29,-47.41,,04-25
000762,西藏矿业,,,1.9,,,178.19,-46.74,,04-25
000766,通化金马,,,0.11,,,312.62,-217.64,,04-19
000767,漳泽电力,,,2.21,,,8113.11,58.93,,04-14
000768,中航飞机,,,3.19,,,1882.04,37.4,,04-25
000776,广发证券,,,1.23,,,391.41,73.18,,04-12
000777,中核科技,,,1.73,,,242.99,634.36,,04-19
000778,新兴铸管,,,5.56,3.67,,12432.31,-33.15,,04-20
000779,三毛派神,,,1.71,,,179.0,488.89,,04-25
000780,平庄能源,,,3.65,,,-8505.93,-1078.89,,04-15
000782,美达股份,,,2.69,,,678.22,48.72,,04-14
000783,长江证券,,,0.47,,,-35544.59,284.94,,04-29
000785,武汉中商,,,1.89,,,1370.16,134.59,,04-26
000786,北新建材,,,2.59,,,1904.54,22.44,,04-22
000788,北大医药,,,1.15,,,123.39,-12.51,,04-22
000789,万年青,,,1.64,,,149.2,-104.9,,04-25
000790,泰合健康,,,3.06,,,-89.07,-278.34,,04-21
000791,甘肃电投,,,1.1,,,-573.23,140.52,,04-18
000792,盐湖股份,,,2.25,,,7628.04,38.58,,04-19
000793,华闻传媒,,,1.45,,,1866.14,0.37,,04-26
000795,英洛华,,,2.79,,,20.68,-68.78,,04-22
000796,凯撒旅游,,,2.01,,,183.39,-44.7,,04-19
000797,中国武夷,,,2.44,,,317.22,-71.87,,04-25
000798,中水渔业,,,3.08,,,50.02,31.91,,04-18
000799,酒鬼酒,,,2.59,,,-1983.07,-677.87,,04-25
000800,一汽轿车,,,3.39,,,10445.37,375.03,,04-28
000801,四川九洲,,,0.74,,,24.85,-120.96,,04-22
000802,北京文化,,,2.2,,,310.36,17.02,,04-15
000803,*ST金宇,,,1.13,,,-271.23,-597.16,,04-25
000806,银河生物,,,2.32,,,455.82,-80.69,,04-29
000807,云铝股份,,,3.08,,,3715.09,52.92,,04-15
000809,铁岭新城,,,1.18,,,114.67,-33.36,,04-19
000810,创维数字,,,1.81,,,856.29,183.95,,04-14
000811,烟台冰轮,,,2.43,,,504.73,-25.63,,04-13
000812,陕西金叶,,,2.1,,,284.99,-34.93,,04-22
000813,德展健康,,,0.86,,,279.45,18.55,,04-28
000815,美利云,,,5.05,,,1140.8,-17.43,,04-20
000816,智慧农业,,,3.35,,,925.99,4.51,,04-20
000818,方大化工,,,3.5,,,991.81,12.26,,04-25
000819,岳阳兴长,,,2.29,,,513.32,-39.45,,04-29
000820,神雾节能,,,2.36,,,598.69,-463.26,,04-29
000821,京山轻机,,,3.28,,,788.51,-9.77,,04-20
000822,山东海化,,,3.67,,,9191.9,14.72,,04-22
000823,超声电子,,,2.5,,,2023.97,560.98,,04-15
000825,太钢不锈,,,4.3,,,14285.54,-49.79,,04-28
000826,启迪桑德,,,1.68,,,743.98,39.87,,04-25
000828,东莞控股,,,2.49,,,4469.83,-16.23,,04-15
000829,天音控股,,,1.84,,,2066.4,26.77,,04-26
000830,鲁西化工,,,3.47,,,4736.29,40.12,,04-15
000831,*ST五稀,,,2.93,,,727.62,-25.51,,04-25
000833,贵糖股份,,,2.48,,,426.1,-10.18,,04-15
000835,长城动漫,,,1.91,,,157.1,1.28,,04-26
000836,鑫茂科技,,,1.47,,,447.57,-148.94,,04-19
000837,秦川机床,,,2.8,,,751.25,3.74,,04-19
000838,财信发展,,,1.36,,,28.48,-91.14,,04-21
000839,中信国安,,,4.77,,,5128.49,0.48,,04-29
000848,承德露露,,,2.4,,,2633.1,25.46,,04-28
000850,华茂股份,,,1.65,,,1503.5,-12.54,,04-19
000851,高鸿股份,,,1.06,,,-372.88,-21.03,,04-19
000852,石化机械,,,2.71,,,3123.42,-1.4,,04-29
000856,冀东装备,,,2.15,,,-318.14,-39.51,,04-20
000858,五粮液,,,2.92,,,54609.5,32.27,,04-21
000859,国风塑业,,,2.41,,,127.93,71.55,,04-25
000860,顺鑫农业,,,3.74,,,2910.86,14.15,,04-22
000861,海印股份,,,2.06,,,330.24,37.28,,04-20
000862,银星能源,,,0.69,,,175.27,66.05,,04-29
000863,三湘印象,,,-2.38,,,-1882.87,-0.85,,04-29
000868,安凯客车,,,2.98,,,76.09,-75.94,,04-18
000869,张裕A,,,4.93,,,14981.58,37.98,,04-15
000875,吉电股份,,,3.61,,,1963.07,39.9,,04-24
000876,新希望,,,5.78,,,4724.29,-1.97,,04-28
000877,天山股份,,,2.4,,,-3735.82,-33.49,,04-21
000878,云南铜业,,,3.33,,,14462.71,157.08,,04-26
000880,潍柴重机,,,-0.11,,,-1203.82,-38.83,,04-28
000881,中广核技,,,2.47,,,904.62,6.82,,04-19
000882,华联股份,,,1.95,,,888.4,7591.77,,04-29
000883,湖北能源,,,3.12,,,380.57,-18.13,,04-22
000885,同力水泥,,,0.23,,,-744.39,8.63,,04-28
000886,海南高速,,,2.24,,,605.57,115.53,,04-25
000887,中鼎股份,,,1.06,,,-298.37,-76.01,,04-25
000888,峨眉山A,,,2.32,,,-575.15,10.07,,04-15
000889,茂业通信,,,2.31,,,62.89,-87.48,,04-15
000890,法尔胜,,,3.29,,,574.99,11.91,,04-24
000892,欢瑞世纪,,,0.55,,,-2292.93,-50.71,,04-29
000893,东凌国际,,,1.81,,,1191.5,843.62,,04-26
000895,双汇发展,,,3.23,,,11058.02,30.75,,04-26
000897,津滨发展,,,1.16,,,480.43,20.1,,04-19
000898,鞍钢股份,,,4.24,,,109963.4,82.09,,04-22
000899,赣能股份,,,2.76,,,1794.71,14.59,,04-25
000900,现代投资,,,6.81,,,7457.15,26.88,,04-21
000901,航天科技,,,1.69,,,-346.61,-709.87,,04-28
000902,新洋丰,,,1.57,,,-692.63,-1767.22,,04-24
000903,云内动力,,,4.72,,,1889.31,18.92,,04-15
000905,厦门港务,,,4.19,,,2504.01,-24.44,,04-18
000906,浙商中拓,,,1.74,,,100.03,-48.06,,04-22
000908,景峰医药,,,1.18,,,122.83,199.92,,04-27
000909,数源科技,,,2.78,,,39.56,-15.87,,04-19
000910,大亚圣象,,,4.52,,,1330.29,7.27,,04-28
000911,南宁糖业,,,4.24,,,17156.15,3271.43,,04-26
000912,泸天化,,,3.5,,,11697.42,44.69,,04-15
000913,*ST钱江,,,2.53,,,2426.13,-7.88,,04-21
000915,山大华特,,,1.79,,,-188.2,-23.8,,04-15
000916,华北高速,,,2.9,,,4742.64,1.68,,04-18
000917,电广传媒,,,7.08,,,135.07,-66.79,,04-29
000918,嘉凯城,,,0.18,,,1054.21,106.98,,04-21
000919,金陵药业,,,4.37,,,3404.97,44.04,,04-25
000920,南方汇通,,,1.72,,,-2112.92,70.57,,04-22
000921,海信科龙,,,-1.18,,,-8252.35,-236.42,,08-29
000922,*ST佳电,,,0.83,,,-1730.52,336.78,,04-19
000923,河北宣工,,,2.2,,,-933.5,6.86,,04-25
000925,众合科技,,,-2.93,,,853.64,619.25,,04-28
000926,福星股份,,,5.56,,,3077.16,-40.25,,04-20
000927,一汽夏利,,,1.91,,,8915.13,-378.07,,04-29
000928,中钢国际,,,2.08,,,43.03,15.74,,04-25
000929,兰州黄河,,,2.13,,,95.93,44.9,,04-20
000930,中粮生化,,,2.41,,,2803.01,9.44,,04-25
000931,中关村,,,0.69,,,-3060.07,-670.28,,04-24
000932,华菱钢铁,,,4.12,,,6257.15,-80.61,,04-28
000933,*ST神火,,,3.24,,,7453.2,-32.87,,04-19
000935,四川双马,,,1.55,,,-111.0,-121.63,,04-28
000936,华西股份,,,2.38,,,763.9,-22.78,,04-21
000937,冀中能源,,,3.68,,,12032.77,-37.46,,04-25
000938,紫光股份,,,3.14,0.61,,395.19,43.44,,04-15
000939,凯迪生态,,,2.88,,,2164.4,0.7,,04-25
000948,南天信息,,,3.52,,,-519.05,11.75,,04-28
000949,新乡化纤,,,2.62,,,578.66,-43.35,,04-21
000950,*ST建峰,,,1.27,,,2533.91,-763.4,,04-21
000951,中国重汽,,,2.26,,,3248.88,-19.66,,04-19
000952,广济药业,,,3.12,,,261.83,24.12,,04-20
000953,*ST河化,,,1.23,,,208.92,-77.53,,04-22
000955,欣龙控股,,,1.83,,,59.37,-42.28,,04-21
000957,中通客车,,,1.97,,,141.04,11.27,,04-28
000958,东方能源,,,3.67,,,1264.87,0.52,,04-29
000959,首钢股份,,,2.66,,,9959.45,-64.95,,04-15
000960,锡业股份,,,2.96,,,1574.64,-84.16,,04-26
000961,中南建设,,,3.66,,,227.22,-34.02,,04-21
000962,东方钽业,,,3.18,,,880.6,0.13,,04-21
000963,华东医药,,,1.67,,,3274.66,77.77,,04-26
000965,天保基建,,,2.32,,,-265.1,80.39,,04-27
000966,长源电力,,,2.24,,,828.63,-149.19,,04-26
000967,盈峰环境,,,2.8,,,-49.81,-85.37,,04-22
000968,*ST煤气,,,3.58,,,-3231.94,-162.91,,04-22
000969,安泰科技,,,4.01,,,1362.89,1.1,,04-20
000970,中科三环,,,1.77,,,3011.16,7.51,,04-25
000971,高升控股,,,2.55,,,182.37,-40.52,,04-22
000972,中基健康,,,5.14,,,944.84,-22.46,,04-25
000973,佛塑科技,,,3.49,,,116.41,-91.14,,04-29
000975,银泰资源,,,1.71,,,313.81,-80.96,,04-21
000976,春晖股份,,,2.35,,,521.19,-131.18,,04-26
000977,浪潮信息,,,4.33,,,20.25,-42.72,,04-24
000978,桂林旅游,,,2.38,,,189.53,208.35,,04-19
000979,中弘股份,,,0.21,,,-1090.9,-11.22,,04-29
000980,金马股份,,,2.71,,,206.71,52.0,,04-22
000981,银亿股份,,,3.51,,,133.57,-25.04,,04-29
000982,中银绒业,,,1.41,,,-1415.12,92.92,,04-19
000983,西山煤电,,,4.02,,,25581.8,4.44,,04-18
000985,大庆华科,,,3.63,,,87.47,-90.0,,04-15
000987,越秀金控,,,3.3,,,4047.25,28.05,,04-21
000988,华工科技,,,2.39,,,1018.86,1.38,,04-20
000989,九芝堂,,,4.18,,,676.03,-52.93,,04-07
000990,诚志股份,,,4.73,,,449.85,-25.49,,04-21
000993,闽东电力,,,4.06,,,235.11,0.36,,04-18
000995,*ST皇台,,,2.25,,,136.02,-20.05,,04-26
000996,中国中期,,,3.2,,,232.11,13.7,,04-19
000997,新大陆,,,2.43,,,1324.94,-18.42,,04-21
000998,隆平高科,,,5.41,,,955.98,39.47,,04-22
000999,华润三九,,,2.32,,,3525.53,-29.75,,04-29
001696,宗申动力,,,1.99,,,2221.22,18.06,,04-18
001896,豫能控股,,,1.92,,,131.24,-102.23,,04-22
002001,新和成,,,4.51,,,1538.13,-1.92,,04-25
002002,鸿达兴业,,,3.46,,,323.17,-18.04,,04-29
002003,伟星股份,,,3.48,,,504.52,33.89,,04-29
002004,华邦健康,,,3.04,,,744.68,20.61,,04-26
002005,德豪润达,,,6.21,,,257.93,-114.66,,04-28
002006,精功科技,,,4.32,,,252.32,-41.91,,04-27
002007,华兰生物,,,5.39,,,1555.78,110.96,,04-18
002008,大族激光,,,2.86,,,862.52,55.97,,04-28
002009,天奇股份,,,5.14,,,430.66,38.2,,04-28
002010,传化智联,,,3.66,,,1223.15,22.26,,04-29
002011,盾安环境,,,5.58,,,180.75,15.42,,04-27
002012,凯恩股份,,,1.79,,,232.68,-82.96,,04-25
002013,中航机电,,,3.26,,,240.09,152.42,,04-28
002014,永新股份,,,3.53,,,1088.79,24.52,,04-19
002015,霞客环保,,,5.14,,,707.26,30.86,,04-28
002016,世荣兆业,,,3.78,,,52.18,-46.66,,04-20
002017,东信和平,,,4.41,,,261.98,-78.04,,04-26
002018,华信国际,,,4.24,,,303.13,45.55,,04-21
002019,亿帆医药,,,4.75,,,402.49,-42.87,,04-20
002020,京新药业,,,4.23,,,356.74,1.82,,04-21
002021,中捷资源,,,3.3,,,2269.42,46.04,,04-18
002022,科华生物,,,4.32,,,1532.82,33.25,,04-20
002023,海特高新,,,3.76,,,544.22,16.85,,04-27
002024,苏宁云商,,,3.59,,,3476.25,121.03,,04-29
002025,航天电器,,,4.36,,,3141.87,103.62,,04-28
002026,山东威达,,,4.87,,,514.89,-25.67,,04-25
002027,分众传媒,,,2.81,,,2904.42,14.81,,04-27
002028,思源电气,,,4.26,,,1171.96,28.44,,04-28
002029,七匹狼,,,3.06,,,1607.66,23.77,,04-25
002030,达安基因,,,3.28,,,506.35,12.24,,04-27
002031,巨轮智能,,,2.8,,,1118.65,-2.49,,04-25
002032,苏泊尔,,,4.14,,,2310.14,60.14,,04-27
002033,丽江旅游,,,2.77,,,624.11,33.56,,04-21
002034,美欣达,,,5.34,,,213.18,-47.04,,04-26
002035,华帝股份,,,2.9,,,281.44,37.87,,04-28
002036,联创电子,,,3.7,,,421.22,42.36,,04-18
002037,久联发展,,,3.76,,,261.91,19.49,,04-25
002038,双鹭药业,,,4.72,,,904.17,41.2,,04-18
002039,黔源电力,,,3.87,,,-3354.91,-4.55,,04-25
002040,南京港,,,3.27,,,1517.86,-18.18,,04-18
002041,登海种业,,,8.03,,,4207.18,-22.64,,04-29
002042,华孚色纺,,,2.73,,,-484.39,-212.48,,04-20
002043,兔宝宝,,,2.97,,,347.85,,,04-21
002044,美年健康,,,2.17,,,371.06,,,04-28
002045,国光电器,,,5.97,,,1100.9,,,04-28
002046,轴研科技,,,4.32,,,661.01,,,04-26
002047,宝鹰股份,,,3.36,,,2187.04,,,04-29
002048,宁波华翔,,,3.67,,,1731.69,,,04-22
002049,紫光国芯,,,2.68,,,293.97,,,04-26
002050,三花智控,,,3.53,,,1207.15,,,04-25
002059,云南旅游,,,2.12,0.42,0.04,141.7,,,07-11
002081,金螳螂,,,2.37,9.93,-1.2,1570.54,,,10-25
002103,广博股份,0.16,,,,,1142.38,,,04-21
002104,恒宝股份,0.07,,,,,619.37,,,04-18
002105,信隆健康,0.06,,,,,1161.55,,,04-24
002106,莱宝高科,0.35,,,,,4212.67,,,04-21
002107,沃华医药,0.17,,,,,877.88,,,04-20
002108,沧州明珠,0.03,,,,,127.27,,,04-20
002109,兴化股份,0.19,,,,,2298.17,,,04-13
002110,三钢闽光,0.1,,,,,4386.9,,,04-25
002111,威海广泰,0.18,,,,,760.33,,,04-18
002112,三变科技,0.09,,,,,559.38,,,04-23
002113,天润数娱,0.08,,,,,401.13,,,04-19
002114,罗平锌电,0.19,,,,,1420.51,,,04-28
002115,三维通信,0.14,,,,,808.89,,,04-26
002116,中国海诚,0.09,,,,,778.26,,,04-27
002117,东港股份,0.14,,,,,1138.79,,,04-24
002118,紫鑫药业,0.04,,,,,225.25,,,04-24
002119,康强电子,0.08,,,,,555.14,,,04-21
002120,韵达股份,0.08,,,,,398.57,,,04-17
002121,科陆电子,-0.07,,,,,-307.39,,,04-18
002122,天马股份,0.33,,,,,3374.86,,,04-24
002123,梦网荣信,0.08,,,,,375.48,,,04-14
002124,天邦股份,-0.15,,,,,-773.48,,,04-24
002125,湘潭电化,0.04,,,,,184.61,,,04-28
002126,银轮股份,0.03,,,,,219.94,,,04-27
002127,南极电商,0.12,,,,0.32,466.19,,,04-17
002128,露天煤业,0.2,,,,0.04,11422.6,,,04-17
002129,中环股份,0.07,,,,,1755.87,,,04-27
002130,沃尔核材,0.16,,,,,636.04,,,04-27
002131,利欧股份,0.19,,,,0.51,1046.56,,,04-26
002132,恒星科技,0.02,,,,-0.27,312.16,,,04-26
002133,广宇集团,0.26,,,,-0.48,4827.97,,,04-26
002134,天津普林,0.07,,,,0.13,1078.6,,,05-15
002135,东南网架,0.12,,,,-0.44,1764.43,,,05-29
002136,安纳达,0.08,,,,,485.68,,,05-29
002137,麦达数字,0.09,,,,0.02,941.93,,,06-12
002138,顺络电子,0.14,,,,0.2,982.81,,,06-12
002139,拓邦股份,-0.06,,,,0.24,-234.98,,,06-28
002736,国信证券,,,,,,12249.0,-463.15,,03-31
600000,浦发银行,,,4.01,,,66266.88,28.98,,04-29
600004,白云机场,,,4.06,,,7176.41,14.76,,04-25
600006,东风汽车,,,2.32,,,9982.57,-31.81,,04-20
600007,中国国贸,,,3.24,,,6036.2,4.55,,04-29
600008,首创股份,,,2.13,,,8016.9,-6.11,,04-27
600009,上海机场,,,4.91,,,34978.93,6.84,,04-29
600010,包钢股份,,,2.22,,,8692.76,-66.83,,04-26
600011,华能国际,,,3.33,,,109361.18,38.66,,04-26
600012,皖通高速,,,2.9,,,17469.95,26.79,,04-24
600015,华夏银行,,,2.58,,,37523.82,20.24,,04-21
600016,民生银行,,,2.19,,,75396.4,24.44,,04-27
600018,上港集团,,,1.06,,0.04,57514.88,,,09-22
600019,宝钢股份,,,4.33,,,137188.69,-55.36,,04-29
600020,中原高速,,,4.13,,,15122.63,-8.89,,04-25
600021,上海电力,,,4.07,,,10310.33,101.87,,04-19
600022,山东钢铁,,,4.32,,,6958.09,-80.91,,04-28
600026,中远海能,,,3.44,,,73121.68,-11.86,,04-24
600027,华电国际,,,2.12,,,25765.5,11.0,,04-26
600028,中国石化,,,2.59,,,913000.0,1.4,,04-28
600029,南方航空,,,2.12,,,-66500.0,133.33,,04-28
600030,中信证券,,,2.31,1.66,,9426.97,1039.81,,04-27
600031,三一重工,,,4.45,,,5685.64,10.04,,04-26
600033,福建高速,,,3.4,,,13201.9,20.15,,04-27
600035,楚天高速,,,2.36,,,5971.39,149.85,,04-25
600036,招商银行,0.12,-22.08,2.64,,,143200.0,35.76,,04-27
600037,歌华有线,,,5.22,,,4847.56,22.87,,04-18
600038,中直股份,,,3.44,,,20.08,-102.47,,04-25
600039,四川路桥,,,3.07,,,112.75,-109.31,,04-29
600050,中国联通,,,2.28,,,81969.13,37.77,,04-28
600051,宁波联合,,,2.58,,,730.7,45.58,,04-25
600052,浙江广厦,,,2.86,,,-3452.13,19.19,,04-29
600053,九鼎投资,,,-0.63,,,130.17,-88.69,,04-26
600054,黄山旅游,,,2.35,,,-474.47,-62.6,,04-28
600055,万东医疗,,,2.95,,,324.06,12.05,,04-28
600056,中国医药,,,3.35,,,1467.83,0.54,,04-27
600057,象屿股份,,,1.44,,,520.29,56.22,,04-29
600058,五矿发展,,,3.76,,,13408.31,-42.28,,04-26
600059,古越龙山,,,5.11,,,1094.5,-30.24,,04-25
600060,海信电器,,,5.14,,,3490.46,35.95,,04-25
600061,国投安信,,,1.33,,,149.47,-118.96,,04-22
600062,华润双鹤,,,4.02,,,4554.78,36.15,,04-28
600063,皖维高新,,,2.64,,,1251.61,46.58,,04-18
600064,南京高科,,,4.03,,,1937.84,24.56,,04-22
600066,宇通客车,,,4.93,,,3449.66,23.77,,04-11
600067,冠城大通,,,1.7,,,2861.35,0.18,,04-27
600068,葛洲坝,,,4.93,,,577.88,7.01,,04-28
600069,银鸽投资,,,1.65,,,2899.58,144.52,,04-18
600070,浙江富润,,,3.87,,,386.03,-7.52,,04-26
600071,凤凰光学,,,2.17,,,704.61,63.31,,04-20
600072,中船科技,,,2.81,,,302.28,40.7,,04-26
600073,上海梅林,,,2.52,,,87.79,95.98,,04-22
600074,保千里,,,3.4,,,1868.11,9.26,,04-28
600075,新疆天业,,,6.05,,,3677.26,30.14,,04-29
600076,康欣新材,,,1.07,,,-1826.4,-21.43,,04-20
600077,宋都股份,,,2.44,,,472.71,614.15,,04-26
600078,澄星股份,,,2.72,,,1012.14,-45.53,,04-27
600079,人福医药,,,2.89,,,704.3,16.4,,04-21
600080,金花股份,,,3.34,,,-566.21,-2016.39,,04-27
600081,东风科技,,,1.19,,,-1608.69,-340.07,,04-27
600082,海泰发展,,,1.83,,,400.82,-47.11,,04-28
600083,博信股份,,,-0.17,,,-1054.5,208.55,,04-22
600084,中葡股份,,,0.63,,,-5618.24,-1185.22,,04-29
600085,同仁堂,,,5.58,,,7134.84,-9.72,,04-26
600086,东方金钰,,,0.91,,,325.25,1341.8,,04-28
600088,中视传媒,,,3.19,,,556.03,581.97,,04-29
600089,特变电工,,,4.25,,,7301.99,218.9,,04-28
600090,同济堂,,,0.53,,,-1230.09,212.98,,04-29
600091,ST明科,,,5.67,,,122.8,-92.65,,04-27
600093,禾嘉股份,,,1.26,,,59.02,-38.07,,04-29
600094,大名城,,,2.61,,,-6759.09,-624.99,,04-29
600095,哈高科,,,2.39,,,156.54,-120.07,,04-25
600096,云天化,,,5.4,,,17238.71,7.42,,04-20
600097,开创国际,,,1.54,,,588.33,274.44,,04-25
600098,广州发展,,,3.81,,,13005.78,16.42,,04-28
600099,林海股份,,,2.11,,,191.47,108.72,,04-15
600100,同方股份,,,5.33,,,1541.46,34.7,,04-25
600101,明星电力,,,3.51,,,1716.93,37.2,,04-29
600103,青山纸业,,,2.27,,,821.09,59.03,,04-29
600104,上汽集团,,,3.64,,,22290.19,47.03,,04-27
600105,永鼎股份,,,3.63,,,838.28,-21.87,,04-26
600106,重庆路桥,,,3.68,,,1531.08,-35.13,,04-24
600107,美尔雅,,,1.05,,,99.99,-12.38,,04-28
600108,亚盛集团,,,1.71,,,651.84,-42.66,,04-28
600109,国金证券,,,2.84,,,-304.86,-7749.04,,04-27
600110,诺德股份,,,2.23,,,997.54,5.04,,04-25
600111,北方稀土,,,2.84,,,328.55,47.51,,04-25
600112,天成控股,,,1.68,,,450.9,40.02,,04-27
600113,浙江东日,,,3.23,,,398.06,-2.22,,04-25
600114,东睦股份,,,3.05,,,205.34,-68.82,,04-22
600115,东方航空,,,1.0,,,-95511.74,-1993.94,,04-26
600116,三峡水利,,,2.38,,,-828.4,-51.96,,04-29
600117,西宁特钢,,,2.92,,,2723.02,23.5,,04-22
600118,中国卫星,,,1.5,,,1206.66,-377.98,,04-12
600119,长江投资,,,1.76,,,47.86,39.98,,04-29
600120,浙江东方,,,1.98,,,1740.57,30.89,,04-24
600121,郑州煤电,,,1.98,,,5065.68,16.41,,04-20
600122,宏图高科,,,3.23,,,102.62,94.56,,04-26
600123,兰花科创,,,4.77,,,13879.65,31.09,,04-25
600125,铁龙物流,,,2.34,,,3149.74,36.87,,04-18
600126,杭钢股份,,,4.96,,,1669.88,-85.37,,04-20
600127,金健米业,,,2.21,,,136.16,-20.09,,04-15
600128,弘业股份,,,3.04,,,430.84,-13.97,,04-26
600129,太极集团,,,4.65,,,1680.07,1.07,,04-29
600130,波导股份,,,3.56,,,2300.05,-13.87,,04-25
600131,岷江水电,,,1.46,,,489.54,-66.4,,04-25
600132,重庆啤酒,,,2.77,,,1343.06,62.99,,04-22
600133,东湖高新,,,2.8,,,325.19,-45.77,,04-22
600135,乐凯胶片,,,2.66,,,309.71,-40.27,,04-22
600136,当代明诚,,,-0.3,,,-819.06,-6.61,,04-29
600137,浪莎股份,,,-9.67,,,-433.31,0.99,,04-22
600138,中青旅,,,4.73,,,1167.95,242.87,,04-21
600139,西部资源,,,0.7,,,-268.53,203.58,,04-29
600141,兴发集团,,,3.29,,,428.04,22.78,,04-22
600143,金发科技,,,4.36,,,4659.29,32.26,,04-20
600145,*ST新亿,,,1.49,,,41.87,-86.49,,04-29
600146,商赢环球,,,1.65,,,82.11,-32.57,,04-27
600148,长春一东,,,1.99,,,161.37,292.64,,04-22
600149,廊坊发展,,,1.89,,,-137.22,-192.13,,04-27
600150,中国船舶,,,3.21,,,5874.88,147.09,,04-27
600151,航天机电,,,2.72,,,1981.59,539.54,,04-26
600152,维科精华,,,2.47,,,1012.02,-29.66,,04-26
600153,建发股份,,,4.35,,,7750.73,38.67,,04-29
600155,宝硕股份,,,2.33,,,1181.07,-41.34,,04-29
600156,华升股份,,,1.44,,,416.72,41.78,,04-29
600157,永泰能源,,,2.0,,,600.51,-41.74,,04-22
600158,中体产业,,,3.31,,,-845.23,-3.33,,04-29
600159,大龙地产,,,0.94,,,304.52,-158.4,,04-24
600160,巨化股份,,,2.97,,,4177.6,13.02,,04-21
600161,天坛生物,,,2.13,,,2628.26,39.74,,04-26
600162,香江控股,,,2.17,,,-492.96,-132.92,,04-27
600163,中闽能源,,,3.74,,,131.33,-4.98,,04-25
600165,新日恒力,,,2.53,,,-985.07,214.41,,04-25
600166,福田汽车,,,2.95,,,-10248.39,-393.77,,04-29
600167,联美控股,,,2.33,,,454.25,-3.08,,04-27
600168,武汉控股,,,3.15,,,433.85,263.3,,04-26
600169,太原重工,,,2.32,,,1645.06,211.95,,04-28
600170,上海建工,,,4.54,,,4188.97,14.29,,04-26
600171,上海贝岭,,,2.89,,,842.27,-46.78,,04-29
600172,黄河旋风,,,3.46,,,1609.2,7.29,,04-26
600173,卧龙地产,,,1.68,,,-3264.43,47.36,,04-24
600175,美都能源,,,3.78,,,391.12,15.96,,04-29
600176,中国巨石,,,1.78,,,2018.43,-42.47,,04-27
600177,雅戈尔,,,2.53,,,23895.84,5.95,,04-28
600178,东安动力,,,3.53,,,1744.91,44.7,,04-25
600179,安通控股,,,2.65,,,352.52,0.65,,04-29
600180,瑞茂通,,,3.87,,,1253.22,-37.94,,04-26
600182,S佳通,,,1.05,,,42.77,-96.71,,04-28
600183,生益科技,,,2.28,,,9793.7,640.01,,04-26
600184,光电股份,,,3.98,,,62.93,262.28,,04-21
600185,格力地产,,,2.12,,,266.39,-3.65,,04-28
600186,莲花健康,,,2.21,,,407.12,238.63,,04-28
600187,国中水务,,,-1.94,,,-3462.12,90.69,,04-28
600188,兖州煤业,,,3.61,,,58249.42,-26.52,,04-24
600189,吉林森工,,,4.38,,,1416.8,-27.99,,04-29
600190,锦州港,,,1.37,,,3781.99,-8.72,,04-25
600191,华资实业,,,4.29,,,1555.91,-6.57,,04-25
600192,长城电工,,,3.45,,,493.78,1.54,,04-20
600193,创兴资源,,,1.72,,,29.22,-72.97,,04-28
600195,中牧股份,,,2.39,,,3010.14,14.42,,04-29
600196,复星医药,,,2.95,,,6089.88,2.45,,04-29
600197,伊力特,,,1.79,,,1693.78,21.9,,04-29
600198,大唐电信,,,2.39,,,817.03,-112.49,,04-29
600199,金种子酒,,,1.91,,,462.28,20.49,,04-22
600200,江苏吴中,,,2.16,,,970.97,-25.01,,04-28
600201,生物股份,,,2.67,,,717.45,-27.78,,04-24
600202,哈空调,,,1.99,,,2055.99,24.03,,04-28
600203,福日电子,,,1.97,,,89.78,-98.34,,04-28
600206,有研新材,,,4.51,,,156.4,-124.6,,04-29
600207,安彩高科,,,4.78,,,-7544.87,-240.16,,04-20
600208,新湖中宝,,,1.98,,,159.6,-107.13,,04-22
600209,罗顿发展,,,1.59,,,46.99,-108.78,,04-22
600210,紫江企业,,,1.91,,,3154.5,-28.82,,04-15
600211,西藏药业,,,3.13,,,-144.18,-573.62,,04-11
600212,江泉实业,,,4.13,,,658.9,2.72,,04-22
600213,亚星客车,,,1.54,,,-871.54,-372.03,,04-28
600215,长春经开,,,6.31,,,209.04,40.92,,04-28
600216,浙江医药,,,1.63,,,2405.67,146.78,,04-26
600217,中再资环,,,0.98,,,-4523.13,843.66,,04-25
600218,全柴动力,,,2.95,,,504.78,11.4,,04-26
600219,南山铝业,,,4.37,,,3492.25,11.12,,04-22
600220,江苏阳光,,,2.51,,,3915.86,322.55,,04-25
600221,海南航空,,,3.73,,,1208.63,-11.71,,04-29
600222,太龙药业,,,3.49,,,274.06,-43.39,,04-24
600223,鲁商置业,,,2.54,,,-11899.81,-1073.48,,04-29
600225,*ST松江,,,0.51,,,188.18,207.24,,04-29
600226,升华拜克,,,3.47,,,1617.36,-10.62,,04-19
600227,赤天化,,,6.29,,,3733.7,-12.18,,04-25
600228,*ST昌九,,,1.34,,,309.88,87.3,,04-24
600229,城市传媒,,,3.07,,,848.04,-37.37,,04-24
600230,沧州大化,,,3.31,,,3634.99,-316.7,,04-27
600231,凌钢股份,,,4.68,,,2015.72,-86.87,,04-15
600232,金鹰股份,,,3.9,,,1886.48,-20.22,,04-22
600233,圆通速递,,,2.93,,,898.34,10.7,,04-28
600234,ST山水,,,-7.16,,,-278.03,-89.49,,04-29
600235,民丰特纸,,,3.14,,,854.76,-8.74,,04-27
600236,桂冠电力,,,2.24,,,1579.74,950.63,,04-26
600237,铜峰电子,,,2.84,,,1024.65,-20.69,,04-24
600238,海南椰岛,,,3.05,,,972.44,34.56,,04-29
600239,云南城投,,,1.71,,,-149.82,281.08,,04-29
600240,华业资本,,,3.48,,,314.93,173.17,,04-14
600241,时代万恒,,,4.43,,,341.46,-24.0,,04-26
600242,中昌数据,,,-1.55,,,-560.5,-74.34,,04-29
600243,青海华鼎,,,2.82,,,212.58,6.04,,04-24
600246,万通地产,,,4.38,,,-358.77,-34.0,,04-17
600247,ST成城,,,1.55,,,505.02,33.84,,04-22
600248,延长化建,,,0.78,,,-1144.95,403.08,,04-29
600249,两面针,,,6.74,,,661.38,13.65,,04-25
600250,南纺股份,,,3.05,,,533.78,-38.61,,04-26
600251,冠农股份,,,2.17,,,268.87,-81.46,,04-25
600252,中恒集团,,,1.54,,,146.11,-51.1,,04-28
600255,鑫科材料,,,5.59,,,712.29,108.85,,04-28
600256,广汇能源,,,2.14,,,6103.38,38.97,,04-25
600257,大湖股份,,,2.4,,,671.18,5.51,,04-29
600258,首旅酒店,,,3.65,,,1250.94,2.49,,04-22
600259,广晟有色,,,0.17,,,-2463.69,-35.37,,04-29
600260,凯乐科技,,,3.99,,,2025.74,49.95,,04-25
600261,阳光照明,,,6.06,,,2332.39,27.03,,04-25
600262,北方股份,,,3.73,,,189.22,-18.71,,04-22
600265,ST景谷,,,3.5,,,151.04,15.37,,04-24
600266,北京城建,,,3.27,,,3271.21,-61.6,,04-28
600267,海正药业,,,2.75,,,2732.79,-19.67,,04-25
600268,国电南自,,,4.76,,,621.23,1.03,,04-29
600269,赣粤高速,,,5.07,,,12009.18,46.81,,04-24
600270,外运发展,,,3.12,,,10709.93,5.11,,04-24
600271,航天信息,,,6.38,,,7254.42,53.05,,04-12
600272,开开实业,,,0.56,,,71.19,-72.67,,04-29
600273,嘉化能源,,,2.9,,,421.53,-10.58,,04-18
600275,武昌鱼,,,1.61,,,-1080.13,-186.28,,04-21
600276,恒瑞医药,,,4.49,,,5128.34,28.81,,04-21
600277,亿利洁能,,,4.79,,,442.18,3.99,,04-26
600278,东方创业,,,3.12,,,732.41,-3.89,,04-26
600279,重庆港九,,,3.37,,,1220.98,107.65,,04-29
600280,中央商场,,,4.55,,,1539.04,-12.62,,04-28
600281,太化股份,,,3.25,,,347.33,-80.2,,04-24
600282,南钢股份,,,3.83,,,3297.15,-79.11,,04-22
600283,钱江水利,,,3.18,,,239.2,24.49,,04-27
600284,浦东建设,,,3.09,,,836.02,26.95,,04-27
600285,羚锐制药,,,4.51,,,141.12,-27.01,,04-20
600287,江苏舜天,,,1.94,,,1545.91,-42.51,,04-29
600288,大恒科技,,,3.92,,,645.44,20.9,,04-27
600289,亿阳信通,,,5.37,,,1301.62,-39.49,,04-29
600290,华仪电气,,,1.09,,,-914.84,35.94,,04-28
600291,西水股份,,,4.22,,,-725.6,-226.35,,04-24
600292,远达环保,,,2.62,,,1780.59,5.34,,04-27
600293,三峡新材,,,2.7,,,-868.95,-397.29,,04-27
600295,鄂尔多斯,,,3.18,,,5994.17,-0.46,,04-28
600297,广汇汽车,,,5.03,,,439.65,-39.61,,04-29
600298,安琪酵母,,,5.0,,,2014.3,16.2,,04-22
600299,安迪苏,,,4.59,,,3508.56,16.71,,04-27
600300,维维股份,,,2.21,,,3173.09,-17.95,,04-25
600301,ST南化,,,3.15,,,192.5,-87.67,,04-19
600302,标准股份,,,3.08,,,4031.58,-2.65,,04-28
600303,曙光股份,,,4.33,,,3234.85,2.47,,04-27
600305,恒顺醋业,,,3.46,,,810.25,51.18,,04-22
600306,*ST商城,,,2.74,,,382.1,-31.39,,04-20
600307,酒钢宏兴,,,5.28,,,5129.65,-76.91,,04-27
600308,华泰股份,,,8.22,,,8072.65,2.09,,04-27
600309,万华化学,,,2.31,,,17805.66,13.67,,04-28
600310,桂东电力,,,4.03,,,468.94,48.55,,04-28
600311,荣华实业,,,4.25,,,676.17,-22.57,,04-26
600312,平高电气,,,3.41,,,1542.85,124.17,,04-20
600313,农发种业,,,2.07,,,88.69,33.32,,04-26
600315,上海家化,,,4.46,,,1321.79,2.32,,04-29
600316,洪都航空,,,4.79,,,317.25,-59.09,,04-25
600317,营口港,,,3.86,,,4111.7,26.35,,04-24
600318,新力金融,,,2.05,,,-665.4,-63.68,,04-18
600319,亚星化学,,,3.4,,,667.72,-46.84,,04-27
600320,振华重工,,,3.2,,,35309.65,128.2,,04-22
600321,国栋建设,,,5.02,,,1084.88,55.94,,04-22
600322,天房发展,,,3.98,,,505.35,61.36,,04-25
600323,瀚蓝环境,,,3.83,,,2235.35,8.1,,04-28
600325,华发股份,,,4.31,,,4866.99,51.24,,04-28
600326,西藏天路,,,2.48,,,553.03,169.36,,04-24
600327,大东方,,,2.99,,,3104.9,24.31,,04-24
600328,兰太实业,,,2.3,,,1143.19,-44.89,,04-26
600329,中新药业,,,4.49,,,2455.42,0.54,,04-28
600330,天通股份,,,2.25,,,1658.46,32.39,,04-26
600331,宏达股份,,,2.53,,,6288.51,13.72,,04-18
600332,白云山,,,3.31,,,6002.4,15.05,,04-28
600333,长春燃气,,,2.69,,,422.34,-89.81,,04-29
600335,国机汽车,,,2.47,,,18.99,10.99,,04-25
600336,澳柯玛,,,3.11,,,-2773.1,-546.74,,04-25
600337,美克家居,,,3.73,,,830.79,-8.62,,04-27
600338,西藏珠峰,,,-0.32,,,-726.77,-26.92,,04-29
600339,*ST油工,,,1.64,,,130.99,-92.01,,04-25
600340,华夏幸福,,,3.46,,,-366.37,-15.16,,04-29
600343,航天动力,,,2.31,,,592.21,47.79,,04-29
600345,长江通信,,,4.73,,,455.55,2.61,,04-29
600346,恒力股份,,,3.08,,,62.96,-44.45,,04-20
600348,阳泉煤业,,,5.82,,,14234.5,26.73,,04-25
600350,山东高速,,,2.21,,,21549.22,22.28,,04-26
600351,亚宝药业,,,2.51,,,521.48,-43.24,,04-27
600352,浙江龙盛,,,1.85,,,3265.83,-10.42,,04-22
600353,旭光股份,,,3.56,,,-185.87,-49.46,,04-29
600354,敦煌种业,,,3.09,,,1036.83,723.38,,04-27
600355,精伦电子,,,2.56,,,9.9,-100.57,,04-24
600356,恒丰纸业,,,5.1,,,1542.42,-33.66,,04-29
600358,国旅联合,,,1.13,,,1149.75,3331.02,,04-20
600359,新农开发,,,3.45,,,1263.9,-14.56,,04-28
600360,华微电子,,,3.25,,,2147.56,15.09,,04-29
600361,华联综超,,,3.28,,,4434.46,39.13,,04-28
600362,江西铜业,,,3.25,,,91385.94,96.27,,04-20
600363,联创光电,,,2.95,,,598.66,38.69,,04-26
600365,通葡股份,,,3.1,,,95.84,-156.49,,04-25
600366,宁波韵升,,,2.43,,,1570.51,25.33,,04-24
600367,红星发展,,,3.31,,,2055.42,-36.18,,04-26
600368,五洲交通,,,3.02,,,1804.28,-1.99,,04-25
600369,西南证券,,,0.93,,,-902.41,-46.81,,04-28
600370,三房巷,,,4.6,,,1440.76,-15.45,,04-27
600371,万向德农,,,1.9,,,787.65,44.54,,04-26
600372,中航电子,,,3.06,,,-1737.74,-1054.15,,04-25
600373,中文传媒,,,2.26,,,135.7,-5.27,,04-21
600375,华菱星马,,,3.61,,,650.47,21.17,,04-25
600376,首开股份,,,4.24,,,-1210.08,-176.16,,04-27
600377,宁沪高速,,,2.95,,,25270.05,38.96,,04-29
600378,天科股份,,,2.07,,,303.57,-28.38,,04-28
600379,宝光股份,,,1.81,,,-266.84,-1578.44,,04-22
600380,健康元,,,3.41,,,5777.5,-17.13,,04-24
600381,青海春天,,,0.77,,,-288.53,-144.43,,04-27
600382,广东明珠,,,3.52,,,411.38,3.38,,04-22
600383,金地集团,,,4.21,,,6256.82,16.06,,04-28
600385,山东金泰,,,-0.77,,,-442.11,13.29,,04-28
600386,北巴传媒,,,2.38,,,-11110.04,-17456.6,,04-26
600387,海越股份,,,3.11,,,518.69,-16.76,,04-28
600388,龙净环保,,,4.48,,,1053.06,74.06,,04-22
600389,江山股份,,,2.91,,,1375.24,-15.72,,04-19
600390,*ST金瑞,,,5.55,,,858.4,-178.46,,04-18
600391,成发科技,,,3.35,,,680.74,38.28,,04-24
600392,盛和资源,,,3.64,,,471.51,-29.45,,04-25
600393,粤泰股份,,,1.71,,,-1149.91,-357.94,,04-24
600395,盘江股份,,,3.69,,,1978.82,-0.54,,04-29
600396,金山股份,,,2.54,,,1383.09,-31.23,,04-25
600397,安源煤业,,,3.35,,,-3494.4,-606.78,,04-22
600398,海澜之家,,,4.69,,,3217.96,-4.79,,04-22
600399,抚顺特钢,,,2.87,,,510.31,6.65,,04-25
600400,红豆股份,,,3.71,,,1507.53,-32.06,,04-24
600401,海润光伏,,,1.51,,,493.98,-33.65,,04-29
600403,*ST大有,,,2.06,,,117.22,-43.83,,04-24
600405,动力源,,,3.35,,,-373.09,-0.98,,04-27
600406,国电南瑞,,,3.46,,,587.22,1.42,,04-18
600408,安泰集团,,,2.46,,,-2333.31,-128.41,,04-29
600409,三友化工,,,2.9,,,2984.35,-44.84,,04-25
600410,华胜天成,,,5.74,,,2398.78,13.84,,04-28
600415,小商品城,,,8.24,,,4966.12,60.55,,04-28
600416,湘电股份,,,3.71,,,1668.33,27.37,,04-20
600418,江淮汽车,,,3.2,,,13759.55,19.11,,04-25
600419,天润乳业,,,2.53,,,124.03,94.11,,04-29
600420,现代制药,,,3.45,,,2014.54,26.37,,04-24
600421,仰帆控股,,,2.88,,,560.29,41.27,,04-26
600422,昆药集团,,,1.66,,,726.6,-60.07,,04-29
600423,柳化股份,,,4.02,,,2173.04,2.35,,04-22
600425,青松建化,,,2.71,,,76.32,228.06,,04-25
600425,*ST青松,,,2.71,,,76.32,228.06,,04-25
600426,华鲁恒升,,,3.87,,,4754.1,2.07,,04-22
600428,中远海特,,,3.41,,,11526.57,-28.92,,04-26
600429,三元股份,,,1.15,,,259.21,-114.11,,04-28
600432,*ST吉恩,,,4.01,,,4120.68,5.77,,04-29
600433,冠豪高新,,,2.57,,,219.09,-29.93,,04-29
600435,北方导航,,,6.12,,,419.45,34.13,,04-29
600436,片仔癀,,,4.28,,,2026.23,14.18,,04-15
600438,通威股份,,,4.11,,,407.22,30.47,,04-26
600439,瑞贝卡,,,4.08,,,2075.02,45.31,,04-19
600444,国机通用,,,3.94,,,198.47,-42.32,,04-24
600446,金证股份,,,3.86,,,298.37,101.71,,04-27
600448,华纺股份,,,2.45,,,693.12,12.18,,04-25
600449,宁夏建材,,,4.81,,,-1631.79,328.8,,04-27
600452,涪陵电力,,,2.97,,,83.9,-11.27,,04-20
600455,博通股份,,,2.92,,,16.91,-67.51,,04-27
600456,宝钛股份,,,4.32,,,8380.01,185.34,,04-21
600458,时代新材,,,2.15,,,341.54,78.98,,04-22
600459,贵研铂业,,,4.53,,,291.82,-8.8,,04-12
600460,士兰微,,,3.08,,,2528.79,399.33,,04-27
600461,洪城水业,,,3.27,,,693.94,-13.91,,04-22
600462,九有股份,,,3.11,,,-5945.71,-1647.02,,04-27
600463,空港股份,,,3.32,,,463.58,-7.12,,04-21
600466,蓝光发展,,,4.64,,,-462.59,-508.9,,04-28
600467,好当家,,,4.08,,,1205.22,22.45,,04-22
600468,百利电气,,,2.26,,,825.24,228.27,,04-26
600469,风神股份,,,3.27,,,1539.09,-46.73,,04-24
600470,六国化工,,,3.52,,,1533.41,5.62,,04-29
600475,华光股份,,,2.43,,,3903.97,40.49,,04-21
600476,湘邮科技,,,3.09,,,380.1,184.81,,04-22
600477,杭萧钢构,,,2.18,,,595.15,-39.26,,04-25
600478,科力远,,,2.46,,,120.04,-141.13,,04-24
600479,千金药业,,,7.02,,,1218.7,14.08,,04-20
600480,凌云股份,,,1.53,,,1142.79,67.74,,04-18
600481,双良节能,,,2.89,,,610.79,-34.64,,04-29
600482,中国动力,,,3.47,,,820.75,-0.83,,04-27
600483,福能股份,,,3.4,,,150.84,50.51,,04-28
600485,信威集团,,,1.88,,,687.97,-173.74,,04-28
600486,扬农化工,,,4.05,,,1401.88,12.96,,04-26
600487,亨通光电,,,5.15,,,645.58,55.94,,04-19
600488,天药股份,,,4.01,,,1410.41,-30.6,,04-28
600489,中金黄金,,,2.95,,,3663.27,131.28,,04-22
600490,鹏欣资源,,,3.72,,,55.93,-117.83,,04-26
600491,龙元建设,,,4.63,,,3658.94,12.32,,04-28
600493,凤竹纺织,,,3.23,,,529.07,-19.62,,04-25
600495,晋西车轴,,,3.77,,,451.13,8.59,,04-18
600496,精工钢构,,,2.95,,,1458.55,2.42,,04-25
600497,驰宏锌锗,,,5.18,,,10733.09,182.0,,04-22
600498,烽火通信,,,5.58,,,651.91,36.17,,04-25
600499,科达洁能,,,4.68,,,1018.29,-16.18,,04-29
600500,中化国际,,,2.54,,,10208.9,-43.84,,04-22
600501,航天晨光,,,1.82,,,492.05,12.64,,04-20
600502,安徽水利,,,3.28,,,871.07,58.01,,04-26
600503,华丽家族,,,0.97,,,39.83,-108.56,,04-20
600505,西昌电力,,,0.2,,,142.65,-83.28,,04-29
600506,香梨股份,,,2.59,,,-451.25,-17.09,,04-26
600507,方大特钢,,,1.75,,,-547.62,-128.29,,04-24
600508,上海能源,,,2.86,,,12722.03,-1.04,,04-27
600509,天富能源,,,2.79,,,402.89,-75.14,,04-28
600510,黑牡丹,,,2.44,,,2630.22,0.02,,04-27
600511,国药股份,,,3.92,,,2372.19,30.05,,04-18
600512,腾达建设,,,3.19,,,1158.8,34.11,,04-26
600513,联环药业,,,4.25,,,202.27,1.48,,04-20
600515,海航基础,,,-0.48,,,-89.34,-74.39,,04-28
600516,方大炭素,,,2.69,,,-1363.6,-539.24,,04-25
600517,置信电气,,,1.45,,,825.14,102.0,,04-22
600518,康美药业,,,5.57,,,1748.12,16.33,,04-28
600519,贵州茅台,,,11.74,,,44959.08,21.79,,04-22
600520,*ST中发,,,2.4,,,103.65,-41.17,,04-27
600521,华海药业,,,3.55,,,3287.63,6.07,,04-20
600522,中天科技,,,2.93,,,621.06,59.0,,04-26
600523,贵航股份,,,2.19,,,139.93,-133.49,,04-25
600525,长园集团,,,4.03,,,1483.81,34.46,,04-27
600526,菲达环保,,,3.34,,,583.95,0.45,,04-28
600527,江南高纤,,,2.06,,,716.52,5.3,,04-29
600528,中铁工业,,,4.46,,,2195.47,18.22,,04-27
600529,山东药玻,,,3.92,,,2158.76,9.84,,04-20
600530,交大昂立,,,4.0,,,771.12,0.37,,04-29
600531,豫光金铅,,,3.2,,,2812.07,24.65,,04-22
600532,宏达矿业,,,3.33,,,347.91,11.87,,04-22
600533,栖霞建设,,,3.13,,,6664.03,89.26,,04-22
600535,天士力,,,4.39,,,2703.46,6.17,,04-25
600536,中国软件,,,3.09,,,568.45,11.84,,04-29
600537,亿晶光电,,,2.21,,,413.75,-45.6,,04-24
600538,国发股份,,,2.52,,,458.55,-25.57,,04-26
600539,ST狮头,,,3.78,,,308.14,-14.51,,04-24
600540,新赛股份,,,3.18,,,1640.55,51.86,,04-26
600543,莫高股份,,,3.69,,,311.29,-20.63,,04-24
600545,新疆城建,,,3.55,,,-1244.7,130.84,,04-24
600546,*ST山煤,,,5.54,,,1039.42,56.38,,04-11
600547,山东黄金,,,4.05,,,2540.51,81.98,,04-27
600548,深高速,,,2.93,,,12862.01,28.1,,04-28
600549,厦门钨业,,,3.71,,,5079.33,94.16,,04-25
600550,保变电气,,,3.14,,,2706.53,203.43,,04-19
600551,时代出版,,,1.61,,,11.27,35.32,,04-26
600552,凯盛科技,,,1.82,,,-2236.11,-2255.33,,04-28
600555,海航创新,,,3.9,,,2158.99,141.12,,04-29
600556,ST慧球,,,3.26,,,959.7,-28.13,,04-28
600557,康缘药业,,,2.95,,,1625.43,30.9,,04-22
600558,大西洋,,,4.61,,,925.87,34.72,,04-22
600559,老白干酒,,,2.41,,,133.29,-68.39,,04-20
600560,金自天正,,,4.04,,,623.33,74.71,,04-22
600561,江西长运,,,1.9,,,1721.11,22.26,,04-10
600562,国睿科技,,,4.12,,,190.53,-29.97,,04-27
600563,法拉电子,,,3.13,,,2499.13,28.32,,04-15
600565,迪马股份,,,5.18,,,416.25,3.89,,04-24
600566,济川药业,,,4.51,,,63.91,8.68,,04-27
600567,山鹰纸业,,,3.51,,,923.47,17.95,,04-22
600568,中珠医疗,,,4.07,,,47.15,-59.3,,04-22
600569,安阳钢铁,,,3.0,,,2442.14,-89.37,,04-28
600570,恒生电子,,,3.49,,,19.2,58.97,,04-25
600571,信雅达,,,2.31,,,306.03,12.71,,04-28
600572,康恩贝,,,3.99,,,1343.16,10.72,,04-22
600573,惠泉啤酒,,,3.79,,,39.99,-107.86,,04-15
600575,皖江物流,,,4.15,,,913.36,-25.28,,04-21
600576,万家文化,,,2.23,,,-661.11,-209.32,,04-26
600577,精达股份,,,3.34,,,1392.83,30.61,,04-28
600578,京能电力,,,2.75,,,2950.26,-30.14,,04-21
600579,天华院,,,2.24,,,-1834.94,-12421.39,,04-27
600580,卧龙电气,,,3.16,,,1108.77,20.06,,04-29
600581,*ST八钢,,,3.97,,,-4659.16,-145.69,,04-24
600582,天地科技,,,3.12,,,719.44,45.12,,04-28
600583,海油工程,,,6.06,,,5409.12,-3.59,,04-25
600584,长电科技,,,2.55,,,993.42,39.38,,04-24
600585,海螺水泥,,,4.67,,,15534.83,617.26,,04-26
600586,金晶科技,,,3.27,,,1367.75,0.48,,04-28
600587,新华医疗,,,3.6,,,338.87,218.05,,04-28
600588,用友网络,,,7.24,,,4674.96,120.18,,04-29
600589,广东榕泰,,,3.48,,,1554.41,23.72,,04-25
600590,泰豪科技,,,3.12,,,1135.44,11.41,,04-25
600592,龙溪股份,,,4.07,,,2033.52,31.04,,04-26
600593,大连圣亚,,,3.2,,,-1007.7,10.15,,04-24
600594,益佰制药,,,6.93,,,468.61,13.85,,04-25
600595,中孚实业,,,3.8,,,2224.55,33.71,,04-22
600596,新安股份,,,3.85,,,4771.48,-2.54,,04-29
600597,光明乳业,,,2.06,,,3609.84,-47.24,,04-29
600598,北大荒,,,2.53,,,12600.22,6.75,,04-18
600599,熊猫金控,,,1.51,,,12.58,-107.08,,04-29
600600,青岛啤酒,,,3.82,,,7491.05,8.7,,04-28
600601,方正科技,,,1.87,,,4335.55,14.05,,04-22
600602,云赛智联,,,3.13,,,430.23,-15.57,,04-26
600603,广汇物流,,,-2.28,,,-1127.18,-1055.83,,04-29
600604,市北高新,,,1.17,,,67.65,-76.12,,04-24
600605,汇通能源,,,1.62,,,86.45,-52.06,,04-28
600606,绿地控股,,,4.16,,,806.76,49.29,,04-25
600608,*ST沪科,,,1.57,,,-1477.59,-496.94,,04-25
600609,金杯汽车,,,0.46,,,-3521.97,-54.91,,04-28
600610,中毅达,,,0.64,,,-1259.03,-1138.84,,04-29
600611,大众交通,,,4.41,,,4769.93,-18.79,,04-25
600612,老凤祥,,,2.08,,,1447.8,47.55,,04-24
600613,神奇制药,,,1.13,,,35.36,-77.67,,04-20
600614,鹏起科技,,,-0.25,,,-1457.52,-28.93,,04-29
600615,丰华股份,,,1.42,,,-253.61,-377.88,,04-26
600616,金枫酒业,,,2.23,,,6739.71,17.5,,04-28
600617,国新能源,,,0.09,,,-269.14,-335.71,,04-27
600618,氯碱化工,,,2.46,,,-5724.21,457.38,,04-24
600619,海立股份,,,3.06,,,3176.32,-65.57,,04-22
600620,天宸股份,,,1.55,,,-486.32,-727.19,,04-27
600621,华鑫股份,,,1.84,,,1658.77,-7.99,,04-26
600622,嘉宝集团,,,1.84,,,1474.67,-8.35,,04-28
600623,华谊集团,,,1.69,,,1218.22,801.76,,04-20
600624,复旦复华,,,1.84,,,458.0,7.98,,04-29
600626,申达股份,,,3.21,,,1857.62,9.07,,04-22
600628,新世界,,,2.93,,,3277.83,20.56,,04-25
600629,华建集团,,,-3.68,,,-397.06,64.73,,04-28
600630,龙头股份,,,3.22,,,621.16,0.93,,04-22
600633,浙报传媒,,,1.08,,,-466.0,41.1,,04-29
600634,富控互动,,,2.33,,,-92.7,-119.03,,04-27
600635,大众公用,,,2.43,,,2026.59,-19.08,,04-28
600636,*ST爱富,,,2.78,,,2079.84,-33.02,,04-21
600637,东方明珠,,,4.05,,,525.64,-47.86,,04-29
600638,新黄浦,,,4.03,,,1865.58,26.3,,04-28
600639,浦东金桥,,,3.09,,,16839.15,163.63,,04-28
600640,号百控股,,,2.69,,,114.77,-107.9,,04-29
600641,万业企业,,,4.5,,,6538.49,1529.16,,04-26
600642,申能股份,,,3.78,,,39114.64,7.74,,04-21
600643,爱建集团,,,1.1,,,352.0,-76.7,,04-29
600644,乐山电力,,,2.03,,,561.96,84.55,,04-29
600645,中源协和,,,0.26,,,-415.25,-16.21,,04-29
600647,同达创业,,,1.1,,,27.78,-64.75,,04-20
600648,外高桥,,,1.52,,,1216.59,50.36,,04-25
600649,城投控股,,,3.28,,,11919.91,8.76,,04-26
600650,锦江投资,,,3.55,,,5913.95,14.55,,04-25
600651,飞乐音响,,,1.47,,,857.08,-2.71,,04-29
600652,游久游戏,,,2.12,,,674.54,-44.33,,04-27
600653,申华控股,,,0.9,,,-1984.66,26.48,,04-29
600654,中安消,,,1.67,,,762.36,-12.83,,04-28
600655,豫园商城,,,3.98,,,4671.07,46.07,,04-27
600657,信达地产,,,0.47,,,-1366.78,-44.45,,04-27
600658,电子城,,,1.38,,,-973.61,125.95,,04-29
600660,福耀玻璃,,,2.3,,,9635.13,4.31,,04-24
600661,新南洋,,,2.17,,,188.78,12.49,,04-29
600662,强生控股,,,2.07,,,2667.33,-29.51,,04-25
600663,陆家嘴,,,3.42,,,4682.16,156.06,,04-25
600664,哈药股份,,,3.21,,,13208.8,0.18,,04-29
600665,天地源,,,1.91,,,789.3,7.36,,04-26
600666,奥瑞德,,,2.07,,,902.43,0.04,,04-15
600667,太极实业,,,1.47,,,278.78,-13.74,,04-28
600668,尖峰集团,,,2.57,,,-1859.57,5.14,,04-25
600671,天目药业,,,1.84,,,120.88,5.11,,04-22
600673,东阳光科,,,1.79,,,487.31,-44.68,,04-26
600674,川投能源,,,2.12,,,768.12,-11.87,,04-26
600675,中华企业,,,2.74,,,8597.92,14.09,,04-19
600676,交运股份,,,3.34,,,1585.87,-0.54,,04-26
600677,航天通信,,,1.68,,,83.96,11.01,,04-22
600678,四川金顶,,,1.49,,,103.31,57.63,,04-22
600679,上海凤凰,,,1.38,,,46.61,-27.43,,04-27
600680,ST上普,,,2.11,,,82.57,-23.45,,04-27
600681,百川能源,,,-2.57,,,-2591.42,506.18,,04-29
600682,南京新百,,,4.07,,,2295.09,12.69,,04-25
600683,京投发展,,,2.14,,,1333.57,-41.57,,04-19
600684,珠江实业,,,3.46,,,313.04,-13.97,,04-22
600685,中船防务,,,1.7,,,3119.39,251.35,,04-25
600686,金龙汽车,,,3.65,,,2500.95,53.41,,04-22
600687,刚泰控股,,,2.03,,,203.91,-30.5,,04-24
600688,上海石化,,,2.64,,,-15428.3,-114.35,,04-27
600689,上海三毛,,,1.59,,,-1143.34,-7.92,,04-25
600690,青岛海尔,,,4.75,,,8385.81,32.63,,04-27
600691,阳煤化工,,,0.08,,,-355.91,8.09,,04-24
600692,亚通股份,,,1.77,,,502.4,3.45,,04-21
600693,东百集团,,,2.85,,,1279.37,23.01,,04-15
600694,大商股份,,,8.21,,,7808.61,17.73,,04-22
600695,绿庭投资,,,0.25,,,323.03,-116.58,,04-29
600696,*ST匹凸,,,1.26,,,132.16,4.18,,04-28
600697,欧亚集团,,,4.42,,,924.39,0.87,,04-24
600698,湖南天雁,,,0.38,,,187.4,-21.2,,04-29
600699,均胜电子,,,1.97,,,-1471.29,-1244.68,,04-25
600701,工大高新,,,2.7,,,4.51,-97.11,,04-28
600702,沱牌舍得,,,4.91,,,649.48,13.75,,04-24
600703,三安光电,,,-2.12,,,-1071.64,776.08,,04-28
600704,物产中大,,,3.03,,,1205.52,-18.37,,04-28
600705,中航资本,,,1.3,,,-4465.53,126.35,,04-24
600706,曲江文旅,,,1.46,,,-147.17,-152.08,,04-29
600707,彩虹股份,,,3.26,,,162.96,-88.64,,04-25
600708,光明地产,,,2.2,,,1828.13,-8.1,,04-25
600710,*ST常林,,,2.1,,,1043.66,315.01,,04-18
600711,盛屯矿业,,,-0.54,,,-173.92,147.28,,04-28
600712,南宁百货,,,1.14,,,250.47,13.82,,04-26
600713,南京医药,,,2.44,,,534.65,0.84,,04-26
600714,金瑞矿业,,,1.41,,,-507.64,52.51,,04-22
600715,文投控股,,,-0.15,,,-511.84,-1.93,,04-29
600716,凤凰股份,,,1.27,,,-5515.16,-1086.05,,04-28
600717,天津港,,,2.84,,,10918.54,47.2,,04-21
600718,东软集团,,,4.75,,,553.21,76.79,,04-28
600719,大连热电,,,3.66,,,3279.84,45.36,,04-19
600720,祁连山,,,2.18,,,-667.58,46.96,,04-25
600721,百花村,,,0.01,,,-275.49,-71.87,,04-29
600722,金牛化工,,,1.21,,,-6937.46,-920.49,,04-29
600723,首商股份,,,2.77,,,402.9,19.69,,04-29
600724,宁波富达,,,1.77,,,307.53,-24.91,,04-24
600725,ST云维,,,2.78,,,568.65,-11.95,,04-20
600726,华电能源,,,3.07,,,3152.7,16.3,,04-26
600727,鲁北化工,,,6.11,,,68.51,-79.59,,04-27
600728,佳都科技,,,-0.66,,,-473.08,161.62,,04-29
600729,重庆百货,,,3.1,,,2863.42,7.33,,04-29
600730,中国高科,,,2.05,,,388.61,19.76,,04-22
600731,湖南海利,,,2.32,,,260.9,1.85,,04-28
600732,*ST新梅,,,2.05,,,725.0,-79.72,,04-22
600733,S*ST前锋,,,1.46,,,188.3,176.07,,04-28
600734,实达集团,,,0.49,,,-2546.51,35.11,,04-29
600735,新华锦,,,0.29,,,-322.24,-716.76,,04-22
600736,苏州高新,,,3.69,,,1857.93,-22.11,,04-25
600737,中粮糖业,,,0.87,,,1997.48,-168.39,,04-27
600738,兰州民百,,,1.07,,,361.42,-34.97,,04-17
600739,辽宁成大,,,2.5,,,2566.64,26.33,,04-29
600740,山西焦化,,,5.05,,,71.67,-98.88,,04-27
600741,华域汽车,,,2.51,,,1477.14,-37.31,,04-27
600742,一汽富维,,,5.28,,,143.44,-107.74,,04-27
600743,华远地产,,,0.01,,,18.01,211.31,,04-29
600744,华银电力,,,3.69,,,2215.62,-139.69,,04-26
600745,中茵股份,,,-1.97,,,-219.86,-47.95,,04-27
600746,江苏索普,,,1.22,,,-128.6,-582.36,,04-22
600747,大连控股,,,1.54,,,970.78,8.1,,04-29
600748,上实发展,,,2.19,,,1249.14,4.17,,04-28
600749,西藏旅游,,,1.36,,,127.95,-21.72,,04-24
600750,江中药业,,,4.91,,,1705.87,43.57,,04-21
600751,天海投资,,,0.21,,,549.45,-8.35,,04-29
600753,东方银星,,,0.89,,,31.95,-114.39,,04-25
600754,锦江股份,,,3.1,,,4803.07,12.83,,04-28
600755,厦门国贸,,,2.84,,,3445.94,45.37,,04-28
600756,浪潮软件,,,3.3,,,22.55,-76.3,,04-28
600757,长江传媒,,,1.8,,,-2672.75,-408.89,,04-28
600758,红阳能源,,,0.7,,,-988.91,130.74,,04-27
600759,洲际油气,,,-0.68,,,-133.27,201.62,,04-29
600760,中航黑豹,,,1.73,,,15.22,-116.96,,04-27
600761,安徽合力,,,3.43,,,5906.28,91.27,,04-28
600763,通策医疗,,,0.2,,,-40.67,-34.94,,04-25
600764,中电广通,,,1.77,,,488.87,-8.13,,04-25
600765,中航重机,,,1.62,,,275.22,-7.71,,04-21
600766,园城黄金,,,-0.82,,,-954.75,36.24,,04-26
600767,运盛医疗,,,0.92,,,-194.87,-74.07,,04-28
600768,宁波富邦,,,1.23,,,258.82,-31.59,,04-25
600769,祥龙电业,,,2.22,,,108.44,-66.49,,04-18
600770,综艺股份,,,2.34,,,576.0,42.43,,04-28
600771,广誉远,,,2.57,,,1461.71,-19.0,,04-26
600773,西藏城投,,,0.38,,,162.69,-149.4,,04-28
600774,汉商集团,,,4.02,,,2581.31,1176.99,,04-20
600775,南京熊猫,,,1.94,,,1297.01,-48.48,,04-27
600776,东方通信,,,3.37,,,598.23,-14.83,,04-29
600777,新潮能源,,,4.18,,,1349.25,11.39,,04-28
600778,友好集团,,,2.52,,,663.0,12.76,,04-28
600779,水井坊,,,2.36,,,3440.35,24.81,,04-29
600780,通宝能源,,,1.58,,,2628.94,-41.19,,04-29
600781,辅仁药业,,,0.05,,,-347.67,-2.89,,04-26
600782,新钢股份,,,1.66,,,498.84,-46.15,,04-24
600783,鲁信创投,,,1.49,,,101.24,18.55,,04-25
600784,鲁银投资,,,1.24,,,300.25,-16.49,,04-29
600785,新华百货,,,5.71,,,1895.03,-15.49,,04-20
600787,中储股份,,,2.49,,,1925.94,34.82,,04-28
600789,鲁抗医药,,,3.65,,,481.33,216.67,,04-24
600790,轻纺城,,,2.78,,,397.34,-51.91,,04-25
600791,京能置业,,,2.08,,,131.29,-57.0,,04-22
600792,云煤能源,,,1.53,,,-1133.08,-137.68,,04-29
600793,宜宾纸业,,,1.82,,,-780.97,-586.46,,04-18
600794,保税科技,,,1.45,,,167.83,-46.91,,04-24
600795,国电电力,,,3.36,,,17588.75,-1.08,,04-24
600796,钱江生化,,,2.05,,,774.38,-11.84,,04-25
600797,浙大网新,,,1.5,,,1965.32,0.96,,04-27
600798,宁波海运,,,1.94,,,3034.5,4.86,,04-29
600800,天津磁卡,,,0.99,,,2726.25,-42.7,,08-31
600801,华新水泥,,,3.72,,,885.64,-181.82,,04-27
600802,福建水泥,,,2.14,,,-735.06,-784.24,,04-27
600803,新奥股份,,,2.74,,,130.83,229.79,,04-28
600804,鹏博士,,,1.67,,,-367.44,35.19,,04-26
600805,悦达投资,,,2.91,,,476.91,244.06,,04-20
600806,*ST昆机,,,2.2,,,652.1,-12.45,,04-24
600807,天业股份,,,-0.04,,,-645.64,-1.62,,04-27
600808,马钢股份,,,2.97,,,30016.99,-71.41,,04-26
600809,山西汾酒,,,2.44,,,11121.87,122.9,,04-21
600810,神马股份,,,6.08,,,1265.35,30.34,,04-22
600811,东方集团,,,4.14,,,2094.04,10.58,,04-29
600812,华北制药,,,1.65,,,455.61,-132.82,,04-22
600814,杭州解百,,,1.78,,,1347.77,123.32,,04-26
600815,厦工股份,,,2.1,,,1550.81,-32.2,,04-27
600816,安信信托,,,0.83,,,230.57,58.71,,04-29
600817,*ST宏盛,,,2.51,,,1870.42,5.88,,04-19
600818,中路股份,,,1.0,,,760.92,-37.09,,04-29
600819,耀皮玻璃,,,2.73,,,185.07,-95.81,,04-27
600820,隧道股份,,,3.31,,,2273.54,6.59,,04-28
600821,津劝业,,,2.14,,,328.63,0.07,,04-29
600822,上海物贸,,,1.99,,,961.58,321.28,,04-25
600823,世茂股份,,,2.27,,,-311.63,-114.76,,04-20
600824,益民集团,,,2.3,,,9005.34,447.18,,04-27
600825,新华传媒,,,3.53,,,-174.08,-130.4,,04-29
600826,兰生股份,,,1.83,,,294.25,25.79,,04-27
600827,百联股份,,,3.85,,,3353.19,10.07,,04-28
600828,茂业商业,,,0.87,,,311.37,140.92,,04-29
600829,人民同泰,,,2.13,,,6002.54,185.33,,04-20
600830,香溢融通,,,2.02,,,571.75,62.71,,04-29
600831,广电网络,,,1.41,,,322.21,-27.91,,04-22
600833,第一医药,,,1.48,,,250.2,-18.97,,04-26
600834,申通地铁,,,1.68,,,2970.65,47.33,,04-22
600835,上海机电,,,4.03,,,6222.65,-14.76,,04-29
600836,界龙实业,,,2.26,,,88.24,-17.88,,04-28
600837,海通证券,,,2.32,,,2036.86,-0.11,,04-28
600838,上海九百,,,1.37,,,206.97,250.75,,04-29
600839,四川长虹,,,4.57,,,7510.59,-56.72,,04-28
600841,上柴股份,,,3.73,,,368.28,-93.23,,04-26
600843,上工申贝,,,1.26,,,37.92,-102.04,,04-28
600844,丹化科技,,,0.17,,,-403.87,-133.77,,04-29
600845,宝信软件,,,1.7,,,2014.72,28.76,,04-18
600846,同济科技,,,1.71,,,-2053.03,48.86,,04-20
600847,万里股份,,,0.28,,,-241.43,-34.78,,04-28
600848,上海临港,,,0.33,,,144.9,19.35,,04-29
600850,华东电脑,,,1.22,,,-202.41,-58.46,,04-22
600851,海欣股份,,,1.7,,,-439.51,-267.55,,04-28
600853,龙建股份,,,1.66,,,-1704.21,-6.73,,04-27
600854,春兰股份,,,5.75,,,228.13,-66.83,,04-22
600855,航天长峰,,,2.58,,,675.64,31.0,,04-28
600856,中天能源,,,1.9,,,142.56,-61.64,,04-22
600857,宁波中百,,,1.9,,,49.36,1.14,,04-27
600858,银座股份,,,1.75,,,2303.97,93.23,,04-25
600859,王府井,,,4.17,,,4962.89,51.53,,04-26
600860,*ST京城,,,3.04,,,344.73,-81.4,,04-27
600861,北京城乡,,,4.3,,,2520.52,26.5,,04-24
600862,中航高科,,,0.56,,,-427.12,-486.79,,04-29
600863,内蒙华电,,,2.19,,,4264.2,9.4,,04-28
600864,哈投股份,,,3.07,,,-211.72,-180.44,,04-20
600865,百大集团,,,2.65,,,1581.66,31.26,,04-27
600866,*ST星湖,,,1.69,,,512.87,98.87,,04-29
600867,通化东宝,,,4.01,,,631.85,23.02,,04-25
600868,梅雁吉祥,,,2.17,,,-2568.28,-1411.12,,04-29
600869,智慧能源,,,1.16,,,147.48,-50.29,,04-25
600870,厦华电子,,,2.37,,,703.24,-30.28,,04-22
600871,石化油服,,,2.05,,,-3311.1,-1254.9,,04-28
600872,中炬高新,,,2.99,,,964.82,56.29,,04-20
600873,梅花生物,,,1.72,,,156.18,1.04,,04-18
600874,创业环保,,,1.73,,,1673.73,-82.14,,04-28
600875,东方电气,,,4.39,,,13693.73,50.74,,04-21
600876,洛阳玻璃,,,1.23,,,-9194.8,-4056.45,,04-28
600877,中国嘉陵,,,2.44,,,-1227.56,-351.39,,04-26
600879,航天电子,,,2.41,,,3005.26,23.62,,04-28
600880,博瑞传播,,,2.54,,,1912.07,32.06,,04-21
600881,亚泰集团,,,2.88,,,682.62,6.94,,04-27
600882,广泽股份,,,2.72,,,350.57,-36.24,,04-24
600883,博闻科技,,,1.39,,,893.58,235.8,,04-26
600884,杉杉股份,,,3.56,,,2338.17,2.99,,04-27
600885,宏发股份,,,1.55,,,-879.95,-567.28,,04-29
600886,国投电力,,,2.43,,,7262.29,-33.51,,04-24
600887,伊利股份,,,6.11,,,9199.63,20.4,,04-24
600888,新疆众和,,,4.25,,,1976.8,78.75,,04-26
600889,南京化纤,,,3.34,,,296.55,-9.34,,04-22
600890,中房股份,,,0.72,,,-669.33,6.63,,04-25
600891,秋林集团,,,0.84,,,-541.07,62.47,,04-26
600892,大晟文化,,,-0.49,,,-155.8,1762.16,,04-18
600893,中航动力,,,2.56,,,839.47,91.17,,04-28
600894,广日股份,,,1.5,,,-3231.19,-211.03,,04-28
600895,张江高科,,,2.19,,,1520.68,16.84,,04-29
600896,览海投资,,,3.15,,,2588.99,-18.88,,04-29
600897,厦门空港,,,4.37,,,2736.13,11.44,,04-26
600898,三联商社,,,1.58,,,-5.36,-100.63,,04-22
600900,长江电力,,,2.76,,,40443.06,18.05,,04-26
600958,东方证券,,,,1.77,,3380.89,-287.53,,03-31
600960,渤海活塞,,,5.17,,,438.19,-57.96,,04-15
600961,株冶集团,,,2.29,,,8228.93,401.83,,04-26
600962,国投中鲁,,,2.95,,,533.65,33.36,,04-28
600963,岳阳林纸,,,3.94,,,952.74,-42.27,,04-29
600965,福成股份,,,1.76,,,381.8,-45.02,,04-22
600966,博汇纸业,,,6.03,,,3354.27,40.17,,04-19
600967,北方创业,,,3.67,,,483.64,-146.04,,04-21
600969,郴电国际,,,3.25,,,818.83,-13.26,,04-28
600970,中材国际,,,4.66,,,2440.33,121.86,,04-26
600971,恒源煤电,,,4.47,,,3648.63,-23.39,,04-22
600973,宝胜股份,,,4.95,,,718.12,11.57,,04-24
600975,新五丰,,,4.71,,,704.41,114.26,,04-19
600976,健民集团,,,9.12,,,388.88,0.4,,04-25
600978,宜华生活,,,2.78,,,1994.88,36.37,,04-27
600979,广安爱众,,,2.53,,,791.66,8.07,,04-20
600980,北矿科技,,,2.84,,,197.89,-13.8,,04-28
600981,汇鸿集团,,,3.74,,,1120.56,5.14,,04-25
600982,宁波热电,,,2.12,,,588.45,37.43,,04-25
600983,惠而浦,,,1.53,,,2032.76,51.13,,04-25
600984,建设机械,,,2.71,,,-2029.6,22.33,,04-21
600985,雷鸣科化,,,3.17,,,250.82,172.95,,04-27
600986,科达股份,,,3.93,,,-185.13,-132.59,,04-26
600987,航民股份,,,3.49,,,850.0,48.67,,04-20
600988,赤峰黄金,,,1.38,,,-744.91,162.74,,04-29
600990,四创电子,,,5.17,,,70.94,-136.26,,04-22
600992,贵绳股份,,,4.48,,,1052.27,2.06,,04-26
600993,马应龙,,,11.41,,,1537.4,4.5,,04-22
600995,文山电力,,,3.26,,,894.64,-0.76,,04-21
600997,开滦股份,,,4.78,,,10041.71,6.88,,04-20
600999,招商证券,,,,,,9994.0,25525.64,,03-31
601003,柳钢股份,-0.1,,,,,-6047.52,,,04-20
601007,金陵饭店,0.02,,,,,444.57,,,04-28
601168,西部矿业,0.79,,,,,25330.74,,,04-16
601211,国泰君安,,,,,,1109.31,-193679.63,,03-31
601328,交通银行,,,,,,290100.0,,,03-31
601607,上海医药,,,3.76,,,2518.16,-20.93,,04-29
601688,华泰证券,,,,,,12620.48,-188.24,,03-31
601788,光大证券,,,,,,5249.0,-487.67,,03-31
601988,中国银行,,,,16.66,-0.14,989800.0,,,04-30
