code,name,currentratio,quickratio,cashratio,icratio,sheqratio,adratio
000001,平安银行,--,--,--,--,2.4513,97.5487
000002,万科A,2.0482,0.5794,40.9662,1518.2364,28.6435,71.3565
000004,国农科技,1.8042,1.4295,92.775,-373.5532,58.6682,41.3318
000005,世纪星源,0.4903,0.3148,7.2752,1188.6333,56.6094,43.3906
000006,深振业A,3.608,0.5206,29.7267,-12531.2245,42.1819,57.8181
000007,全新好,0.333,0.2562,4.5368,-25.043,-4.0329,104.0329
000008,神州高铁,6.9096,6.9096,512.5612,-4368.4146,92.8326,7.1674
000009,中国宝安,1.3917,0.6914,27.0449,434.5328,37.2174,62.7826
000010,美丽生态,1.3407,0.9122,5.828,-812.1103,40.2358,59.7642
000011,深物业A,1.5849,0.387,16.3313,-125.5648,33.7189,66.2811
000012,南玻A,0.3063,0.2049,8.0895,511.9589,36.8145,63.1855
000014,沙河股份,2.3178,0.4092,15.1499,-9.1438,36.8897,63.1103
000016,深康佳A,1.4707,0.8567,17.0406,413.5047,44.3656,55.6344
000017,深中华A,0.0438,0.0186,0.8811,177.3406,-678.5552,778.5552
000018,神州长城,2.3293,1.4759,109.1617,-1553.9633,76.3175,23.6825
000019,深深宝A,1.5027,1.2225,55.3911,573.7423,69.7681,30.2319
000020,深华发A,0.9167,0.5577,8.7644,-12.403,64.5931,35.4069
000021,深科技,2.9859,2.872,178.7905,-8877.359,76.7549,23.2451
000022,深赤湾A,0.4584,0.4428,27.9016,1739.7608,64.4984,35.5016
000023,深天地A,0.8695,0.6103,11.67,431.2781,33.2942,66.7058
000025,特力A,0.5569,0.4449,12.9166,101.1845,23.7006,76.2994
000026,飞亚达A,2.2341,0.5409,26.1955,554.7991,69.3328,30.6672
000027,深圳能源,2.9593,2.4992,197.4248,2267.6817,67.8691,32.1309
000028,国药一致,1.0271,0.8106,9.9716,746.3475,16.7944,83.2056
000029,深深房A,1.2868,0.5498,39.3779,1122.1373,43.3665,56.6335
000030,富奥股份,0.0069,0.0049,0.0095,-10.7646,-5856.3328,5956.3328
000031,中粮地产,1.2157,0.4854,14.8722,2171.8261,50.914,49.086
000032,深桑达A,1.4335,0.5039,20.2703,1237.581,46.1296,53.8704
000033,*ST新都,0.3949,0.3812,2.3278,8.7576,60.211,39.789
000034,神州数码,0.5973,0.4578,2.0805,12.2456,-62.2407,162.2407
000035,中国天楹,0.0185,0.0151,0.0457,29.6639,-387.3971,487.3971
000036,华联控股,0.8068,0.4316,26.7995,186.0591,21.9101,78.0899
000037,*ST南电A,0.6415,0.5058,7.2158,124.6482,40.0828,59.9172
000038,深大通,0.0062,0.0062,0.5741,197.2779,-820.9103,920.9103
000039,中集集团,1.499,1.0294,7.7178,848.2497,44.1174,55.8826
000040,东旭蓝天,1.4637,0.6107,15.4694,653.6466,42.3977,57.6023
000042,中洲控股,1.684,0.7396,37.8337,537.0313,35.6569,64.3431
000043,中航地产,1.3988,0.4868,17.9892,429.4033,21.1365,78.8635
000045,深纺织A,0.9706,0.6096,28.9572,337.4854,68.6381,31.3619
000046,泛海控股,2.7639,0.4474,32.3164,10002.7267,50.0734,49.9266
000048,康达尔,0.3793,0.1295,6.2968,123.1771,-24.2991,124.2991
000049,德赛电池,1.1548,0.8373,17.5691,111.4773,37.4025,62.5975
000050,深天马A,3.0005,2.6676,208.1591,586.4541,39.4474,60.5526
000055,方大集团,0.8994,0.7787,21.9157,173.1991,41.8605,58.1395
000056,皇庭国际,1.6458,0.4385,37.8405,-5656.1273,15.1969,84.8031
000058,深赛格,0.5446,0.4186,22.1498,-747.7047,50.2925,49.7075
000059,华锦股份,0.907,0.7467,63.806,399.0363,35.8568,64.1432
000060,中金岭南,1.5272,0.7572,43.7531,1556.1007,51.9444,48.0556
000061,农产品,0.7558,0.6833,24.8287,456.9085,47.9455,52.0545
000062,深圳华强,1.0675,0.7486,11.6282,286.783,58.0491,41.9509
000063,中兴通讯,1.5534,1.3282,30.0741,420.879,33.3166,66.6834
000065,北方国际,1.6972,1.6042,40.9661,48.7816,33.5403,66.4597
000066,中国长城,1.5287,1.3044,21.3471,6898.2537,52.6041,47.3959
000068,华控赛格,0.7706,0.5044,0.6305,-266.812,55.5059,44.4941
000069,华侨城A,0.2445,0.1011,5.456,330.8866,43.9928,56.0072
000070,特发信息,2.0754,1.603,55.68,802.5409,63.9506,36.0494
000078,海王生物,0.9534,0.8118,25.3771,252.725,28.4665,71.5335
000088,盐田港,3.1488,3.1388,243.6804,-10943.2904,85.7049,14.2951
000089,深圳机场,3.8209,3.814,317.6671,-2642.2164,90.7516,9.2484
000090,天健集团,1.4402,0.6349,47.563,4486.8293,49.3344,50.6656
000096,广聚能源,3.141,2.9611,203.0926,-18352.0615,84.7071,15.2929
000099,中信海直,0.7732,0.5535,32.4971,-696.3557,59.3458,40.6542
000100,TCL集团,1.0278,0.7468,29.8521,112.3196,25.038,74.962
000150,宜华健康,4.0267,3.5158,92.9699,-12217.3708,86.6767,13.3233
000151,中成股份,2.444,1.6645,74.5203,787.9209,78.8178,21.1822
000153,丰原药业,1.1812,1.0067,23.3723,438.9266,55.5709,44.4291
000155,*ST川化,1.2348,0.7762,44.4485,282.9757,65.8794,34.1206
000156,华数传媒,0.1666,0.1352,0.9007,-29.0763,-187.5716,287.5716
000157,中联重科,1.4291,0.8907,28.4831,1890.4787,40.7323,59.2677
000158,常山股份,0.93,0.4698,19.9233,200.8369,43.9612,56.0388
000159,国际实业,1.1285,0.4964,23.9928,296.1554,40.5247,59.4753
000166,申万宏源,1.0677,1.0677,94.746,--,8.0725,91.9275
000301,东方市场,1.3939,0.6709,30.9044,1368.61,67.1034,32.8966
000333,美的集团,0.9911,0.6746,15.2239,1028.4785,32.4199,67.5801
000338,潍柴动力,1.1032,0.8463,13.3379,1362.4062,34.4046,65.5954
000400,许继电气,1.5505,1.1228,31.8333,297.4612,46.833,53.167
000401,冀东水泥,0.7737,0.5783,24.3767,307.7517,38.2054,61.7946
000402,金融街,1.6832,0.7604,62.1063,1994.2871,33.3535,66.6465
000403,ST生化,0.3693,0.2237,1.5722,2.9197,-5.8185,105.8185
000404,华意压缩,0.8246,0.6076,17.7983,147.5957,23.4448,76.5552
000407,胜利股份,0.9833,0.6334,22.0743,282.6394,37.1319,62.8681
000408,*ST金源,1.2768,1.1869,43.7394,171.0076,37.5504,62.4496
000409,山东地矿,1.6632,1.6632,0.8852,-322.6733,62.8861,37.1139
000410,沈阳机床,1.0238,0.6547,20.8052,410.9868,21.6556,78.3444
000411,英特集团,1.0585,0.8633,19.4332,219.6567,19.5179,80.4821
000413,东旭光电,1.208,1.046,1.8358,291.9435,52.4851,47.5149
000415,渤海金控,0.6884,0.5948,8.5159,-10.7048,39.345,60.655
000416,民生控股,5.0117,4.8171,131.8375,610.495,83.4223,16.5777
000417,合肥百货,0.9492,0.7533,53.6889,952.824,38.6763,61.3237
000418,小天鹅A,1.1113,0.7189,28.4542,604.6355,38.1139,61.8861
000419,通程控股,0.9921,0.7447,60.4448,513.2055,43.259,56.741
000420,吉林化纤,1.2049,0.6724,23.1443,466.6643,53.2837,46.7163
000421,南京公用,0.7696,0.4841,27.6977,737.393,34.6638,65.3362
000422,湖北宜化,0.9312,0.6857,39.2095,453.3936,34.7474,65.2526
000423,东阿阿胶,5.0692,4.2827,284.9869,-3268.5694,87.6338,12.3662
000425,徐工机械,1.2332,0.7475,18.2189,249.9156,35.4272,64.5728
000426,兴业矿业,1.073,0.8364,11.4178,114.3758,51.2897,48.7103
000428,华天酒店,0.8394,0.7831,43.9924,872.2062,41.0022,58.9978
000429,粤高速A,1.0579,1.0576,76.9054,941.9657,59.7559,40.2441
000430,张家界,0.1176,0.1075,1.5521,96.4895,-15.5189,115.5189
000488,晨鸣纸业,0.8479,0.5869,7.8395,407.3271,45.0401,54.9599
000498,山东路桥,0.4606,0.4365,0.3209,-255.5319,-0.2799,100.2799
000501,鄂武商A,0.7192,0.6761,54.0394,698.3069,33.923,66.077
000502,绿景控股,2.1801,0.4551,21.2046,-38009.4364,41.9462,58.0538
000503,海虹控股,3.2349,3.2309,60.2754,794.1401,82.4033,17.5967
000504,*ST生物,1.0676,0.8456,24.841,166.1329,67.4852,32.5148
000505,*ST珠江,0.8715,0.3569,10.5418,100.3863,29.1136,70.8864
000506,中润资源,0.0023,0.0023,0.0141,-27.3979,-41572.5221,41672.5221
000507,珠海港,1.1098,0.6449,32.2824,717.3377,41.4429,58.5571
000509,华塑控股,0.4517,0.3438,7.9099,-153.3795,14.8867,85.1133
000510,金路集团,0.7901,0.5028,30.2986,408.8171,44.6587,55.3413
000511,*ST烯碳,1.9241,0.4658,16.7509,19316.5768,45.2723,54.7277
000513,丽珠集团,1.5504,1.2415,32.4866,2841.5074,61.7726,38.2274
000514,渝开发,2.2491,0.8371,52.0593,616.2333,70.8407,29.1593
000516,国际医学,0.633,0.6033,35.2495,569.4301,41.8521,58.1479
000517,荣安地产,0.4828,0.4259,16.3306,-58.9296,-12.934,112.934
000518,四环生物,3.5946,2.3988,120.9744,-744.0304,85.1537,14.8463
000519,中兵红箭,3.3464,2.3666,93.5711,-222674.845,79.0431,20.9569
000520,长航凤凰,0.6,0.5482,13.603,243.2206,35.7479,64.2521
000521,美菱电器,0.8587,0.5372,16.2695,143.5386,31.0693,68.9307
000523,广州浪奇,1.8939,1.1855,30.345,794.1599,67.771,32.229
000524,岭南控股,0.388,0.3672,24.5841,726.392,70.3445,29.6555
000525,红太阳,0.9513,0.6221,30.3704,254.331,22.4552,77.5448
000526,*ST紫学,0.9378,0.7423,37.1813,-107.5306,79.2218,20.7782
000528,柳工,1.7028,0.8795,33.0082,8042.4752,53.453,46.547
000529,广弘控股,0.1713,0.0428,0.5917,-22.5046,-93.8927,193.8927
000530,大冷股份,1.3662,1.0027,30.4921,11262.0832,65.6866,34.3134
000531,穗恒运A,0.4009,0.3597,8.9089,313.6098,36.4089,63.5911
000532,力合股份,2.2056,1.4887,54.3689,2837.8289,65.817,34.183
000533,万家乐,0.9428,0.6473,16.1274,257.4596,17.282,82.718
000534,万泽股份,3.1074,2.7423,118.4246,-3248.893,81.0847,18.9153
000536,华映科技,0.8655,0.3704,10.9269,4534.5955,29.5744,70.4256
000537,广宇发展,1.3036,0.484,10.1022,-7595.5783,21.5255,78.4745
000538,云南白药,1.6777,0.9839,57.5367,16069.5112,48.1364,51.8636
000539,粤电力A,0.5463,0.4986,19.1694,714.6014,51.5721,48.4279
000540,中天金融,1.304,0.145,8.5942,-38379.0074,27.5497,72.4503
000541,佛山照明,5.0637,4.2614,331.7827,80492.41,88.4265,11.5735
000543,皖能电力,0.9419,0.891,29.228,735.2747,60.971,39.029
000544,中原环保,0.5033,0.4965,23.9315,1750.4601,70.3833,29.6167
000545,金浦钛业,0.5562,0.3704,0.024,309.3693,13.3264,86.6736
000546,金圆股份,0.8177,0.2506,3.8956,-40.7107,18.4933,81.5067
000547,航天发展,1.2134,0.8475,33.8906,781.5401,47.7146,52.2854
000548,湖南投资,1.7444,1.6387,115.1358,14568.7573,65.7171,34.2829
000550,江铃汽车,1.5435,1.2248,103.3076,-2512.9503,56.6668,43.3332
000551,创元科技,1.3352,0.8943,51.6799,1508.5648,49.326,50.674
000552,靖远煤电,0.7274,0.6073,26.7951,1392.9625,56.589,43.411
000553,沙隆达A,1.4526,1.144,68.8646,204.8681,50.067,49.933
000554,泰山石油,3.6784,2.6665,172.8113,-135520.1923,92.6912,7.3088
000555,神州信息,0.149,0.149,0.0083,-71.1038,-573.9745,673.9745
000557,西部创业,0.1315,0.0836,0.1154,51.258,-127.0789,227.0789
000558,莱茵体育,1.0999,0.1716,8.5691,361.3694,25.5797,74.4203
000559,万向钱潮,0.9538,0.632,24.1835,775.7083,44.7034,55.2966
000560,昆百大A,0.9256,0.3942,20.6737,312.0794,9.5786,90.4214
000561,烽火电子,0.3458,0.2406,12.1557,-98.7515,-94.7411,194.7411
000563,陕国投A,1.7122,0.7293,40.5095,17174.41,36.4625,63.5375
000564,供销大集,0.5168,0.4841,47.2348,2320.9233,56.8912,43.1088
000565,渝三峡A,2.4102,2.0948,127.6703,484.195,47.3028,52.6972
000566,海南海药,1.635,1.156,9.848,507.0598,61.1251,38.8749
000567,海德股份,1.4158,0.3578,21.6127,734.9305,35.0612,64.9388
000568,泸州老窖,1.7674,0.7599,40.7463,-11098.61,62.4576,37.5424
000570,苏常柴A,1.7935,1.5853,85.1449,-8764.2665,62.3841,37.6159
000571,新大洲A,1.0326,0.6054,7.7831,3744.8015,68.9228,31.0772
000572,海马汽车,1.5417,1.1488,106.9645,-10794.4103,47.0763,52.9237
000573,粤宏远A,2.1674,0.7391,49.0761,180.7819,61.4953,38.5047
000576,广东甘化,0.7014,0.2659,3.8389,44.9003,44.4332,55.5668
000581,威孚高科,1.0961,0.8452,30.6722,366.7291,48.7371,51.2629
000582,北部湾港,0.4995,0.4955,8.6994,-23.6405,28.5429,71.4571
000584,友利控股,0.5421,0.3053,8.3013,1059.1823,36.4466,63.5534
000585,东北电气,2.0554,1.6979,5.7214,8.8756,72.2248,27.7752
000586,汇源通信,1.2892,0.9967,10.2942,-176.7768,39.1596,60.8404
000587,金洲慈航,0.4187,0.2311,3.5803,-46.6873,-15.5907,115.5907
000589,黔轮胎A,1.0935,0.7745,25.3304,260.1428,35.0356,64.9644
000590,启迪古汉,1.1399,0.9261,4.1383,241.2022,52.5201,47.4799
000591,太阳能,0.8791,0.6349,43.8399,216.0899,18.4422,81.5578
000592,平潭发展,0.7488,0.555,23.2526,18328.7833,-67.5659,167.5659
000593,大通燃气,0.4277,0.3461,6.5696,180.9807,33.8249,66.1751
000595,*ST宝实,1.4028,1.0249,1.1367,248.9343,43.0054,56.9946
000596,古井贡酒,1.6453,0.4846,20.8673,527.7401,60.0314,39.9686
000597,东北制药,1.3053,0.9031,20.7723,234.8788,39.4799,60.5201
000598,兴蓉环境,1.2752,0.8674,20.6625,311.9582,48.5908,51.4092
000599,青岛双星,0.8759,0.5579,9.4846,205.0859,31.8802,68.1198
000600,建投能源,0.2582,0.2129,2.9678,487.2245,38.6861,61.3139
000601,韶能股份,0.7879,0.6627,15.5551,251.1106,43.4087,56.5913
000603,盛达矿业,0.7508,0.7028,4.6809,917.4421,45.7466,54.2534
000605,渤海股份,0.5616,0.5159,2.3819,-74.3076,13.0701,86.9299
000606,神州易桥,1.9561,1.4314,55.3763,359.0666,57.3601,42.6399
000607,华媒控股,1.006,0.813,20.1103,-192.5208,29.3402,70.6598
000608,阳光股份,1.6976,0.8737,67.3719,1300.8365,35.5094,64.4906
000609,绵石投资,6.3598,3.8458,356.3793,-4900.081,73.4918,26.5082
000610,西安旅游,1.3048,0.9877,62.5056,2233.9135,70.9764,29.0236
000611,*ST天首,1.4655,0.9214,23.9091,441.077,61.8864,38.1136
000612,焦作万方,0.752,0.4946,29.0386,1955.4039,40.85,59.15
000613,*ST东海A,0.099,0.0977,1.8155,44.6125,-49.9149,149.9149
000615,京汉股份,1.0662,0.6781,25.6107,235.4071,54.2103,45.7897
000616,海航投资,1.4012,0.4438,19.6653,778.2935,21.5112,78.4888
000617,中油资本,0.9079,0.5907,15.5004,889.061,35.9204,64.0796
000619,海螺型材,1.2845,0.5623,27.584,1129.7792,60.2934,39.7066
000620,新华联,2.5985,2.5985,259.8514,-7010.3347,61.8463,38.1537
000622,*ST恒立,0.3529,0.2764,3.738,-70.4823,-37.1925,137.1925
000623,吉林敖东,1.0635,0.8848,27.3372,4861.0409,73.9821,26.0179
000625,长安汽车,0.9063,0.691,33.2718,844.2151,48.2765,51.7235
000626,远大控股,1.1035,0.6933,16.2185,395.3878,14.487,85.513
000627,天茂集团,0.9603,0.6139,10.945,566.0535,59.4294,40.5706
000628,高新发展,1.0043,0.5403,18.9029,-1.9124,24.0066,75.9934
000629,*ST钒钛,0.8882,0.4195,3.1298,434.4081,42.4917,57.5083
000630,铜陵有色,1.0401,0.3702,14.7108,543.4053,33.9016,66.0984
000631,顺发恒业,0.1799,0.1799,0.0506,-3408.6817,-448.0162,548.0162
000632,三木集团,1.407,0.8607,21.7256,398.9234,23.3909,76.6091
000633,*ST合金,0.2775,0.2084,2.5819,-17690.1586,4.7308,95.2692
000635,英力特,0.1796,0.0953,4.6693,292.063,21.1332,78.8668
000636,风华高科,1.3763,0.8921,16.7201,526.6009,65.3187,34.6813
000637,茂化实华,3.8418,3.4236,230.9758,-8451.878,82.3256,17.6744
000638,万方发展,0.2716,0.2158,0.7695,1098.7692,-194.1194,294.1194
000639,西王食品,1.338,1.1285,63.3037,204.308,51.0887,48.9113
000650,仁和药业,2.1336,0.6625,43.5014,14643.7749,73.7128,26.2872
000651,格力电器,1.0394,0.7061,24.0381,5052.1001,19.8896,80.1104
000652,泰达股份,0.8007,0.5105,31.2175,271.6138,34.3224,65.6776
000655,金岭矿业,1.4406,1.3306,5.9353,3031.5629,73.4753,26.5247
000656,金科股份,3.6379,3.52,236.257,-113834.0743,85.4336,14.5664
000657,中钨高新,0.8751,0.4241,6.9036,-149.9663,56.8881,43.1119
000659,珠海中富,0.8054,0.5918,23.9351,295.2328,43.0252,56.9748
000661,长春高新,1.4425,0.7524,17.063,369.6442,32.2551,67.7449
000662,天夏智慧,2.6739,2.102,108.982,1101.3764,73.6858,26.3142
000663,永安林业,1.626,0.3258,13.7204,145.4177,41.452,58.548
000665,湖北广电,0.6811,0.5436,13.3849,260.8229,27.4165,72.5835
000666,经纬纺机,1.7105,0.9988,29.9115,883.7083,54.2927,45.7073
000667,美好置业,1.9791,0.7115,30.8899,4349.4685,49.1375,50.8625
000668,荣丰控股,1.8083,0.7177,22.6783,-32599.8868,76.9295,23.0705
000669,金鸿能源,1.1326,0.9947,34.8491,19570.2605,35.8168,64.1832
000670,盈方微,0.121,0.0672,1.5398,-148.9501,23.625,76.375
000671,阳光城,1.6252,0.8924,15.5842,-162.8267,27.2188,72.7812
000672,上峰水泥,0.255,0.2533,0.173,-50.8687,-13.4734,113.4734
000673,当代东方,0.7656,0.5398,1.3704,-142.4087,27.4803,72.5197
000676,智度股份,1.3215,0.9971,52.272,231.4603,37.4458,62.5542
000677,恒天海龙,0.5528,0.337,10.3098,286.9569,27.5687,72.4313
000678,襄阳轴承,1.3235,0.7626,8.2289,732.6385,64.2336,35.7664
000679,大连友谊,1.6278,0.5911,42.5898,307.8087,23.3606,76.6394
000680,山推股份,1.3508,0.8899,22.8701,2127.1577,55.2646,44.7354
000681,视觉中国,3.9034,3.2463,76.8767,-4814.225,87.4374,12.5626
000682,东方电子,4.2162,3.6591,149.007,-880.8106,86.0136,13.9864
000683,远兴能源,0.5309,0.4409,21.2786,188.6201,28.192,71.808
000685,中山公用,9.796,9.6978,903.3088,-9874.9167,97.1776,2.8224
000686,东北证券,2.3279,1.6441,55.6542,12317.1003,88.2798,11.7202
000687,华讯方舟,1.7239,0.8602,27.9955,668.1579,82.3322,17.6678
000688,建新矿业,0.0453,0.0297,0.0428,-20.8568,-685.3008,785.3008
000690,宝新能源,1.9983,1.6327,108.1265,776.1079,60.764,39.236
000691,ST亚太,1.4257,1.3258,0.1567,569.6067,66.3429,33.6571
000692,惠天热电,0.8381,0.6557,10.1319,62.187,42.1093,57.8907
000693,ST华泽,0.441,0.4222,0.7853,-71.5987,-9.2864,109.2864
000695,滨海能源,0.6674,0.6408,11.2055,58.9427,39.0386,60.9614
000697,炼石有色,1.3608,0.9413,36.2852,-3615.7431,50.5398,49.4602
000698,沈阳化工,0.9152,0.6853,38.0404,412.8887,35.2231,64.7769
000700,模塑科技,0.6577,0.549,34.5217,220.1123,35.8148,64.1852
000701,厦门信达,1.1003,0.8089,13.213,255.4569,32.5288,67.4712
000702,正虹科技,0.9508,0.4651,12.8755,165.0914,46.7319,53.2681
000703,恒逸石化,1.4197,0.7883,28.9128,-407.4355,52.2694,47.7306
000705,浙江震元,1.26,0.8647,23.3675,179.7718,56.4081,43.5919
000707,双环科技,0.7112,0.5079,18.4282,304.2081,64.4628,35.5372
000708,大冶特钢,1.2223,0.6041,16.4187,1158.5948,48.8511,51.1489
000709,河钢股份,0.8963,0.6014,19.1981,845.1407,35.8089,64.1911
000710,*ST天仪,1.0938,0.8237,2.8772,150.1113,41.016,58.984
000711,京蓝科技,2.348,0.7288,5.7859,-9784.8402,68.0454,31.9546
000712,锦龙股份,1.5772,0.5414,20.6374,345.7452,43.0848,56.9152
000713,丰乐种业,1.129,0.513,13.5304,341.4672,45.9748,54.0252
000715,中兴商业,1.1642,0.9367,82.6111,2192.6332,72.2898,27.7102
000716,黑芝麻,0.6423,0.5525,1.9266,55.0975,30.5247,69.4753
000717,韶钢松山,0.9764,0.4472,23.8238,867.5762,43.738,56.262
000718,苏宁环球,1.3707,0.526,32.9882,-4747.5271,21.92,78.08
000719,大地传媒,0.3886,0.375,5.942,-142.4889,-17.1758,117.1758
000720,新能泰山,0.478,0.4333,23.2766,136.1766,32.3427,67.6573
000721,西安饮食,0.4923,0.4324,17.5052,184.2206,38.9403,61.0597
000722,湖南发展,0.6941,0.4039,17.6538,-169.5838,43.1644,56.8356
000723,美锦能源,0.8683,0.4256,0.2646,713.142,36.315,63.685
000725,京东方A,0.9238,0.7372,37.0298,127.3994,28.382,71.618
000726,鲁泰A,0.665,0.2853,11.7577,541.4087,40.0104,59.9896
000727,华东科技,0.5483,0.4747,15.2241,213.9132,53.955,46.045
000728,国元证券,0.3693,0.1368,5.3926,-5918.8045,58.0603,41.9397
000729,燕京啤酒,1.1223,0.6811,34.3327,1021.5622,66.0556,33.9444
000731,四川美丰,0.9729,0.8324,68.6432,1111.4742,55.1449,44.8551
000732,泰禾集团,0.3467,0.2072,3.9872,99.4618,-212.147,312.147
000733,振华科技,2.0696,1.3774,49.3908,644.2774,69.8891,30.1109
000735,罗牛山,0.94,0.7644,21.2735,683.4506,59.1451,40.8549
000736,中房地产,0.0384,0.0384,0.4707,-110283.4885,-75.4683,175.4683
000737,南风化工,0.8337,0.5865,15.1789,342.153,44.8275,55.1725
000738,中航动控,1.1756,1.0266,6.0551,802.8329,71.4291,28.5709
000739,普洛药业,1.3224,1.0968,76.8945,188.9634,48.4604,51.5396
000750,国海证券,0.3264,0.2422,1.2503,-163.7588,40.8733,59.1267
000751,锌业股份,1.0348,0.4477,23.078,249.7932,36.1349,63.8651
000752,西藏发展,4.3462,4.1029,181.9513,649.6914,78.7878,21.2122
000753,漳州发展,1.3029,1.2073,54.1544,160.7795,37.5932,62.4068
000755,*ST三维,0.9627,0.8124,57.9603,548.8649,50.0182,49.9818
000756,新华制药,1.5805,1.199,41.0224,379.5521,71.2862,28.7138
000757,浩物股份,0.3888,0.3031,0.6831,56.2858,-79.1634,179.1634
000758,中色股份,1.3889,0.9915,57.6312,1574.6751,42.8736,57.1264
000759,中百集团,0.5972,0.3444,27.2155,409.0593,29.3181,70.6819
000760,斯太尔,1.2573,0.9125,15.7728,519.1837,44.8473,55.1527
000761,本钢板材,1.2015,0.6703,19.9853,1122.8719,58.2559,41.7441
000762,西藏矿业,1.1308,0.8086,27.1653,357.2841,55.8995,44.1005
000766,通化金马,0.9644,0.797,2.6927,77916.2505,64.9999,35.0001
000767,漳泽电力,0.5087,0.4505,27.4314,16978.874,39.3897,60.6103
000768,中航飞机,1.7731,0.6142,9.4265,501.6853,64.5979,35.4021
000776,广发证券,1.1608,0.6003,27.4711,768.8181,67.1656,32.8344
000777,中核科技,2.4508,2.0582,88.1204,12903.6224,67.1302,32.8698
000778,新兴铸管,1.4491,1.0775,32.8962,1602.8177,54.4596,45.5404
000779,三毛派神,3.3768,1.9356,27.2563,40.4965,46.3926,53.6074
000780,平庄能源,0.3165,0.2977,14.5564,497.2441,21.6481,78.3519
000782,美达股份,0.8303,0.4378,19.147,207.8204,43.8972,56.1028
000783,长江证券,0.4526,0.1179,0.146,156.2401,-22.1393,122.1393
000785,武汉中商,0.4681,0.3161,20.1292,179.6898,27.0077,72.9923
000786,北新建材,0.8235,0.5771,17.3498,540.6888,39.2213,60.7787
000788,北大医药,0.7458,0.4568,18.0029,202.3978,37.1243,62.8757
000789,万年青,0.4754,0.2274,9.3713,117.3714,32.8328,67.1672
000790,泰合健康,1.9291,1.5348,58.1571,-31.5349,62.1668,37.8332
000791,甘肃电投,1.1759,0.6775,13.7474,108.3195,50.7871,49.2129
000792,盐湖股份,2.0256,1.6804,99.7726,2647.8736,53.1201,46.8799
000793,华闻传媒,2.4064,2.3538,65.3722,444.8467,72.78,27.22
000795,英洛华,0.9059,0.5808,33.7347,232.7194,22.5621,77.4379
000796,凯撒旅游,0.8514,0.5147,26.5089,86.2005,53.5414,46.4586
000797,中国武夷,1.0635,0.4035,12.9268,196.5195,28.0303,71.9697
000798,中水渔业,3.8133,3.0375,221.9791,341.2914,84.935,15.065
000799,酒鬼酒,0.6421,0.1209,2.5915,125.6235,40.4358,59.5642
000800,一汽轿车,1.7315,1.1958,73.5989,887.6769,59.3107,40.6893
000801,四川九洲,1.1895,0.9188,27.481,121.8764,53.9583,46.0417
000802,北京文化,0.3697,0.3423,4.0728,-8.487,48.0891,51.9109
000803,*ST金宇,0.9326,0.5926,4.5144,-787.9687,37.458,62.542
000806,银河生物,0.9479,0.7236,8.9766,122.5862,34.6274,65.3726
000807,云铝股份,0.993,0.4882,38.1527,611.1975,39.4103,60.5897
000809,铁岭新城,1.438,1.1097,28.0011,244.2359,67.6346,32.3654
000810,创维数字,0.6247,0.3627,16.7451,466.0721,43.2922,56.7078
000811,烟台冰轮,0.9226,0.5247,13.0842,411.7274,39.4816,60.5184
000812,陕西金叶,1.0441,0.7324,14.4967,1066.2746,59.3895,40.6105
000813,德展健康,2.941,1.7927,59.4167,489.5548,73.7085,26.2915
000815,美利云,0.6633,0.3279,14.6057,260.6869,17.6533,82.3467
000816,智慧农业,1.1626,0.9028,25.9069,452.061,50.5576,49.4424
000818,方大化工,0.9724,0.8527,49.4588,119.3052,33.91,66.09
000819,岳阳兴长,1.4769,0.3726,25.5789,377.9537,37.0453,62.9547
000820,神雾节能,0.6913,0.5194,0.6954,968.7816,25.9605,74.0395
000821,京山轻机,2.9982,1.8199,66.3615,-4483.6889,79.5372,20.4628
000822,山东海化,1.0147,0.8715,17.664,464.6481,43.0697,56.9303
000823,超声电子,1.1829,0.8011,11.2861,351.3383,42.6223,57.3777
000825,太钢不锈,1.0249,0.3673,14.5863,761.5025,32.9855,67.0145
000826,启迪桑德,1.075,1.0722,16.399,807.3179,40.5536,59.4464
000828,东莞控股,0.4019,0.4019,39.0049,926.2726,77.2495,22.7505
000829,天音控股,1.11,0.6759,23.7214,366.7138,14.1298,85.8702
000830,鲁西化工,1.0554,0.4161,19.543,311.0256,41.7624,58.2376
000831,*ST五稀,0.8107,0.5799,21.1042,359.8462,36.2993,63.7007
000833,贵糖股份,0.8141,0.3063,16.0523,341.3469,44.3011,55.6989
000835,长城动漫,0.9175,0.6955,25.6645,608.2527,42.6874,57.3126
000836,鑫茂科技,1.232,0.6074,40.9384,417.8831,24.9157,75.0843
000837,秦川机床,1.942,1.4148,69.0667,1046.0692,60.0534,39.9466
000838,财信发展,2.5251,1.5382,25.8903,-104877.3172,75.1473,24.8527
000839,中信国安,0.8814,0.6996,42.2669,240.5754,45.9478,54.0522
000848,承德露露,1.3684,1.2668,20.8361,994.1249,55.4839,44.5161
000850,华茂股份,0.8244,0.4284,9.777,568.0689,55.1806,44.8194
000851,高鸿股份,1.8528,1.3866,38.0595,422.6911,58.7518,41.2482
000852,石化机械,1.2584,0.7571,20.5329,1188.9747,55.4701,44.5299
000856,冀东装备,0.8138,0.3382,1.921,-51.9304,36.1957,63.8043
000858,五粮液,2.8257,2.0938,188.4524,-4578.4946,80.3568,19.6432
000859,国风塑业,0.7526,0.6333,12.433,149.0669,53.5499,46.4501
000860,顺鑫农业,1.1656,0.6045,26.926,514.2773,48.841,51.159
000861,海印股份,1.7522,1.392,24.6585,487.368,55.0553,44.9447
000862,银星能源,0.7097,0.5459,20.2728,193.2064,18.1528,81.8472
000863,三湘印象,0.1868,0.1594,0.8223,-13.6255,-403.8273,503.8273
000868,安凯客车,1.373,0.8786,36.3593,-2056.4909,42.5835,57.4165
000869,张裕A,2.5859,1.668,155.2469,-3462.2142,72.377,27.623
000875,吉电股份,2.0656,1.8954,88.9297,-33132.7895,88.9997,11.0003
000876,新希望,0.5311,0.383,22.496,626.5703,47.9386,52.0614
000877,天山股份,0.8511,0.6188,17.2982,166.3876,24.5003,75.4997
000878,云南铜业,1.2354,0.8307,44.1853,428.1288,26.6205,73.3795
000880,潍柴重机,1.3883,0.8713,71.2534,-9961.4902,58.4081,41.5919
000881,中广核技,1.3615,0.6975,34.6408,609.2869,28.4433,71.5567
000882,华联股份,0.8746,0.8417,67.1344,417.7679,51.4353,48.5647
000883,湖北能源,1.0895,0.7158,26.5987,335.5304,35.6598,64.3402
000885,同力水泥,0.2339,0.1523,7.3796,271.7361,27.7619,72.2381
000886,海南高速,3.9332,3.3375,277.5124,-111.4639,42.5664,57.4336
000887,中鼎股份,1.4726,1.0812,33.7,2280.2936,60.1057,39.8943
000888,峨眉山A,0.6795,0.6165,48.2094,232.8617,53.7139,46.2861
000889,茂业通信,0.9966,0.4054,9.4017,127.7017,42.4666,57.5334
000890,法尔胜,0.9453,0.7388,32.2706,184.1217,33.8082,66.1918
000892,欢瑞世纪,0.0584,0.0573,0.1095,-36.1119,-272.705,372.705
000893,东凌国际,1.2482,0.8453,20.2507,404.7421,39.8431,60.1569
000895,双汇发展,1.4521,0.8186,72.3778,-9134.0973,67.4926,32.5074
000897,津滨发展,1.8351,0.3702,23.8503,259.7383,42.2963,57.7037
000898,鞍钢股份,0.9282,0.5251,7.3644,1955.5858,47.1009,52.8991
000899,赣能股份,1.1357,1.0362,48.7543,258.7288,70.4422,29.5578
000900,现代投资,0.4251,0.4067,20.4564,748.908,59.2269,40.7731
000901,航天科技,1.5786,0.7796,7.2699,-410.3019,58.8919,41.1081
000902,新洋丰,1.2222,0.9833,10.463,89.4313,40.7626,59.2374
000903,云内动力,1.2213,0.8146,26.5106,2283.0464,48.9728,51.0272
000905,厦门港务,1.0564,0.8953,29.0885,-14397.6812,53.998,46.002
000906,浙商中拓,0.5719,0.4155,17.9222,-8.9632,27.4895,72.5105
000908,景峰医药,0.8694,0.6245,2.2519,101.5376,41.8703,58.1297
000909,数源科技,1.7701,0.7045,43.567,167.7522,29.5549,70.4451
000910,大亚圣象,1.0219,0.7007,40.2824,259.6322,32.1438,67.8562
000911,南宁糖业,0.5555,0.2723,7.8866,163.4152,32.6535,67.3465
000912,泸天化,1.2473,0.7583,44.3052,2331.2386,61.0241,38.9759
000913,*ST钱江,1.2478,0.8619,11.2814,424.4532,42.9691,57.0309
000915,山大华特,0.6536,0.5206,15.0141,383.6992,40.0907,59.9093
000916,华北高速,7.0283,7.0203,624.4564,-3052.2476,94.4137,5.5863
000917,电广传媒,1.2285,1.0132,56.9622,200.8234,41.6433,58.3567
000918,嘉凯城,0.6247,0.4463,3.3091,135.6235,8.0458,91.9542
000919,金陵药业,3.9233,3.3077,170.1386,-881584.3547,81.4194,18.5806
000920,南方汇通,1.3257,0.9523,31.7065,189.7983,48.6711,51.3289
000921,海信科龙,0.5338,0.3288,4.7347,245.604,-14.0591,114.0591
000922,*ST佳电,0.8636,0.6874,2.8139,-183.8923,36.4096,63.5904
000923,河北宣工,1.1674,0.3273,8.537,168.9295,43.4856,56.5144
000925,众合科技,3.572,2.5685,89.1199,1795.6609,-125.0755,225.0755
000926,福星股份,2.528,1.2009,40.7761,471.0337,36.363,63.637
000927,一汽夏利,0.9489,0.62,30.8303,4046.8547,47.3629,52.6371
000928,中钢国际,1.042,0.3838,3.5315,107.0629,39.9972,60.0028
000929,兰州黄河,1.1026,0.8327,54.699,443.8043,52.5194,47.4806
000930,中粮生化,0.3925,0.2304,8.0243,-120.3463,22.32,77.68
000931,中关村,0.9907,0.7413,1.8867,5.227,11.7612,88.2388
000932,华菱钢铁,0.6635,0.3914,16.1751,371.6218,33.098,66.902
000933,*ST神火,0.5125,0.3684,6.4874,892.1978,30.5039,69.4961
000935,四川双马,0.6398,0.5142,15.8915,-317.1746,33.5923,66.4077
000936,华西股份,1.0013,0.7708,29.3088,299.881,34.7783,65.2217
000937,冀中能源,0.9199,0.8143,24.1473,2217.6095,62.7517,37.2483
000938,紫光股份,1.2124,1.0053,22.4609,181.5629,33.4888,66.5112
000939,凯迪生态,0.6009,0.4765,21.6768,1747.1905,39.7169,60.2831
000948,南天信息,1.3021,0.8194,21.3804,234.6652,40.189,59.811
000949,新乡化纤,0.6155,0.4423,24.8937,605.7985,45.8836,54.1164
000950,*ST建峰,2.7151,2.0244,188.8365,10217.03,51.2003,48.7997
000951,中国重汽,1.3896,0.9162,50.9309,976.0051,23.56,76.44
000952,广济药业,1.2229,1.0565,32.5465,786.8586,61.6085,38.3915
000953,*ST河化,0.6718,0.4564,8.9355,166.1785,35.4563,64.5437
000955,欣龙控股,1.184,0.7307,19.4844,1160.4241,47.5159,52.4841
000957,中通客车,1.2779,0.7434,35.8707,331.257,39.6847,60.3153
000958,东方能源,0.4904,0.4187,4.9705,52.6101,38.542,61.458
000959,首钢股份,1.1937,0.9987,62.1328,686.7395,44.1955,55.8045
000960,锡业股份,1.1456,0.7077,37.6617,466.3482,38.6318,61.3682
000961,中南建设,0.6806,0.4166,16.4778,126.8683,31.3443,68.6557
000962,东方钽业,5.8342,3.778,231.3619,685.0197,77.1772,22.8228
000963,华东医药,1.1021,0.6786,21.6062,638.4329,24.8961,75.1039
000965,天保基建,1.4638,0.1824,12.3168,503.5009,56.1764,43.8236
000966,长源电力,0.553,0.481,5.8179,137.3038,18.1359,81.8641
000967,盈峰环境,1.2283,1.0556,31.8038,257.1993,42.8561,57.1439
000968,*ST煤气,1.1559,0.9967,22.9658,950.4982,51.4199,48.5801
000969,安泰科技,1.8747,1.2422,36.941,1388.5706,59.5341,40.4659
000970,中科三环,1.3532,0.8065,24.4004,425.401,53.7362,46.2638
000971,高升控股,0.6514,0.492,10.1286,-31.1818,22.6825,77.3175
000972,中基健康,0.9326,0.6296,16.9822,149.8177,33.5952,66.4048
000973,佛塑科技,0.6947,0.487,18.5019,122.6173,34.6987,65.3013
000975,银泰资源,7.9521,7.6951,56.7785,5026.707,96.4094,3.5906
000976,春晖股份,0.8664,0.4163,30.8659,88.2172,48.2733,51.7267
000977,浪潮信息,2.046,1.4869,100.785,-1779.2227,67.3728,32.6272
000978,桂林旅游,0.5525,0.54,21.3107,426.0748,58.0483,41.9517
000979,中弘股份,0.3169,0.2385,5.7967,-396.1063,4.2643,95.7357
000980,金马股份,1.3301,0.9522,41.3136,419.9814,52.9152,47.0848
000981,银亿股份,2.158,1.8967,7.7399,15623.4562,55.6601,44.3399
000982,中银绒业,0.9594,0.4983,3.5057,-57.0209,13.003,86.997
000983,西山煤电,1.7183,1.589,52.4478,1659.2363,51.4522,48.5478
000985,大庆华科,1.9739,0.5062,7.1562,1157.8746,77.2804,22.7196
000987,越秀金控,1.8994,1.7576,170.4611,-2806.4991,61.9071,38.0929
000988,华工科技,1.4956,1.0463,31.1273,309.6043,50.4827,49.5173
000989,九芝堂,3.2083,2.4571,159.1657,438.5668,73.5053,26.4947
000990,诚志股份,1.0035,0.8539,36.2056,195.764,45.8786,54.1214
000993,闽东电力,0.9464,0.4083,27.0824,152.7055,59.0004,40.9996
000995,*ST皇台,1.1618,0.6503,1.7522,-169.9425,55.9785,44.0215
000996,中国中期,1.6078,1.4561,15.2212,452.4352,74.5377,25.4623
000997,新大陆,3.1605,2.5677,93.2363,2364.1443,71.5142,28.4858
000998,隆平高科,2.2197,1.3219,37.3336,874.7106,62.1242,37.8758
000999,华润三九,1.2529,1.1565,18.6365,224.1669,35.3499,64.6501
001696,宗申动力,1.2264,1.0352,28.7116,82610.5547,48.7705,51.2295
001896,豫能控股,0.6128,0.6125,35.5201,-178.2215,51.073,48.927
002001,新和成,0.9606,0.556,22.4117,123.278,32.1174,67.8826
002002,鸿达兴业,1.0106,0.7834,53.0294,154.2294,53.9518,46.0482
002003,伟星股份,0.9464,0.5987,20.7222,1140.3235,46.7897,53.2103
002004,华邦健康,1.1717,0.9146,22.4784,1509.4099,62.3307,37.6693
002005,德豪润达,1.1084,0.7123,19.5554,-96.7461,38.8009,61.1991
002006,精功科技,0.8856,0.6654,23.7438,175.9676,35.8054,64.1946
002007,华兰生物,2.3852,1.9093,68.6548,8490.2995,71.0078,28.9922
002008,大族激光,1.6439,1.0646,42.3437,829.2199,52.2971,47.7029
002009,天奇股份,1.7664,1.0597,45.183,613.5296,39.6651,60.3349
002010,传化智联,2.4592,2.0169,61.6481,2400.6907,69.0901,30.9099
002011,盾安环境,2.5344,2.0515,100.778,1798.5304,68.8475,31.1525
002012,凯恩股份,0.8836,0.6101,22.3555,83.7089,47.6265,52.3735
002013,中航机电,1.2857,0.8576,21.5996,637.627,52.9756,47.0244
002014,永新股份,1.3061,0.8795,13.2455,3175.4041,57.9369,42.0631
002015,霞客环保,1.0863,0.5974,39.7312,423.9375,43.1852,56.8148
002016,世荣兆业,1.6824,1.3271,41.4981,-852.9697,70.4648,29.5352
002017,东信和平,2.2241,1.2008,33.221,27033.2047,67.604,32.396
002018,华信国际,1.0054,0.6474,39.4677,323.9396,44.8741,55.1259
002019,亿帆医药,0.9863,0.7867,19.7341,1466.6736,57.7605,42.2395
002020,京新药业,0.9327,0.6743,42.25,131.0398,32.1389,67.8611
002021,中捷资源,1.3216,0.994,54.4489,511.1903,41.6018,58.3982
002022,科华生物,3.6375,2.9658,194.7134,-67927.0476,82.4832,17.5168
002023,海特高新,2.8,2.4387,94.8582,6007.2608,80.5706,19.4294
002024,苏宁云商,1.2307,0.8982,70.5038,4623.3474,28.4857,71.5143
002025,航天电器,10.9682,9.8778,718.4942,-1300.8784,90.9233,9.0767
002026,山东威达,3.2954,2.1483,124.763,1308.2855,78.7954,21.2046
002027,分众传媒,1.5068,1.0304,56.2765,310.7038,45.0698,54.9302
002028,思源电气,1.5636,1.2294,59.5911,1001.4072,63.9626,36.0374
002029,七匹狼,1.426,0.963,49.3258,5339.6565,51.8064,48.1936
002030,达安基因,2.1288,1.8655,26.2555,-9533.4009,75.4142,24.5858
002031,巨轮智能,1.2492,0.9993,79.4637,569.7364,50.8542,49.1458
002032,苏泊尔,1.3416,0.8787,30.4699,1103.2702,53.465,46.535
002033,丽江旅游,3.0509,3.0148,209.017,-9311.1736,85.3128,14.6872
002034,美欣达,0.8217,0.4776,17.5996,377.5061,51.0635,48.9365
002035,华帝股份,0.9123,0.7278,35.9378,331.1862,38.6851,61.3149
002036,联创电子,5.1018,4.4653,242.6558,11825.6037,88.9225,11.0775
002037,久联发展,1.3187,1.1127,63.2564,1188.9159,63.456,36.544
002038,双鹭药业,14.4781,14.2375,719.3711,-5748.0007,92.8036,7.1964
002039,黔源电力,0.3761,0.3434,15.0134,52.171,19.0498,80.9502
002040,南京港,0.4862,0.4597,25.7161,-1132.4326,87.5511,12.4489
002041,登海种业,3.7247,1.8837,148.775,-3914.9367,82.2215,17.7785
002042,华孚色纺,0.7436,0.3876,13.3111,-116.0526,53.8552,46.1448
002043,兔宝宝,1.2367,0.7094,44.1333,370.654,42.1629,57.8371
002044,美年健康,2.4385,2.1601,186.8225,-473.2642,72.5572,27.4428
002045,国光电器,1.5197,1.1143,29.7332,294.0899,53.6042,46.3958
002046,轴研科技,5.3029,4.1677,277.414,-2047.8745,85.2662,14.7338
002047,宝鹰股份,2.2077,1.6598,94.2532,2802.1458,60.2569,39.7431
002048,宁波华翔,1.4685,0.8258,27.1818,2808.9727,50.6465,49.3535
002049,紫光国芯,3.3616,2.4683,161.8099,830.6157,80.5545,19.4455
002050,三花智控,1.4509,1.2285,46.6885,909.877,45.1776,54.8224
002051,中工国际,1.7283,1.3151,80.3527,6679.1082,56.4212,43.5788
002052,同洲电子,1.5527,1.2056,49.0141,564.9142,46.4612,53.5388
002053,云南能投,0.7302,0.5352,29.2387,460.09,50.5272,49.4728
002054,德美化工,2.4399,1.9324,69.7739,3516.9461,67.8892,32.1108
002055,得润电子,1.6485,1.3089,47.2266,2644.5656,48.0066,51.9934
002056,横店东磁,2.0216,1.6445,60.2427,1842.4431,67.2186,32.7814
002057,中钢天源,2.684,2.022,107.4758,384.1118,68.5332,31.4668
002058,威尔泰,2.3241,1.5897,100.9636,515.1072,67.1776,32.8224
002059,云南旅游,2.5858,1.0538,98.9554,194.5071,67.7384,32.2616
002060,粤水电,1.28,0.8129,17.2359,1633.3182,32.6655,67.3345
002061,江山化工,1.4348,1.2777,57.0246,722.1673,49.8741,50.1259
002062,宏润建设,1.521,0.9432,44.2376,-7829.5169,44.388,55.612
002063,远光软件,7.7762,7.7762,625.2247,-2232.307,88.8256,11.1744
002064,华峰氨纶,1.93,0.9879,7.8332,6995.7466,83.4787,16.5213
002065,东华软件,2.2833,1.5223,51.6069,-49720.5329,61.1632,38.8368
002066,瑞泰科技,1.5978,0.8777,17.4118,630.8412,53.0455,46.9545
002067,景兴纸业,0.7473,0.559,16.0504,403.8566,32.2983,67.7017
002068,黑猫股份,1.1659,0.9526,34.1233,380.6962,37.1208,62.8792
002069,獐子岛,5.08,1.1362,17.6389,4007.0679,87.8014,12.1986
002070,众和股份,1.4627,1.2972,63.7405,277.7918,43.2417,56.7583
002071,长城影视,1.8359,1.3468,89.6652,478.6412,59.0107,40.9893
002072,凯瑞德,0.6635,0.3464,10.4302,190.3625,37.5012,62.4988
002073,软控股份,2.3477,1.8907,104.9615,2500.3443,61.996,38.004
002074,国轩高科,2.6611,2.41,114.7368,2197.8595,66.2959,33.7041
002075,沙钢股份,1.054,0.7543,36.4836,252.9647,27.6788,72.3212
002076,雪莱特,3.9663,2.9922,141.3857,-6085.4289,82.7718,17.2282
002077,大港股份,1.489,0.8319,49.176,609.8362,51.5468,48.4532
002078,太阳纸业,0.8148,0.5482,12.1062,383.4069,40.153,59.847
002079,苏州固锝,2.9713,2.2731,153.0215,9120.0066,75.6353,24.3647
002080,中材科技,1.6595,1.3373,77.5556,1528.7705,51.6205,48.3795
002081,金螳螂,1.5198,1.4909,37.4856,-14347.9923,40.0966,59.9034
002082,栋梁新材,1.1485,0.7133,27.1462,526.5193,46.4368,53.5632
002083,孚日股份,0.5154,0.2018,9.682,230.4658,24.8069,75.1931
002084,海鸥卫浴,1.539,1.0303,41.2015,741.7382,53.9561,46.0439
002085,万丰奥威,1.5307,1.2187,49.4105,314.5474,54.5002,45.4998
002086,东方海洋,0.8995,0.4253,26.1403,276.8289,51.9445,48.0555
002087,新野纺织,1.1548,0.7062,33.7242,240.7734,49.7678,50.2322
002088,鲁阳节能,2.6573,2.1828,71.037,1594.7573,71.717,28.283
002089,新海宜,3.1234,2.4367,123.9424,-4079.6772,77.1015,22.8985
002090,金智科技,3.1884,2.7487,162.4704,-2789.4304,73.3021,26.6979
002091,江苏国泰,1.5647,1.4219,55.0902,1503.1777,50.0007,49.9993
002092,中泰化学,0.5019,0.3646,19.7308,1022.0265,50.4445,49.5555
002093,国脉科技,3.963,3.7984,282.6692,-3223.0993,85.1377,14.8623
002094,青岛金王,1.7071,1.3945,90.0376,296.2406,50.7973,49.2027
002095,生意宝,31.536,31.5356,3021.3246,-1209.6782,89.6696,10.3304
002096,南岭民爆,2.2657,2.0765,155.3994,4368.7989,68.955,31.045
002097,山河智能,1.5809,0.9373,52.9985,1911.7111,48.976,51.024
002098,浔兴股份,1.3147,0.9491,55.6963,490.3212,50.1054,49.8946
002099,海翔药业,1.4999,1.0684,49.5255,482.7628,58.7729,41.2271
002100,天康生物,2.6041,1.7693,106.5799,560.2935,58.8973,41.1027
002101,广东鸿图,1.4077,1.1057,39.1366,648.3383,59.4547,40.5453
002102,冠福股份,1.2435,0.7903,7.4038,785.0377,57.333,42.667
002103,广博股份,2.2534,1.7102,95.841,1072.201,68.056,31.944
002104,恒宝股份,3.7288,3.4155,182.7211,8781.192,78.3815,21.6185
002105,信隆健康,1.4425,1.1636,51.3656,259.6034,49.9882,50.0118
002106,莱宝高科,13.4343,12.9787,1109.2764,13125.2098,90.5786,9.4214
002107,沃华医药,2.8336,2.7329,184.6424,737.2079,76.9464,23.0536
002108,沧州明珠,2.0227,1.4477,75.1628,576.8337,62.6376,37.3624
002109,兴化股份,2.9591,2.7349,211.9727,1034.7481,65.6547,34.3453
002110,三钢闽光,1.2095,0.7657,33.3395,536.4504,43.0122,56.9878
002111,威海广泰,3.9252,2.6383,88.0561,2428.5409,74.2354,25.7646
002112,三变科技,1.39,0.9407,20.8498,399.0361,44.0523,55.9477
002113,天润数娱,1.9406,1.6174,114.5821,1114.7359,72.7878,27.2122
002114,罗平锌电,1.6219,0.8673,64.2105,688.8674,50.2528,49.7472
002115,三维通信,3.4221,2.1031,118.2833,8694.8385,68.5821,31.4179
002116,中国海诚,1.8081,1.808,121.244,-1160.5956,52.6023,47.3977
002117,东港股份,2.2944,2.0611,103.4495,2401.1463,74.7014,25.2986
002118,紫鑫药业,2.0655,1.8574,67.3664,1339.1462,76.2948,23.7052
002119,康强电子,1.9465,1.5974,95.7402,437.9478,55.0407,44.9593
002120,韵达股份,1.0178,0.5865,27.4493,480.8575,48.3683,51.6317
002121,科陆电子,3.1851,2.5984,134.5513,1146.1222,72.4201,27.5799
002122,天马股份,6.4623,4.1943,263.8346,3400.3408,88.6654,11.3346
002123,梦网荣信,4.6331,4.2848,251.0362,16033.6802,76.8094,23.1906
002124,天邦股份,1.4583,0.9701,61.2836,202.428,60.8061,39.1939
002125,湘潭电化,1.1354,0.8562,55.3037,183.9148,47.6016,52.3984
002126,银轮股份,1.4004,1.0925,49.3661,355.3252,42.569,57.431
002127,南极电商,1.1933,0.844,60.4857,620.3662,56.7469,43.2531
002128,露天煤业,1.7781,1.6001,53.9294,1899.5977,53.9462,46.0538
002129,中环股份,2.5574,1.8252,67.8473,710.9978,76.2477,23.7523
002130,沃尔核材,5.5383,4.3028,286.1331,5082.3923,85.1408,14.8592
002131,利欧股份,2.3134,1.7314,80.0833,967.1547,67.6682,32.3318
002132,恒星科技,1.9608,1.7183,96.9291,523.5918,62.8105,37.1895
002133,广宇集团,1.9458,0.8097,78.2175,1520.3778,28.0806,71.9194
002134,天津普林,5.5627,5.2465,374.8741,837.3602,81.5157,18.4843
002135,东南网架,1.3394,1.1575,44.1875,307.8972,36.6484,63.3516
002136,安纳达,3.0714,2.4797,229.7101,1090.0748,69.0676,30.9324
002137,麦达数字,1.9829,1.5112,92.0519,1257.316,62.4,37.6
002138,顺络电子,20.0954,18.5973,1632.8384,2103.3176,82.6498,17.3502
002139,拓邦股份,1.9551,1.7357,106.507,268.2145,52.4488,47.5512
002140,东华科技,--,--,--,19802.7272,26.9616,--
002141,贤丰控股,1.1093,0.7879,21.6423,396.1634,37.107,62.893
002142,宁波银行,--,--,--,--,5.041,94.959
002143,印纪传媒,0.9753,0.5293,28.5153,270.5862,34.1495,65.8505
002144,宏达高科,0.8897,0.6476,37.0511,458.5303,38.9876,61.0124
002145,中核钛白,0.8045,0.4801,6.6656,113.9025,35.0337,64.9663
002146,荣盛发展,1.772,0.33,24.4334,-10684.9855,20.6388,79.3612
002147,新光圆成,1.5567,1.0878,33.3196,353667.0122,56.5472,43.4528
002148,北纬通信,4.6004,4.5356,351.3452,-5431.6279,81.5019,18.4981
002149,西部材料,1.1666,0.7645,29.1663,593.1659,38.7761,61.2239
002150,通润装备,1.4891,1.1542,64.6859,1403.2637,50.7835,49.2165
002151,北斗星通,1.6967,1.2716,93.3243,8864.7159,55.002,44.998
002152,广电运通,1.9409,1.1895,33.6272,5521.6085,51.3887,48.6113
002153,石基信息,1.6823,1.3354,56.0336,-25908.3997,60.4796,39.5204
002154,报喜鸟,2.3109,1.4639,80.0112,-13163.5717,62.2531,37.7469
002155,湖南黄金,0.9932,0.5575,25.809,751.7278,43.244,56.756
002156,通富微电,0.6983,0.5571,24.0771,251.5347,26.4679,73.5321
002157,正邦科技,1.1125,0.4542,13.1298,370.6487,34.9016,65.0984
002158,汉钟精机,1.721,1.1704,30.4075,11905.5311,54.3121,45.6879
002159,三特索道,0.4566,0.3738,25.9789,239.0751,38.7806,61.2194
002160,常铝股份,1.2583,0.882,40.1605,307.0134,31.0504,68.9496
002161,远望谷,6.9289,5.6191,292.566,2496.0079,70.3599,29.6401
002162,悦心健康,1.0441,0.4108,11.5776,557.0573,40.6498,59.3502
002163,中航三鑫,1.3501,0.6561,29.134,422.1649,35.3387,64.6613
002164,宁波东力,1.4818,1.0505,10.7336,593.6429,39.668,60.332
002165,红宝丽,1.2441,0.9179,42.2183,831.3698,40.1161,59.8839
002166,莱茵生物,1.4376,0.6876,16.4934,1044.0605,44.7519,55.2481
002167,东方锆业,1.662,1.3204,0.2904,1007.3581,62.598,37.402
002168,深圳惠程,1.707,1.3933,36.6035,2588.8368,64.8125,35.1875
002169,智光电气,1.5838,1.1663,19.6933,1034.4507,42.0427,57.9573
002170,芭田股份,1.2121,0.6699,29.3161,1248.5938,44.8589,55.1411
002171,楚江新材,1.0053,0.5787,27.9091,470.6627,28.3642,71.6358
002172,澳洋科技,0.9012,0.6043,33.9532,1257.3235,36.1644,63.8356
002173,*ST创疗,1.5401,0.8163,17.3218,592.1906,46.4202,53.5798
002174,游族网络,1.6188,1.2556,43.0179,498.4751,49.1988,50.8012
002175,东方网络,1.2869,0.8767,50.137,517.75,43.3345,56.6655
002176,江特电机,1.2587,0.8042,35.8634,688.7724,40.4917,59.5083
002177,御银股份,0.7149,0.4829,13.5442,1366.9314,40.4959,59.5041
002178,延华智能,1.8915,1.0088,56.3935,1984.7965,53.1654,46.8346
002179,中航光电,1.4933,1.1115,32.9778,2959.7689,52.1782,47.8218
002180,艾派克,2.8857,2.1011,103.2071,-4210.7809,71.6751,28.3249
002181,粤传媒,1.3149,1.1624,45.8163,1761.706,69.2888,30.7112
002182,云海金属,1.3432,0.9472,33.5276,385.9281,39.2263,60.7737
002183,怡亚通,1.0819,1.0819,72.9153,-533.309,8.965,91.035
002184,海得控制,1.671,1.1852,26.284,1733.5411,42.8077,57.1923
002185,华天科技,1.0272,0.8029,20.7022,992.5682,45.7264,54.2736
002186,全聚德,--,--,--,--,--,--
002187,广百股份,0.8213,0.7378,46.4076,2714.9223,36.2106,63.7894
002188,巴士在线,--,--,--,--,--,--
002189,利达光电,0.9755,0.8321,41.2271,546.4472,46.3785,53.6215
002190,成飞集成,1.3694,1.1026,20.8352,2053.2177,67.0678,32.9322
002191,劲嘉股份,1.1448,0.7505,27.393,1220.4763,41.8605,58.1395
002192,融捷股份,--,--,--,--,--,--
002193,山东如意,0.9556,0.6098,13.0101,291.8223,42.6962,57.3038
002194,武汉凡谷,1.6794,1.3206,55.9802,3857.0218,54.0691,45.9309
002195,二三四五,3.0784,3.0784,246.1007,2234.6302,75.3926,24.6074
002196,方正电机,1.0025,0.7223,24.224,531.5377,30.6841,69.3159
002197,证通电子,1.5506,1.0956,26.5834,2188.15,53.7695,46.2305
002198,嘉应制药,2.1537,1.904,140.372,2621.786,75.9495,24.0505
002199,东晶电子,1.539,0.9888,49.2524,490.561,38.8214,61.1786
002200,云投生态,1.8882,0.6092,23.8232,1153.8474,65.3704,34.6296
002201,九鼎新材,0.8427,0.6107,3.7059,493.04,29.888,70.112
002202,金风科技,1.4464,0.7202,34.5,1861.7624,29.6576,70.3424
002203,海亮股份,1.0814,0.6206,14.9609,1480.106,27.7377,72.2623
002205,国统股份,0.875,0.5972,25.3477,381.4327,32.2973,67.7027
002206,海利得,0.7146,0.5376,21.1031,802.6943,38.0564,61.9436
002207,准油股份,1.0791,1.0271,24.8809,311.466,54.8823,45.1177
002208,合肥城建,--,--,--,--,--,--
002209,达意隆,1.0982,0.6558,20.9606,1260.306,31.6664,68.3336
002210,飞马国际,1.2627,1.0953,15.4771,694.8928,36.3955,63.6045
002211,宏达新材,1.0409,0.8031,37.846,2214.516,36.995,63.005
002213,特尔佳,2.0985,1.7464,53.8225,-4041.0854,52.767,47.233
002215,诺普信,1.5496,0.9487,37.4794,4207.583,46.3227,53.6773
002216,三全食品,0.9966,0.6909,27.6473,566.5032,32.1331,67.8669
002217,合力泰,0.8,0.6698,34.6769,1898.1945,38.8377,61.1623
002218,拓日新能,3.5781,1.9976,110.5453,-28592.4877,77.4116,22.5884
002219,恒康医疗,2.9275,1.4102,62.1412,3003.4706,72.5792,27.4208
002220,天宝股份,0.8369,0.2977,7.4943,863.3555,28.5056,71.4944
002221,东华能源,--,--,--,--,--,--
002223,鱼跃医疗,--,--,--,--,--,--
002224,三力士,--,--,--,475.7159,--,--
002226,江南化工,--,--,--,21415.0654,--,--
002227,奥特迅,--,--,--,2778.2778,--,--
002228,合兴包装,--,--,--,557.8941,--,--
002229,鸿博股份,--,--,--,3079.8324,--,--
002231,奥维通信,--,--,--,--,--,--
002233,塔牌集团,--,--,--,428.2455,--,--
002234,民和股份,--,--,--,787.5621,--,--
002235,安妮股份,--,--,--,1955.9836,--,--
002237,恒邦股份,--,--,--,605.6584,--,--
002239,奥特佳,--,--,--,738.9998,--,--
002240,威华股份,--,--,--,523.3979,--,--
002241,歌尔股份,--,--,--,850.5337,--,--
002243,通产丽星,--,--,--,1488.1271,--,--
002244,滨江集团,--,--,--,80.6442,--,--
002245,澳洋顺昌,--,--,--,434.9752,--,--
002246,北化股份,--,--,--,2525.6579,--,--
002247,帝龙文化,--,--,--,-49346.0081,--,--
002248,华东数控,--,--,--,293.1592,--,--
002249,大洋电机,--,--,--,6776.0095,--,--
002250,联化科技,--,--,--,1063.737,--,--
002251,步步高,--,--,--,--,--,--
002253,川大智胜,--,--,--,767.6212,--,--
002254,泰和新材,--,--,--,2287.1657,--,--
002255,海陆重工,--,--,--,--,--,--
002256,兆新股份,--,--,--,1396.9038,--,--
002258,利尔化学,--,--,--,2316.7438,--,--
002259,升达林业,--,--,--,346.3931,--,--
002260,德奥通航,--,--,--,521.6624,--,--
002261,拓维信息,--,--,--,13714.9941,--,--
002262,恩华药业,--,--,--,--,--,--
002263,大东南,--,--,--,211.7565,--,--
002264,新华都,--,--,--,8933.6872,--,--
002265,西仪股份,--,--,--,972.8143,--,--
002266,浙富控股,--,--,--,3909.26,--,--
002267,陕天然气,--,--,--,687.9305,--,--
002268,卫士通,--,--,--,95.4494,--,--
002269,美邦服饰,--,--,--,679.3401,--,--
002500,山西证券,1.1842,1.1842,95.0874,--,22.1697,77.8303
002594,比亚迪,0.8022,0.4449,7.2725,462.6759,31.6698,68.3302
002673,西部证券,1.1599,1.1599,81.8691,--,15.2304,84.7696
002736,国信证券,1.1544,1.1544,83.1473,--,15.0736,84.9264
300271,华宇软件,1.2926,0.8957,61.4151,19745.7038,32.529,67.471
300318,博晖创新,9.1453,8.1802,135.6501,-37589.1697,91.936,8.064
600000,浦发银行,--,--,--,--,3.3917,96.6083
600004,白云机场,0.5846,0.5757,15.0768,632.0982,58.2696,41.7304
600006,东风汽车,1.3392,1.1041,62.0983,-1795.3481,43.454,56.546
600007,中国国贸,0.4753,0.4622,40.8868,3542.5778,59.9906,40.0094
600008,首创股份,1.0058,0.9767,47.5933,664.9401,65.885,34.115
600009,上海机场,0.4482,0.4434,9.6522,488018.1385,78.4735,21.5265
600010,包钢股份,1.1205,0.6742,36.6513,691.5355,50.7153,49.2847
600011,华能国际,0.4885,0.3916,12.3216,548.7295,43.5315,56.4685
600012,皖通高速,0.2301,0.2289,21.6996,1993.725,63.9167,36.0833
600015,华夏银行,--,--,--,--,2.4978,97.5022
600016,民生银行,--,--,--,--,5.0364,94.9636
600017,日照港,0.8657,0.762,18.6968,743.6768,55.7052,44.2948
600018,上港集团,0.8151,0.7663,48.4649,2903.1469,58.9752,41.0248
600019,宝钢股份,0.9164,0.4042,11.3574,2435.2686,52.2858,47.7142
600020,中原高速,1.8739,1.8739,79.7293,1630.5897,39.6811,60.3189
600021,上海电力,0.4132,0.3658,19.6716,315.2209,46.908,53.092
600022,山东钢铁,0.9059,0.4926,26.7378,796.118,30.1887,69.8113
600026,中远海能,0.8381,0.74,36.1471,1975.159,70.372,29.628
600027,华电国际,0.1397,0.1063,3.5093,237.1348,26.7849,73.2151
600028,中国石化,0.777,0.3162,5.7435,2045.9941,47.1946,52.8054
600029,南方航空,0.2085,0.1751,8.8129,-499.0385,15.531,84.469
600030,中信证券,--,--,--,--,11.7654,88.2346
600031,三一重工,2.1244,1.5224,54.4407,1724.7849,44.9011,55.0989
600033,福建高速,0.4718,0.4705,31.3267,4140.8289,74.7714,25.2286
600035,楚天高速,0.3571,0.3571,33.1139,2295.3014,72.3073,27.6927
600036,招商银行,--,--,--,--,5.3425,94.6575
600037,歌华有线,3.7636,3.708,363.2348,-939.6436,80.4441,19.5559
600038,中直股份,1.6488,0.5193,10.9978,-1250.4627,46.4535,53.5465
600039,四川路桥,1.2821,1.0107,55.2708,312.1324,26.5045,73.4955
600048,保利地产,1.6754,0.5179,13.7861,-44999.4087,20.3445,79.6555
600050,中国联通,0.3957,0.3392,21.2639,-6318.744,54.7768,45.2232
600051,宁波联合,1.1318,0.6904,25.4487,-2514.1951,30.1684,69.8316
600052,浙江广厦,1.4299,0.2414,12.8717,387.5807,18.3655,81.6345
600053,九鼎投资,2.2587,0.3411,27.5563,-31558.9151,21.833,78.167
600054,黄山旅游,1.0518,1.0124,66.9454,8509.8073,65.9861,34.0139
600055,万东医疗,1.5439,0.893,32.352,352.5878,57.1553,42.8447
600056,中国医药,1.4149,0.9433,54.647,11995.3111,43.132,56.868
600057,象屿股份,0.8225,0.3762,7.2805,-778.2387,11.9765,88.0235
600058,五矿发展,1.0536,0.6119,7.9472,2384.8117,12.8051,87.1949
600059,古越龙山,1.1555,0.2654,9.6686,328.4364,53.0468,46.9532
600060,海信电器,1.7925,1.2542,21.8192,688.3444,58.7968,41.2032
600061,国投安信,1.6029,0.8127,31.2241,1225.8366,62.8551,37.1449
600062,华润双鹤,1.4478,1.0699,35.3089,3542.7488,59.7387,40.2613
600063,皖维高新,0.4939,0.3706,15.2362,257.0357,32.3761,67.6239
600064,南京高科,1.1568,0.5746,17.0442,624.8766,47.3801,52.6199
600066,宇通客车,0.9926,0.5665,28.2694,2816.9441,31.8376,68.1624
600067,冠城大通,1.395,0.4904,17.6775,630.1066,19.789,80.211
600068,葛洲坝,1.0144,0.7516,33.8123,162.6075,35.2476,64.7524
600069,银鸽投资,0.7951,0.5651,29.6896,745.973,37.2799,62.7201
600070,浙江富润,0.886,0.7257,42.7444,345.9867,52.1729,47.8271
600071,凤凰光学,1.3274,0.9011,46.8344,624.515,64.5943,35.4057
600072,中船科技,1.7613,1.3095,81.3735,-2863.2773,66.1663,33.8337
600073,上海梅林,1.1085,0.7284,22.8297,296.0586,46.7892,53.2108
600074,保千里,0.6616,0.4265,8.3767,32.4458,26.294,73.706
600075,新疆天业,0.8979,0.657,25.7362,335.4394,32.3337,67.6663
600076,康欣新材,0.2319,0.2123,9.7084,-1397.3715,25.3391,74.6609
600077,宋都股份,2.8951,2.3981,13.3704,1068.396,74.1275,25.8725
600078,澄星股份,0.9754,0.6628,38.9866,220.7638,31.946,68.054
600079,人福医药,1.1189,0.7844,14.7564,290.8652,48.4686,51.5314
600080,金花股份,0.2814,0.2512,0.9048,18.4001,35.8852,64.1148
600081,东风科技,0.7685,0.5455,3.2908,142.4861,36.7227,63.2773
600082,海泰发展,1.2818,1.1046,51.2527,841.996,57.7172,42.2828
600083,博信股份,0.6409,0.465,6.2926,-27641.9853,35.5298,64.4702
600084,中葡股份,0.5013,0.1917,9.3043,9.6329,-17.351,117.351
600085,同仁堂,3.0732,1.7669,118.9911,6127.2209,75.8027,24.1973
600086,东方金钰,2.3067,1.0828,6.456,177.4244,48.4284,51.5716
600088,中视传媒,1.5854,1.1405,73.4308,5098.6869,60.8733,39.1267
600089,特变电工,1.3312,0.8599,37.6573,331.4652,29.0799,70.9201
600090,同济堂,0.6597,0.3692,18.3269,2358.7505,42.1242,57.8758
600091,ST明科,0.5579,0.5017,16.8414,137.269,72.1685,27.8315
600093,禾嘉股份,1.0551,0.7421,6.7016,209.7706,47.3677,52.6323
600094,大名城,0.265,0.1627,3.6012,-1178.5041,-16.5085,116.5085
600095,哈高科,1.3161,0.8803,20.5773,415.4167,51.5448,48.4552
600096,云天化,1.3789,1.0916,67.8585,622.1569,41.4676,58.5324
600097,开创国际,1.173,0.9016,23.5449,171.8788,44.2133,55.7867
600098,广州发展,2.3871,2.1756,131.8841,2829.5511,72.3393,27.6607
600099,林海股份,4.6988,4.2136,375.3072,-146.8402,85.6698,14.3302
600100,同方股份,1.2092,0.7598,20.5343,400.6684,32.2348,67.7652
600101,明星电力,0.572,0.5348,41.0729,184.1648,42.5827,57.4173
600103,青山纸业,2.4438,1.6086,15.8731,449.6015,68.8805,31.1195
600104,上汽集团,1.0406,0.8617,47.435,910.2496,47.529,52.471
600105,永鼎股份,1.1289,0.5316,15.5878,184.2457,31.6486,68.3514
600106,重庆路桥,0.9933,0.986,63.3662,719.2142,30.163,69.837
600107,美尔雅,1.3422,1.2252,31.1513,233.6771,45.6965,54.3035
600108,亚盛集团,0.6451,0.4517,4.6974,170.0256,56.1106,43.8894
600109,国金证券,1.0959,1.0959,89.998,--,20.8698,79.1302
600110,诺德股份,1.2992,1.048,50.6875,1824.2348,59.9994,40.0006
600111,北方稀土,1.4359,1.0609,37.1856,1054.9579,58.828,41.172
600112,天成控股,1.9095,1.43,11.8697,1123.3339,65.8204,34.1796
600113,浙江东日,1.4507,0.156,8.649,-2503.6251,70.3697,29.6303
600114,东睦股份,0.8836,0.5313,14.2528,208.6648,53.453,46.547
600115,东方航空,0.4751,0.441,7.2815,161.6408,6.2091,93.7909
600116,三峡水利,0.7328,0.6835,53.7848,236.4947,35.6883,64.3117
600117,西宁特钢,0.573,0.4196,19.7698,235.1408,34.5267,65.4733
600118,中国卫星,1.5474,1.3389,74.4695,-2898.1454,36.3536,63.6464
600119,长江投资,1.0338,0.9267,25.1618,194.9965,46.2549,53.7451
600120,浙江东方,1.4944,0.5051,12.6299,975.3285,48.0767,51.9233
600121,郑州煤电,1.1658,0.8368,35.1374,3544.8185,63.8578,36.1422
600122,宏图高科,1.2423,0.7238,39.3456,180.0633,32.3356,67.6644
600123,兰花科创,1.1401,0.9754,70.1191,2295.6136,47.6229,52.3771
600125,铁龙物流,1.0924,0.3103,19.8728,1962.1763,54.1565,45.8435
600126,杭钢股份,1.0888,0.7835,11.6149,522.8361,42.9244,57.0756
600127,金健米业,0.9979,0.4006,10.4589,133.8274,48.9136,51.0864
600128,弘业股份,1.1331,1.018,67.3351,2926.4521,42.8925,57.1075
600129,太极集团,0.6962,0.5331,27.5361,248.9479,27.8628,72.1372
600130,波导股份,1.277,0.7721,37.6345,8922.9424,41.1729,58.8271
600131,岷江水电,0.4745,0.4739,16.4547,330.6405,42.3379,57.6621
600132,重庆啤酒,0.7711,0.3104,15.7299,453.2544,39.1983,60.8017
600133,东湖高新,1.0801,0.7693,42.0715,-3701.2967,64.6091,35.3909
600135,乐凯胶片,5.3308,2.266,155.1408,3283.4157,90.2168,9.7832
600136,当代明诚,0.6735,0.1916,4.2779,394.1147,12.5394,87.4606
600137,浪莎股份,1.7753,1.0168,48.1869,112684.8061,63.4655,36.5345
600138,中青旅,1.202,0.482,12.1628,1807.0183,52.7977,47.2023
600139,西部资源,0.6095,0.5493,1.177,4315.8181,-47.8369,147.8369
600141,兴发集团,0.7892,0.6759,37.1529,163.5516,30.1368,69.8632
600143,金发科技,1.3518,0.9858,22.7201,884.6991,39.7059,60.2941
600145,*ST新亿,1.4563,0.8303,52.833,146.7129,57.3947,42.6053
600146,商赢环球,1.6079,0.7445,34.5679,-400.3985,78.8704,21.1296
600148,长春一东,1.9137,1.2025,9.8936,625.9196,59.6023,40.3977
600149,廊坊发展,9.2243,8.1724,16.5066,3233.5855,93.5097,6.4903
600150,中国船舶,1.4147,1.0495,84.7227,-2478.2136,36.9872,63.0128
600151,航天机电,1.7513,1.0199,53.7499,1905.6776,60.8039,39.1961
600152,维科精华,0.9173,0.4329,17.1411,458.4146,42.0266,57.9734
600153,建发股份,1.0716,0.5808,10.1678,897.011,23.9297,76.0703
600155,宝硕股份,0.1651,0.0981,0.3991,1.1195,-74.8523,174.8523
600156,华升股份,1.866,1.1439,53.5906,377.0734,71.124,28.876
600157,永泰能源,1.278,0.527,22.0593,190.5377,41.5029,58.4971
600158,中体产业,1.4728,0.6251,27.0359,1117.0138,33.0009,66.9991
600159,大龙地产,1.6102,0.6823,7.3777,389.6803,25.0469,74.9531
600160,巨化股份,0.7594,0.5974,32.0409,285.4976,39.3023,60.6977
600161,天坛生物,1.9865,1.008,39.3807,3428.3489,63.8536,36.1464
600162,香江控股,2.6474,0.9701,36.9951,-179.6104,62.3764,37.6236
600163,中闽能源,0.7562,0.4726,12.1417,113.0802,43.108,56.892
600165,新日恒力,0.8248,0.3974,8.6905,99.2424,39.27,60.73
600166,福田汽车,0.8231,0.3025,8.8861,1072.9812,23.3574,76.6426
600167,联美控股,0.5066,0.4228,9.8855,2820.093,53.7058,46.2942
600168,武汉控股,4.7831,3.1569,259.9797,-4215.9702,69.5939,30.4061
600169,太原重工,1.1409,0.8069,9.702,873.8777,22.6791,77.3209
600170,上海建工,1.0953,1.0655,55.834,-902.7964,27.6747,72.3253
600171,上海贝岭,8.1622,6.5788,509.2226,-698.9431,89.8387,10.1613
600172,黄河旋风,1.5508,1.1855,31.6613,259.7147,48.9213,51.0787
600173,卧龙地产,0.693,0.4372,0.2702,-186.1625,43.1985,56.8015
600175,美都能源,1.0916,0.477,35.6111,253.3976,33.2005,66.7995
600176,中国巨石,0.737,0.6621,36.3041,432.8124,32.3541,67.6459
600177,雅戈尔,1.1922,0.4119,16.3711,4146.9103,45.3473,54.6527
600178,东安动力,1.3437,1.1507,10.047,1239.5343,51.9789,48.0211
600179,安通控股,0.5837,0.3464,3.5216,170.6704,50.4046,49.5954
600180,瑞茂通,0.9695,0.8776,5.3856,-59.8895,31.9555,68.0445
600182,S佳通,1.0623,0.8537,17.6655,242.7554,26.8496,73.1504
600183,生益科技,1.2216,0.8754,14.5649,992.3512,49.0001,50.9999
600184,光电股份,1.2761,0.8084,22.9695,-101.6542,51.09,48.91
600185,格力地产,1.1692,0.4988,5.8931,-163.401,42.3652,57.6348
600186,莲花健康,0.935,0.7613,3.3608,125.476,40.0406,59.9594
600187,国中水务,0.0828,0.0574,0.036,1583.304,6.6597,93.3403
600188,兖州煤业,2.5209,2.3533,174.3384,-2581.7105,78.1303,21.8697
600189,吉林森工,1.1877,0.545,24.028,247.0361,60.7341,39.2659
600190,锦州港,0.2901,0.2872,19.2388,248.1509,35.8148,64.1852
600191,华资实业,1.0142,0.617,17.5449,-107.8381,67.0486,32.9514
600192,长城电工,1.65,1.3584,32.4798,500.6827,51.4106,48.5894
600193,创兴资源,1.4194,0.5807,4.1302,2145.9866,46.147,53.853
600195,中牧股份,1.0771,0.6452,5.3473,1049.2548,56.1911,43.8089
600196,复星医药,0.9611,0.7454,44.4756,590.7637,55.7819,44.2181
600197,伊力特,2.5244,1.5335,62.8289,-35245.3962,79.5667,20.4333
600198,大唐电信,0.9284,0.6071,12.6268,175.3684,12.7947,87.2053
600199,金种子酒,1.4981,0.7887,24.0839,470.0093,70.2522,29.7478
600200,江苏吴中,1.0785,0.849,25.713,147.0557,44.4892,55.5108
600201,生物股份,1.5587,0.8935,27.0147,2301.0855,54.9925,45.0075
600202,哈空调,1.2773,1.1653,20.0637,1442.1816,38.9086,61.0914
600203,福日电子,0.7697,0.7023,9.9479,-54.5088,21.2676,78.7324
600206,有研新材,1.3302,0.7195,13.6391,444.9545,62.2635,37.7365
600207,安彩高科,1.0423,0.7306,17.7013,-75.372,47.0838,52.9162
600208,新湖中宝,1.6739,0.5514,31.6273,501.9907,28.5673,71.4327
600209,罗顿发展,0.8613,0.2557,2.6838,143.385,59.2752,40.7248
600210,紫江企业,0.7477,0.4509,13.5071,427.2001,38.2393,61.7607
600211,西藏药业,0.655,0.4593,14.1882,-705.9014,41.6125,58.3875
600212,江泉实业,0.8301,0.3979,15.6629,-1078.3423,61.0175,38.9825
600213,亚星客车,0.7189,0.6343,12.1445,234.3416,32.4342,67.5658
600215,长春经开,2.6324,0.9784,6.0749,-283.7296,47.4806,52.5194
600216,浙江医药,0.8302,0.5893,13.2292,117.4008,29.1397,70.8603
600217,中再资环,0.4143,0.313,1.7913,36.2805,25.7209,74.2791
600218,全柴动力,1.653,1.3858,64.6468,-277.6311,65.7836,34.2164
600219,南山铝业,0.8928,0.4332,17.5185,5652.8805,80.8324,19.1676
600220,江苏阳光,1.3593,1.1717,81.4537,346.5777,60.3569,39.6431
600221,海南航空,0.7905,0.7724,62.6826,163.9934,21.3313,78.6687
600222,太龙药业,1.3854,0.9244,20.8634,284.662,62.7976,37.2024
600223,鲁商置业,0.1882,0.0843,1.5329,-44.5178,17.0011,82.9989
600225,*ST松江,0.2981,0.2703,0.5823,-2967.3919,-95.0459,195.0459
600226,升华拜克,0.8881,0.668,23.4713,401.526,52.2657,47.7343
600227,赤天化,2.7029,2.2455,192.2048,-2788.9841,80.2423,19.7577
600228,*ST昌九,0.764,0.6146,6.1751,213.0014,48.0233,51.9767
600229,城市传媒,0.6197,0.4752,13.7414,261.5531,44.3212,55.6788
600230,沧州大化,1.2843,0.883,56.9885,1797.539,55.8431,44.1569
600231,凌钢股份,2.8003,1.9345,45.3726,-62441.1198,77.2888,22.7112
600232,金鹰股份,1.5013,0.6224,27.3764,258.6373,48.8598,51.1402
600233,圆通速递,3.1319,2.2371,146.564,3734.656,82.0051,17.9949
600234,ST山水,0.0756,0.0533,0.222,96.4956,-508.544,608.544
600235,民丰特纸,0.4749,0.3393,13.4463,121.5222,41.4782,58.5218
600236,桂冠电力,1.0199,0.9065,34.0955,211.2973,33.4513,66.5487
600237,铜峰电子,1.1237,0.7871,17.599,174.4949,55.3189,44.6811
600238,海南椰岛,1.4939,1.0064,30.6916,369.6894,49.8194,50.1806
600239,云南城投,41.8101,41.0924,12.8949,257348.3104,97.8681,2.1319
600240,华业资本,3.4942,0.6622,18.7215,-26127.5263,57.5096,42.4904
600241,时代万恒,1.9936,0.9413,31.139,277.0587,63.1443,36.8557
600242,中昌数据,0.0099,0.0099,0.0571,-128.821,-604.7718,704.7718
600243,青海华鼎,1.4829,0.8412,19.2986,367.3112,42.2141,57.7859
600246,万通地产,1.9228,0.4653,37.7349,-11769.0125,23.4543,76.5457
600247,ST成城,1.2882,0.4451,21.3609,348.5692,63.2261,36.7739
600248,延长化建,0.2191,0.1518,1.148,-55.3028,-2.2504,102.2504
600249,两面针,3.1252,2.8671,189.4809,-46494.7343,82.4058,17.5942
600250,南纺股份,1.0468,0.8413,23.9518,150.7623,21.5271,78.4729
600251,冠农股份,0.7448,0.6038,31.2901,137.6939,46.5146,53.4854
600252,中恒集团,1.348,0.8534,8.2644,456.5858,36.0079,63.9921
600255,鑫科材料,1.0424,0.7634,48.6253,427.1493,36.0963,63.9037
600256,广汇能源,0.6837,0.5643,18.2617,607.4891,61.2425,38.7575
600257,大湖股份,1.0659,0.4487,10.2895,158.8923,56.4163,43.5837
600258,首旅酒店,0.451,0.4301,26.9074,1272.8631,63.2333,36.7667
600259,广晟有色,0.1957,0.0914,1.1255,-63.6905,-4.9742,104.9742
600260,凯乐科技,2.6735,1.6032,52.9018,7384.8119,74.3209,25.6791
600261,阳光照明,1.7077,1.3106,70.2001,10452.1017,55.9266,44.0734
600262,北方股份,1.177,0.6229,14.4029,130.4852,31.5904,68.4096
600265,ST景谷,1.2098,0.665,3.3483,-6.8596,42.0578,57.9422
600266,北京城建,1.36,0.2777,15.3886,399.9092,37.5533,62.4467
600267,海正药业,0.8065,0.5259,13.7976,374.232,43.9948,56.0052
600268,国电南自,1.4169,1.1585,16.6286,275.4482,35.3029,64.6971
600269,赣粤高速,0.4485,0.3131,25.9014,729.0451,53.6973,46.3027
600270,外运发展,3.4235,3.423,227.1283,-1563.6973,78.1667,21.8333
600271,航天信息,2.9855,2.601,211.6406,-7545.3436,72.5295,27.4705
600272,开开实业,0.5538,0.3871,14.4752,117.4094,13.5782,86.4218
600273,嘉化能源,1.0809,0.7059,55.3625,1179.8473,70.2716,29.7284
600275,武昌鱼,1.1121,0.0456,0.0586,-249.5241,25.0365,74.9635
600276,恒瑞医药,4.0976,3.7411,260.1626,95267.8766,83.1899,16.8101
600277,亿利洁能,0.969,0.7806,29.0403,186.6371,43.5624,56.4376
600278,东方创业,1.5252,1.4669,78.8811,878.8942,56.2493,43.7507
600279,重庆港九,2.3724,2.3361,135.4987,270.2949,46.8674,53.1326
600280,中央商场,0.5485,0.2659,16.5165,251.1947,25.0331,74.9669
600281,太化股份,0.7744,0.5902,11.7679,290.6865,44.2188,55.7812
600282,南钢股份,1.1252,0.6084,24.1929,784.8998,36.6303,63.3697
600283,钱江水利,1.3074,0.7333,39.7536,165.3103,51.271,48.729
600284,浦东建设,1.0046,0.3172,13.5826,1977.2969,46.5613,53.4387
600285,羚锐制药,1.4842,1.246,56.2086,794.3822,57.5732,42.4268
600287,江苏舜天,1.1347,1.0177,40.4603,317.7101,31.1181,68.8819
600288,大恒科技,1.5558,0.9329,46.6027,334.847,50.3133,49.6867
600289,亿阳信通,2.0975,1.8745,11.2452,644.1437,65.636,34.364
600290,华仪电气,1.4275,1.2218,23.7751,34834.4354,43.8265,56.1735
600291,西水股份,0.7574,0.5767,29.0809,410.2291,85.8251,14.1749
600292,远达环保,0.7196,0.6129,8.6179,287.4594,29.8333,70.1667
600293,三峡新材,0.8393,0.6474,32.7289,117.4814,38.8017,61.1983
600295,鄂尔多斯,1.1168,0.6482,26.6855,243.5799,39.3747,60.6253
600297,广汇汽车,1.3109,1.1705,49.6784,247.7049,45.6563,54.3437
600298,安琪酵母,1.0171,0.3953,8.5992,1029.2019,58.4372,41.5628
600299,安迪苏,0.8052,0.6446,38.372,340.3315,18.9413,81.0587
600300,维维股份,1.288,0.9238,34.2672,588.2347,67.4681,32.5319
600301,ST南化,0.642,0.52,34.486,234.1811,48.9316,51.0684
600302,标准股份,2.4629,1.6625,82.7196,3733.7603,73.9513,26.0487
600303,曙光股份,1.279,1.0455,43.4057,2313.2114,35.3104,64.6896
600305,恒顺醋业,1.2668,0.5092,26.9561,200.7152,27.8977,72.1023
600306,*ST商城,0.9304,0.3543,22.6881,256.7282,38.7913,61.2087
600307,酒钢宏兴,1.1256,0.7197,29.1667,934.3131,58.4363,41.5637
600308,华泰股份,0.6873,0.4414,12.2433,522.0902,40.3727,59.6273
600309,万华化学,1.4291,1.0238,36.936,2903.8255,52.6293,47.3707
600310,桂东电力,0.8191,0.7913,29.8615,248.9508,34.3997,65.6003
600311,荣华实业,0.8757,0.869,0.0206,-392.2829,68.3433,31.6567
600312,平高电气,1.3429,0.9271,25.0982,811.9471,40.0914,59.9086
600313,农发种业,2.5959,2.1027,160.4736,-3443.7096,64.7198,35.2802
600315,上海家化,1.2912,0.948,42.6113,1351.9928,50.5731,49.4269
600316,洪都航空,1.5089,0.9795,26.5268,430.5968,40.6429,59.3571
600317,营口港,0.4569,0.406,8.7531,565.5199,60.9188,39.0812
600318,新力金融,0.9855,0.8003,66.1207,98.7704,50.8225,49.1775
600319,亚星化学,0.8779,0.7508,38.0376,169.4995,43.1852,56.8148
600320,振华重工,1.1046,0.9919,4.9549,626.7531,27.5199,72.4801
600321,国栋建设,1.6505,0.5331,26.0929,1236.6121,81.905,18.095
600322,天房发展,2.1075,0.3959,24.294,241.3273,39.6621,60.3379
600323,瀚蓝环境,0.3795,0.3438,17.499,956.4991,61.6627,38.3373
600325,华发股份,2.4896,0.3331,30.9065,-2139.6007,26.6101,73.3899
600326,西藏天路,1.6787,1.0408,25.1993,307.4045,52.7951,47.2049
600327,大东方,1.0747,0.7057,49.3187,1220.4132,45.8339,54.1661
600328,兰太实业,1.0038,0.7698,29.679,262.2208,42.89,57.11
600329,中新药业,0.8742,0.5834,19.2551,293.2725,43.9478,56.0522
600330,天通股份,1.2377,0.7887,26.2445,750.3978,55.7582,44.2418
600331,宏达股份,1.1655,0.8106,46.1585,1094.8303,41.74,58.26
600332,白云山,1.4745,1.0794,17.679,1076.6237,49.7633,50.2367
600333,长春燃气,1.3079,0.9546,13.7984,2684.2174,69.0064,30.9936
600335,国机汽车,1.3379,0.609,16.2449,--,38.1394,61.8606
600336,澳柯玛,0.8599,0.6174,15.4145,55.7429,29.2253,70.7747
600337,美克家居,1.1501,0.417,9.9777,421.3987,65.4104,34.5896
600338,西藏珠峰,0.56,0.244,4.0797,-395.6969,-9.4932,109.4932
600339,*ST油工,0.7753,0.5771,43.0105,203.1324,37.9774,62.0226
600340,华夏幸福,1.8385,1.2839,40.8834,-420.0399,66.797,33.203
600343,航天动力,1.7088,1.0979,41.7646,533.0274,54.8381,45.1619
600345,长江通信,1.5952,1.3438,74.0766,963.0661,68.4506,31.5494
600346,恒力股份,1.7857,1.1096,44.0557,179.4381,47.4309,52.5691
600348,阳泉煤业,1.0818,0.964,31.6217,-49840.4674,47.0055,52.9945
600350,山东高速,0.7967,0.7864,67.1552,-16221.3059,71.7372,28.2628
600351,亚宝药业,0.7879,0.559,11.8481,353.367,35.0408,64.9592
600352,浙江龙盛,1.1841,0.9123,28.8724,686.2452,42.8124,57.1876
600353,旭光股份,2.3409,1.607,58.403,287.5013,68.6596,31.3404
600354,敦煌种业,1.1356,0.6252,19.1433,-43.2199,43.606,56.394
600355,精伦电子,4.9567,2.8488,58.6612,-1683.6125,87.6791,12.3209
600356,恒丰纸业,1.4032,0.9562,21.4595,239.0681,48.0746,51.9254
600358,国旅联合,2.0665,1.453,58.8283,501.8375,70.2583,29.7417
600359,新农开发,1.2452,0.6717,26.3304,-876.827,54.5902,45.4098
600360,华微电子,1.1581,0.8637,27.8857,416.0876,44.5206,55.4794
600361,华联综超,1.004,0.798,58.9747,1575.7794,45.3286,54.6714
600362,江西铜业,1.4631,0.6249,11.0922,2703.021,57.2913,42.7087
600363,联创光电,1.619,1.1569,24.6052,506.6743,48.1841,51.8159
600365,通葡股份,2.2079,1.3796,22.6985,-36042.8377,75.5536,24.4464
600366,宁波韵升,1.021,0.661,9.745,922.9079,35.6009,64.3991
600367,红星发展,3.6214,2.8704,149.4769,2386.7538,80.1481,19.8519
600368,五洲交通,11.4933,10.299,899.3819,-3025.5633,81.1203,18.8797
600369,西南证券,0.8455,0.8326,18.6165,-499.3856,2.7631,97.2369
600370,三房巷,1.9611,1.3902,111.9965,1234.881,71.8191,28.1809
600371,万向德农,1.1015,0.5513,37.5628,1338.9848,35.8351,64.1649
600372,中航电子,0.771,0.4712,12.9657,-466.8505,37.9055,62.0945
600373,中文传媒,1.0608,0.5268,23.5673,128.07,28.1683,71.8317
600375,华菱星马,1.1082,0.8533,41.6477,354.1334,26.2093,73.7907
600376,首开股份,1.3324,0.2558,4.12,-292.3355,19.9084,80.0916
600377,宁沪高速,0.1559,0.1512,12.4572,573.2814,58.6666,41.3334
600378,天科股份,1.8338,1.3844,46.2717,-3002.4387,69.0116,30.9884
600379,宝光股份,1.8126,1.1981,25.7385,141.6841,63.2252,36.7748
600380,健康元,1.2612,1.0461,27.8077,2851.0707,63.4151,36.5849
600381,青海春天,0.6898,0.6343,1.4001,73.9477,-87.8751,187.8751
600382,广东明珠,1.2205,0.9676,5.7833,237.7673,42.475,57.525
600383,金地集团,2.0307,0.3215,16.669,3817.0674,25.6952,74.3048
600385,山东金泰,0.0688,0.0374,0.0899,-51.4146,-280.4835,380.4835
600386,北巴传媒,0.5772,0.5484,41.0108,221.0336,24.3705,75.6295
600387,海越股份,0.6047,0.2067,11.2629,356.975,48.2749,51.7251
600388,龙净环保,1.2297,0.7038,21.8538,1821.2521,28.9995,71.0005
600389,江山股份,0.6985,0.4709,12.9755,450.7664,33.5364,66.4636
600390,*ST金瑞,1.1492,0.7094,28.3317,294.3843,48.5205,51.4795
600391,成发科技,1.9999,1.0361,33.3174,628.3537,42.5456,57.4544
600392,盛和资源,1.4524,1.2496,17.9652,275.7877,46.6887,53.3113
600393,粤泰股份,1.3867,0.3298,9.1139,1289.4824,22.8482,77.1518
600395,盘江股份,1.6783,1.5556,58.6395,-7580.4272,69.3997,30.6003
600396,金山股份,0.4959,0.4568,22.2299,294.6669,26.9309,73.0691
600397,安源煤业,0.6831,0.5213,18.6302,160.1508,38.6678,61.3322
600398,海澜之家,1.9925,1.6117,130.3481,1004.6243,62.3528,37.6472
600399,抚顺特钢,0.8546,0.5212,25.3113,133.4101,32.4235,67.5765
600400,红豆股份,2.2943,1.0307,47.0605,432.2892,44.3655,55.6345
600401,海润光伏,0.289,0.2202,4.962,104.675,31.2988,68.7012
600403,*ST大有,23.0733,20.9618,1428.6282,-838.5188,93.7691,6.2309
600405,动力源,1.6306,1.0453,27.9621,-63.0831,45.6159,54.3841
600406,国电南瑞,1.7021,1.2679,50.7697,-1376.1259,52.299,47.701
600408,安泰集团,0.8631,0.538,11.553,440.1369,39.3178,60.6822
600409,三友化工,0.7295,0.6561,40.2551,824.5874,36.1229,63.8771
600410,华胜天成,1.7608,0.8131,17.4847,11092.0975,44.109,55.891
600415,小商品城,0.4994,0.1469,9.92,-6632.7841,28.1715,71.8285
600416,湘电股份,1.1165,0.921,24.6385,318.8465,34.4877,65.5123
600418,江淮汽车,0.9814,0.7083,34.254,3711.9564,53.0774,46.9226
600419,天润乳业,0.6166,0.2636,3.4772,133.2317,37.9779,62.0221
600420,现代制药,3.6664,2.4992,114.0371,4787.9508,82.6768,17.3232
600421,仰帆控股,2.0258,1.7538,61.8784,-652.0067,59.7459,40.2541
600422,昆药集团,1.4137,0.9788,21.0807,248.5315,47.6539,52.3461
600423,柳化股份,0.8188,0.635,26.5647,938.5546,49.8145,50.1855
600425,*ST青松,0.8677,0.6269,23.9727,317.5022,37.0932,62.9068
600426,华鲁恒升,1.2105,1.0526,85.4212,1700.9273,43.3008,56.6992
600428,中远海特,1.0947,1.004,57.8595,2670.6404,54.4705,45.5295
600429,三元股份,1.166,0.7622,32.9542,177.6474,69.9036,30.0964
600432,*ST吉恩,1.168,0.8978,37.1547,2084.963,46.4777,53.5223
600433,冠豪高新,1.3116,1.0004,43.9323,253.3078,46.0825,53.9175
600435,北方导航,3.7234,2.8166,143.8743,-1180.614,76.961,23.039
600436,片仔癀,2.896,1.886,103.5493,228931.232,78.0087,21.9913
600438,通威股份,0.9042,0.4292,16.0093,380.0456,38.0906,61.9094
600439,瑞贝卡,5.4607,3.8856,229.8265,880.1915,70.8167,29.1833
600444,国机通用,0.9163,0.5887,5.6565,141.4695,42.3904,57.6096
600446,金证股份,1.9599,1.0665,50.5694,-882.1431,50.954,49.046
600448,华纺股份,0.9717,0.5108,15.927,189.3864,47.0924,52.9076
600449,宁夏建材,0.7834,0.5748,19.6996,322.6125,48.9601,51.0399
600452,涪陵电力,0.656,0.6473,42.2554,206.8721,38.4823,61.5177
600455,博通股份,0.7877,0.6979,22.4041,193.8196,43.8281,56.1719
600456,宝钛股份,4.5931,3.0584,129.6527,3330.8809,78.8769,21.1231
600458,时代新材,1.3744,0.9706,10.4929,312.9007,48.7978,51.2022
600459,贵研铂业,1.3537,0.7851,17.1865,2135.6796,53.5878,46.4122
600460,士兰微,0.8979,0.5026,21.5987,636.8228,41.0997,58.9003
600461,洪城水业,1.7082,1.6458,72.7824,682.6568,76.5177,23.4823
600462,九有股份,0.355,0.2506,3.1623,-167.0608,12.1288,87.8712
600463,空港股份,1.6062,0.5689,23.8687,1201.545,38.0321,61.9679
600466,蓝光发展,1.2825,1.1671,53.6148,174.4514,67.5588,32.4412
600467,好当家,0.994,0.2556,16.6476,1092.2346,73.552,26.448
600468,百利电气,1.3151,0.9671,19.6943,488.7465,60.2274,39.7726
600469,风神股份,0.8743,0.5976,12.3229,258.8276,25.1317,74.8683
600470,六国化工,1.2607,0.5222,37.6444,333.4947,49.8538,50.1462
600475,华光股份,1.0155,0.6568,45.4369,909.9445,22.9324,77.0676
600476,湘邮科技,1.1813,0.7459,29.6217,214.9654,40.8095,59.1905
600477,杭萧钢构,0.8333,0.4494,9.4747,175.7355,20.2097,79.7903
600478,科力远,1.0159,0.7934,27.8603,208.7432,46.0319,53.9681
600479,千金药业,2.6057,2.202,66.6728,-43394.5739,71.4084,28.5916
600480,凌云股份,1.4179,0.9785,17.6212,645.1008,50.9673,49.0327
600481,双良节能,0.9928,0.5648,20.1709,441.8985,42.2631,57.7369
600482,中国动力,0.9924,0.4253,13.0031,223.8833,36.6436,63.3564
600483,福能股份,1.3751,0.9054,29.2834,245.1644,56.1191,43.8809
600485,信威集团,2.8419,1.9912,81.5079,2604.0576,65.2943,34.7057
600486,扬农化工,1.1237,0.978,34.1513,2190.1434,33.2696,66.7304
600487,亨通光电,1.8933,1.4638,70.7395,1047.6709,59.3391,40.6609
600488,天药股份,1.3934,0.7437,35.8818,204.7462,61.3081,38.6919
600489,中金黄金,1.0718,0.6193,42.6449,3590.4787,48.3788,51.6212
600490,鹏欣资源,1.7742,1.0825,42.3594,262.5042,64.2734,35.7266
600491,龙元建设,1.1204,0.6854,14.7464,460.2064,20.0333,79.9667
600493,凤竹纺织,0.8049,0.4622,12.0323,361.024,53.159,46.841
600495,晋西车轴,1.3266,0.9785,28.094,940.9598,52.0544,47.9456
600496,精工钢构,1.1393,0.6339,36.8951,390.041,28.8043,71.1957
600497,驰宏锌锗,1.2833,0.4371,30.377,2102.6261,50.0723,49.9277
600498,烽火通信,1.8671,1.1872,46.9832,1494.9175,54.7136,45.2864
600499,科达洁能,1.2759,0.7058,33.3467,1327.4824,46.7822,53.2178
600500,中化国际,1.2594,0.8337,26.6091,736.7812,43.3401,56.6599
600501,航天晨光,1.1083,0.7567,22.4536,201.0552,45.6032,54.3968
600502,安徽水利,1.0373,0.638,20.2524,233.4273,27.7244,72.2756
600503,华丽家族,1.1976,1.0747,0.1069,-1483.2637,33.6868,66.3132
600505,西昌电力,0.223,0.2172,1.814,161.031,11.3994,88.6006
600506,香梨股份,0.8239,0.7178,29.2211,-417.1692,68.4354,31.5646
600507,方大特钢,0.5982,0.3366,16.8043,520.0199,30.2146,69.7854
600508,上海能源,0.5836,0.4316,12.3071,1662.6953,50.2961,49.7039
600509,天富能源,0.8131,0.6125,34.141,146.4562,20.3444,79.6556
600510,黑牡丹,2.8256,1.5581,77.2593,4309.7783,80.7328,19.2672
600511,国药股份,1.2822,0.9158,21.9854,2441.0084,39.4354,60.5646
600512,腾达建设,0.9944,0.8346,24.3351,265.4602,30.9672,69.0328
600513,联环药业,6.1233,5.1584,223.0191,-387.0592,77.0332,22.9668
600515,海航基础,0.3863,0.3644,4.704,39.3915,0.0463,99.9537
600516,方大炭素,0.8664,0.4476,5.5717,261.6971,32.4098,67.5902
600517,置信电气,1.5581,0.8593,23.7841,4759.5452,44.592,55.408
600518,康美药业,1.4809,1.2196,86.1394,719.5658,57.0555,42.9445
600519,贵州茅台,1.8151,1.2861,120.021,-4028.6604,60.8141,39.1859
600520,*ST中发,1.7864,1.1409,33.4004,558.3846,63.4181,36.5819
600521,华海药业,1.8566,1.1064,45.8677,1345.8722,71.3012,28.6988
600522,中天科技,1.2565,0.7167,24.934,1093.9778,34.5489,65.4511
600523,贵航股份,1.377,0.853,13.1898,379.1258,55.0939,44.9061
600525,长园集团,1.1404,0.8954,17.4754,1174.7074,61.931,38.069
600526,菲达环保,1.2098,0.6859,24.3006,149.868,26.0029,73.9971
600527,江南高纤,2.4875,1.7403,141.2769,1397.9484,70.855,29.145
600528,中铁工业,1.2707,0.7749,21.6141,475.2837,28.1906,71.8094
600529,山东药玻,1.6837,1.3682,37.2872,1349.7499,66.7942,33.2058
600530,交大昂立,1.9198,1.2816,45.1731,550.1597,62.0018,37.9982
600531,豫光金铅,1.1874,0.467,21.4304,409.073,30.1137,69.8863
600532,宏达矿业,0.8494,0.7375,43.4604,159.9115,29.3237,70.6763
600533,栖霞建设,2.5564,0.8947,80.0004,2695.5483,33.2429,66.7571
600535,天士力,1.4817,1.274,51.7488,458.5024,60.8061,39.1939
600536,中国软件,1.7839,1.3765,36.3996,818.5296,43.1286,56.8714
600537,亿晶光电,0.8667,0.4701,5.7385,229.3989,56.9257,43.0743
600538,国发股份,0.6226,0.3727,12.7549,165.2945,32.5339,67.4661
600539,ST狮头,1.9864,1.6878,90.0977,-638.4341,73.6516,26.3484
600540,新赛股份,1.935,1.4846,70.4244,3126.4659,64.1832,35.8168
600543,莫高股份,2.2355,1.5037,84.9855,556.6506,67.2098,32.7902
600545,新疆城建,1.1006,0.6584,21.8913,133.8149,37.828,62.172
600546,*ST山煤,1.2828,0.4568,7.3904,313.7995,37.3447,62.6553
600547,山东黄金,0.853,0.6487,11.8352,2409.7972,61.2389,38.7611
600548,深高速,0.1863,0.1845,11.6158,940.6409,55.2612,44.7388
600549,厦门钨业,1.2732,0.5443,16.5186,397.6707,35.9099,64.0901
600550,保变电气,1.2731,0.9065,21.9697,654.0494,46.3893,53.6107
600551,时代出版,1.1679,0.851,34.1787,177.4392,54.9505,45.0495
600552,凯盛科技,0.5396,0.424,9.7438,183.7452,28.453,71.547
600555,海航创新,1.3153,1.2561,53.3047,1650.4059,66.1246,33.8754
600556,ST慧球,0.48,0.4097,0.1922,-78.7108,41.6747,58.3253
600557,康缘药业,1.179,1.0242,33.7957,661.0018,52.2089,47.7911
600558,大西洋,1.4153,0.9654,40.2322,1354.9389,52.6146,47.3854
600559,老白干酒,0.9865,0.348,8.219,148.0824,42.0782,57.9218
600560,金自天正,1.418,0.7248,17.8508,-1233.885,37.37,62.63
600561,江西长运,0.9275,0.9074,42.529,1105.5741,48.4819,51.5181
600562,国睿科技,2.4886,1.4685,38.8564,157.5273,76.2423,23.7577
600563,法拉电子,6.6295,5.2874,246.0584,-7565.1571,90.8801,9.1199
600565,迪马股份,1.6481,0.7723,31.4387,3343.9047,34.1347,65.8653
600566,济川药业,1.178,0.8753,19.0071,392.0509,60.7998,39.2002
600567,山鹰纸业,0.7791,0.6578,32.4616,218.5343,33.8399,66.1601
600568,中珠医疗,1.1103,0.8604,10.0046,376.2742,36.305,63.695
600569,安阳钢铁,0.7937,0.3802,31.0651,783.3774,35.8064,64.1936
600570,恒生电子,2.5017,2.3349,85.7274,4103.1605,69.2548,30.7452
600571,信雅达,1.2874,0.914,26.8002,178.68,50.9897,49.0103
600572,康恩贝,1.0377,0.8527,39.3323,428.0468,48.285,51.715
600573,惠泉啤酒,1.1362,0.638,43.2899,1610.8047,82.3566,17.6434
600575,皖江物流,3.4073,3.3633,239.7044,-2674.5286,92.2486,7.7514
600576,万家文化,0.9875,0.1904,6.6857,394.8583,33.7212,66.2788
600577,精达股份,1.265,1.0239,29.3357,323.5485,36.7878,63.2122
600578,京能电力,1.2893,1.1993,81.2834,-27948.5082,77.4339,22.5661
600579,天华院,0.5883,0.424,14.1999,116.2218,19.4828,80.5172
600580,卧龙电气,1.6667,1.242,64.4362,820.6473,64.5178,35.4822
600581,*ST八钢,0.8683,0.5311,15.7468,257.5916,27.3665,72.6335
600582,天地科技,1.4144,0.9121,22.2054,2867.332,44.1497,55.8503
600583,海油工程,0.9595,0.488,16.2554,15319.6666,53.9096,46.0904
600584,长电科技,0.7201,0.6038,41.1021,232.2044,40.5428,59.4572
600585,海螺水泥,0.6313,0.4143,11.8215,591.6093,37.9568,62.0432
600586,金晶科技,0.2837,0.1895,10.9188,647.3307,31.9946,68.0054
600587,新华医疗,2.2318,1.6372,83.0459,363.3441,58.368,41.632
600588,用友网络,2.4411,2.4176,136.5881,-4646.3434,79.6332,20.3668
600589,广东榕泰,1.0423,0.6511,18.152,694.2623,64.6676,35.3324
600590,泰豪科技,1.2398,0.8152,16.5802,282.5647,45.7726,54.2274
600592,龙溪股份,2.4457,1.8045,76.015,72771.5071,72.5892,27.4108
600593,大连圣亚,0.3332,0.3163,12.333,11.7651,43.7066,56.2934
600594,益佰制药,1.0834,0.875,33.6333,654.7325,44.1309,55.8691
600595,中孚实业,0.9102,0.7658,47.5464,941.6089,43.5673,56.4327
600596,新安股份,1.2287,0.8722,53.7278,2854.7996,51.4221,48.5779
600597,光明乳业,1.2597,0.9197,35.9754,1962.0389,57.4679,42.5321
600598,北大荒,0.957,0.5453,21.7783,539.9322,39.4082,60.5918
600599,熊猫金控,2.9937,2.8611,16.5824,360.0033,79.8023,20.1977
600600,青岛啤酒,0.9697,0.6027,46.7762,10935.6624,52.7441,47.2559
600601,方正科技,1.5053,1.3331,86.3966,626.2332,52.5492,47.4508
600602,云赛智联,0.7139,0.5075,14.3511,32.0116,60.2512,39.7488
600603,广汇物流,0.8077,0.5014,15.2733,486.7653,-684.8615,784.8615
600604,市北高新,1.335,0.7039,24.0136,184.8681,55.0345,44.9655
600605,汇通能源,1.4108,0.9493,4.5322,134.8077,39.4744,60.5256
600606,绿地控股,1.7593,1.0096,33.3578,797.8135,51.7313,48.2687
600608,*ST沪科,0.3483,0.2475,4.0054,587.21,20.1077,79.8923
600609,金杯汽车,0.7259,0.5884,28.5362,203.2956,16.8296,83.1704
600610,中毅达,0.5867,0.4275,17.7112,1435.3984,49.4909,50.5091
600611,大众交通,0.5867,0.424,28.0808,994.6946,43.713,56.287
600612,老凤祥,1.2398,0.6792,39.0063,604.2459,39.602,60.398
600613,神奇制药,1.3281,1.3277,33.1232,925.1475,64.7573,35.2427
600614,鹏起科技,0.6803,0.3822,3.1371,487.8612,8.7716,91.2284
600615,丰华股份,2.4221,0.5036,36.6209,-36070.3911,33.1928,66.8072
600616,金枫酒业,1.1687,0.5527,9.678,756.0616,39.2268,60.7732
600617,国新能源,1.1592,0.3084,13.7369,57.6292,15.6943,84.3057
600618,氯碱化工,0.7601,0.5534,25.1602,134.6145,41.8812,58.1188
600619,海立股份,0.9765,0.8507,5.5852,538.6839,38.844,61.156
600620,天宸股份,1.3822,0.3325,19.483,371.4286,32.0665,67.9335
600621,华鑫股份,0.9431,0.8221,42.0176,2002.1614,56.498,43.502
600622,嘉宝集团,1.5737,0.7836,29.8553,-100343.4877,56.404,43.596
600623,华谊集团,1.0489,0.7785,23.0371,208.1171,27.199,72.801
600624,复旦复华,1.2207,1.0438,36.3283,246.3037,49.9032,50.0968
600626,申达股份,1.4816,1.2558,77.6423,1328.4956,64.7384,35.2616
600628,新世界,0.1263,0.1142,7.9185,320.4954,42.5082,57.4918
600629,华建集团,0.6099,0.5488,12.3628,3551.7701,22.0774,77.9226
600630,龙头股份,1.2104,0.5754,18.0577,139.0748,41.6776,58.3224
600633,浙报传媒,1.6865,1.172,36.4167,307.2474,62.296,37.704
600634,富控互动,3.4008,2.2858,1.9008,-12356.4926,70.9106,29.0894
600635,大众公用,0.8125,0.6329,45.7514,554.0415,37.1816,62.8184
600636,*ST爱富,0.7568,0.5199,15.7689,540.4527,41.0153,58.9847
600637,东方明珠,0.9285,0.7853,19.8952,126.9479,44.9195,55.0805
600638,新黄浦,2.3087,1.958,149.1375,1025.4462,76.7209,23.2791
600639,浦东金桥,0.4968,0.0383,1.981,498.3933,60.0328,39.9672
600640,号百控股,8.4228,7.9969,685.7604,-1394.4975,90.9717,9.0283
600641,万业企业,3.0409,1.6009,66.2601,42358.2058,64.6627,35.3373
600642,申能股份,0.8647,0.8174,70.838,7043.1737,73.1512,26.8488
600643,爱建集团,1.0063,0.3669,17.8857,1343.772,36.2629,63.7371
600644,乐山电力,0.4717,0.4183,17.3322,765.1286,48.6918,51.3082
600645,中源协和,0.6578,0.5498,28.9613,266.8046,31.9714,68.0286
600647,同达创业,1.1095,0.3353,2.9572,-7107.7342,21.2313,78.7687
600648,外高桥,1.8982,0.3738,23.6525,51.6163,24.2078,75.7922
600649,城投控股,2.2387,2.1748,171.5505,-4664.0966,87.0866,12.9134
600650,锦江投资,0.9583,0.8941,66.9313,-10430.3183,70.5898,29.4102
600651,飞乐音响,1.1404,0.8834,49.0473,282.0682,48.3104,51.6896
600652,游久游戏,1.2662,1.2494,75.3895,327.0623,43.2189,56.7811
600653,申华控股,0.828,0.5309,21.8803,174.3085,47.8274,52.1726
600654,中安消,1.3116,0.9023,31.126,217.3382,56.2089,43.7911
600655,豫园商城,1.2482,0.5331,37.9791,526.9712,43.242,56.758
600657,信达地产,1.0495,0.8824,19.9941,-340.236,28.934,71.066
600658,电子城,1.1048,0.6097,20.2384,-104.4688,32.758,67.242
600660,福耀玻璃,0.8459,0.387,4.0031,516.4137,34.9609,65.0391
600661,新南洋,0.6552,0.52,21.6431,244.1286,46.9558,53.0442
600662,强生控股,0.9402,0.4349,30.7858,11938.5001,46.037,53.963
600663,陆家嘴,2.3237,1.2282,102.2964,-579.0131,62.7298,37.2702
600664,哈药股份,1.3457,1.0005,45.855,963.0712,52.2754,47.7246
600665,天地源,2.2904,0.4326,19.0708,888.1049,39.8691,60.1309
600666,奥瑞德,0.8141,0.6529,23.2294,372.7126,38.8256,61.1744
600667,太极实业,1.1868,0.999,21.7343,324.4494,48.3671,51.6329
600668,尖峰集团,0.681,0.5371,27.5421,96.7655,36.9903,63.0097
600671,天目药业,2.2576,1.9132,44.38,455.1723,70.254,29.746
600673,东阳光科,0.6144,0.3889,9.3421,697.5658,49.5011,50.4989
600674,川投能源,1.9353,1.6451,61.5198,1115.2459,76.9765,23.0235
600675,中华企业,1.751,0.4866,39.2089,1837.0063,36.9888,63.0112
600676,交运股份,1.2157,0.8091,40.912,739.51,56.4303,43.5697
600677,航天通信,0.9185,0.6504,31.1847,1587.893,26.2492,73.7508
600678,四川金顶,0.8961,0.7969,46.1416,243.423,34.4731,65.5269
600679,上海凤凰,1.1153,0.9248,51.172,92.0255,45.3036,54.6964
600680,ST上普,1.765,0.917,18.0108,117.7798,55.7897,44.2103
600681,百川能源,0.1911,0.1054,0.1371,-29.9155,-330.567,430.567
600682,南京新百,0.5851,0.5184,12.1294,702.0007,53.0694,46.9306
600683,京投发展,0.9726,0.4344,35.7379,281.1103,39.453,60.547
600684,珠江实业,8.7216,2.227,148.1915,250.9794,59.6573,40.3427
600685,中船防务,1.194,1.022,85.2503,-1332.3999,21.6139,78.3861
600686,金龙汽车,1.067,0.7582,35.68,616455.6934,28.7432,71.2568
600687,刚泰控股,1.6459,0.6466,13.6872,285.6686,31.1404,68.8596
600688,上海石化,1.3415,0.5359,12.6826,2862.8728,73.6204,26.3796
600689,上海三毛,1.3552,1.0109,42.7478,-445.0438,26.0282,73.9718
600690,青岛海尔,2.0791,1.5522,85.9338,2859.0646,65.068,34.932
600691,阳煤化工,1.7114,1.3842,0.4993,1526.097,-3.151,103.151
600692,亚通股份,0.508,0.4304,30.1672,347.1442,58.4781,41.5219
600693,东百集团,0.3187,0.3056,16.9817,367.0518,38.1552,61.8448
600694,大商股份,0.6508,0.4085,27.7576,934.4018,35.8351,64.1649
600695,绿庭投资,0.8626,0.3113,14.2521,218.7092,31.4599,68.5401
600696,*ST匹凸,2.1248,0.7997,3.8367,154.5811,53.5924,46.4076
600697,欧亚集团,0.7094,0.6346,7.7789,1195.1953,43.0166,56.9834
600698,湖南天雁,0.8657,0.5942,26.9367,143.5951,33.0279,66.9721
600699,均胜电子,1.15,0.5958,1.3415,10.2527,24.8817,75.1183
600701,工大高新,0.3174,0.2147,1.194,69.6467,69.7344,30.2656
600702,沱牌舍得,1.3384,0.4424,17.8371,484.7434,64.7542,35.2458
600703,三安光电,0.0493,0.0464,0.0119,-85.2133,-102.6352,202.6352
600704,物产中大,1.4618,0.6611,34.4697,10079.5144,26.8196,73.1804
600705,中航资本,0.7037,0.4034,0.2969,-156.0093,-8.8215,108.8215
600706,曲江文旅,0.8201,0.5604,1.1797,25.5442,9.3602,90.6398
600707,彩虹股份,1.9163,1.4116,32.5075,-390.6189,71.21,28.79
600708,光明地产,0.4827,0.3805,11.3693,387.0449,39.3199,60.6801
600710,*ST常林,1.2414,0.7866,34.0716,641.7757,49.8036,50.1964
600711,盛屯矿业,1.2045,1.0759,0.2252,735.0959,-0.3824,100.3824
600712,南宁百货,0.4759,0.4229,36.0772,183.5617,18.8989,81.1011
600713,南京医药,0.9797,0.7598,19.5241,255.9654,14.4365,85.5635
600714,金瑞矿业,0.388,0.1582,1.1036,-92.911,40.7662,59.2338
600715,文投控股,0.2941,0.2374,0.0346,110006.5304,58.2455,41.7545
600716,凤凰股份,0.4301,0.198,7.015,109.1659,24.1853,75.8147
600717,天津港,0.7595,0.7529,55.6591,2238.6196,65.6035,34.3965
600718,东软集团,2.2065,1.6025,75.0569,1659.1285,65.8451,34.1549
600719,大连热电,0.8437,0.7963,8.0577,274.8325,41.0758,58.9242
600720,祁连山,0.7372,0.5524,15.5555,199.795,40.1736,59.8264
600721,百花村,0.1513,0.1458,5.3847,77.0016,11.519,88.481
600722,金牛化工,0.2922,0.2455,0.9317,-178.179,-22.9337,122.9337
600723,首商股份,1.5133,1.1759,90.1314,446.1231,72.3248,27.6752
600724,宁波富达,1.0406,0.5267,18.4468,316.5843,40.4004,59.5996
600725,ST云维,0.7504,0.5616,24.011,370.7136,52.6625,47.3375
600726,华电能源,0.4831,0.4281,17.1416,126.5864,37.1533,62.8467
600727,鲁北化工,1.7231,1.4554,64.9629,117.9637,72.2904,27.7096
600728,佳都科技,0.6901,0.6295,15.9243,22.5712,-33.2547,133.2547
600729,重庆百货,0.8351,0.4841,32.4488,856.8466,37.6958,62.3042
600730,中国高科,1.2407,1.0984,22.8346,-17347.2585,35.655,64.345
600731,湖南海利,1.0461,0.6549,27.6274,153.8544,41.5333,58.4667
600732,*ST新梅,1.8455,0.2004,7.3085,13391.7392,31.7165,68.2835
600733,S*ST前锋,1.2883,0.7683,5.5489,177.7621,37.2073,62.7927
600734,实达集团,0.7106,0.553,4.0582,28.7456,-21.7508,121.7508
600735,新华锦,0.8534,0.6879,14.6796,2200.4907,25.7151,74.2849
600736,苏州高新,1.3018,0.2727,10.1981,774.002,22.3566,77.6434
600737,中粮糖业,0.4931,0.239,6.2429,245.5102,35.1113,64.8887
600738,兰州民百,0.4522,0.4261,34.486,65.8952,40.5976,59.4024
600739,辽宁成大,1.1578,0.9198,24.5491,4723.4241,61.3203,38.6797
600740,山西焦化,0.6133,0.3649,9.5763,386.3971,34.6261,65.3739
600741,华域汽车,0.2024,0.1966,10.9543,318.1061,46.5126,53.4874
600742,一汽富维,0.8889,0.4426,13.4023,254.39,52.2361,47.7639
600743,华远地产,0.2783,0.1416,3.9502,-161.5832,1.8795,98.1205
600744,华银电力,0.9331,0.6358,7.8593,57.5266,26.7164,73.2836
600745,中茵股份,0.0133,0.0133,0.1536,-113.7342,-1627.3972,1727.3972
600746,江苏索普,0.8932,0.6996,14.9098,223.1426,64.6502,35.3498
600747,大连控股,1.0181,0.5663,28.3055,-66.3155,36.9192,63.0808
600748,上实发展,1.7038,0.6439,54.6452,2994.4409,52.5719,47.4281
600749,西藏旅游,2.5619,2.5265,105.0036,304.2201,58.8136,41.1864
600750,江中药业,1.1357,0.9225,12.0436,1352.7031,65.2488,34.7512
600751,天海投资,0.2492,0.2491,2.9795,126.2322,-7.4203,107.4203
600753,东方银星,1.907,0.9964,1.2062,1612.8577,50.8365,49.1635
600754,锦江股份,2.7191,2.6718,211.4917,-24487.4831,89.0252,10.9748
600755,厦门国贸,0.9836,0.5773,7.7067,1160.3689,27.4102,72.5898
600756,浪潮软件,2.7075,1.9463,58.8187,566.9305,73.1889,26.8111
600757,长江传媒,0.3885,0.2236,4.1385,-1665.5098,1.823,98.177
600758,红阳能源,0.0798,0.0526,3.4895,1548.1611,40.4139,59.5861
600759,洲际油气,0.6937,0.6502,7.2171,91.6001,-27.4598,127.4598
600760,中航黑豹,0.9044,0.3707,16.2783,1066.1831,52.7471,47.2529
600761,安徽合力,2.5378,1.5942,74.1133,21229.8534,71.3296,28.6704
600763,通策医疗,5.168,5.0764,68.6001,-2552.687,91.8058,8.1942
600764,中电广通,1.1573,0.6823,9.3323,323.1034,33.4746,66.5254
600765,中航重机,2.5086,1.8339,92.2844,1607.9481,69.2222,30.7778
600766,园城黄金,1.413,1.0918,6.5316,2290.8803,36.735,63.265
600767,运盛医疗,5.8753,0.7212,50.9849,530.1064,77.2906,22.7094
600768,宁波富邦,0.7197,0.3713,11.8748,121.6905,28.8611,71.1389
600769,祥龙电业,1.0792,0.6874,24.6157,201.6485,67.0545,32.9455
600770,综艺股份,1.7593,1.4259,43.6955,989.0401,57.5262,42.4738
600771,广誉远,0.5958,0.5555,11.1411,220.9748,17.2127,82.7873
600773,西藏城投,1.6183,1.4518,2.7064,-735.81,52.8643,47.1357
600774,汉商集团,0.1735,0.1516,8.0425,113.1164,37.8377,62.1623
600775,南京熊猫,0.9091,0.6503,35.1439,238.8619,51.9682,48.0318
600776,东方通信,1.8549,1.6507,84.44,-678.0308,62.2758,37.7242
600777,新潮能源,1.3485,0.4712,29.2346,-278.0121,48.5092,51.4908
600778,友好集团,0.7818,0.5756,24.2076,201.8172,46.1654,53.8346
600779,水井坊,2.8886,0.9037,67.6654,15547.388,72.7784,27.2216
600780,通宝能源,0.4042,0.3646,12.5953,602.4265,45.6091,54.3909
600781,辅仁药业,0.8795,0.3267,10.6906,496.0491,31.8412,68.1588
600782,新钢股份,1.2761,0.8683,9.5073,581.6117,45.7576,54.2424
600783,鲁信创投,0.8754,0.6653,18.6401,143.1317,29.6158,70.3842
600784,鲁银投资,0.7404,0.4622,28.0795,188.9793,22.601,77.399
600785,新华百货,1.0591,0.7812,49.9837,5347.7533,57.3394,42.6606
600787,中储股份,1.0312,0.7415,22.8708,415.8002,30.1177,69.8823
600789,鲁抗医药,0.899,0.6355,7.9547,164.2698,58.8634,41.1366
600790,轻纺城,0.4808,0.2433,13.0574,751.4265,26.8137,73.1863
600791,京能置业,1.403,0.6448,10.7442,486.763,32.2108,67.7892
600792,云煤能源,0.686,0.357,6.1664,-301.0027,16.1472,83.8528
600793,宜宾纸业,0.3715,0.1937,4.4366,-663.8162,14.4649,85.5351
600794,保税科技,0.9244,0.4772,19.9247,616.8018,59.4111,40.5889
600795,国电电力,0.4496,0.3736,2.8174,332.231,27.4846,72.5154
600796,钱江生化,1.1716,0.7258,32.253,548.5656,53.7717,46.2283
600797,浙大网新,1.2876,0.9825,31.1725,345.0103,33.7666,66.2334
600798,宁波海运,0.5887,0.5377,35.4949,652.9291,33.4948,66.5052
600800,天津磁卡,0.691,0.623,2.3674,114.2424,8.4691,91.5309
600801,华新水泥,0.4719,0.2804,14.9525,256.2182,29.636,70.364
600802,福建水泥,0.6699,0.4958,24.7464,245.3841,62.1176,37.8824
600803,新奥股份,0.8422,0.68,2.0278,214.6203,32.8219,67.1781
600804,鹏博士,1.8937,1.733,97.7512,587.7567,69.0178,30.9822
600805,悦达投资,0.7648,0.6895,52.0873,171.2346,29.6111,70.3889
600806,*ST昆机,1.5035,1.0756,41.8028,5308.4745,53.3966,46.6034
600807,天业股份,0.9225,0.21,7.5474,164.2918,30.4615,69.5385
600808,马钢股份,0.9756,0.5349,18.7094,534.1938,32.8196,67.1804
600809,山西汾酒,2.157,1.4803,69.1772,-22189.6707,63.8787,36.1213
600810,神马股份,0.8767,0.7224,21.4474,151.4517,51.8803,48.1197
600811,东方集团,0.6624,0.5837,28.1223,207.4764,52.6431,47.3569
600812,华北制药,0.6266,0.4732,10.182,128.5099,21.5556,78.4444
600814,杭州解百,0.806,0.6885,60.7826,2570.0714,60.7995,39.2005
600815,厦工股份,1.2486,0.7015,7.2732,953.7509,35.6661,64.3339
600816,安信信托,0.6384,0.5589,48.9367,113.1536,41.7166,58.2834
600817,*ST宏盛,1.1399,1.1341,0.7131,222.6186,16.014,83.986
600818,中路股份,0.8951,0.571,15.3289,351.3029,35.063,64.937
600819,耀皮玻璃,1.1003,0.682,30.4827,298.0898,52.4393,47.5607
600820,隧道股份,0.7586,0.4773,16.4751,254.8647,21.1661,78.8339
600821,津劝业,1.6132,1.4928,78.7677,176.3349,55.9372,44.0628
600822,上海物贸,1.0204,0.6186,19.2828,224.8551,21.936,78.064
600823,世茂股份,1.6664,0.6533,58.1596,424.592,41.9286,58.0714
600824,益民集团,0.6242,0.3529,27.5241,539.0283,54.6284,45.3716
600825,新华传媒,1.2469,0.8805,44.9971,-857.6396,50.2787,49.7213
600826,兰生股份,1.3403,1.1124,60.2164,405.3127,62.4561,37.5439
600827,百联股份,0.7746,0.5662,43.6719,3342.5354,35.2568,64.7432
600828,茂业商业,0.4591,0.3698,9.8492,328.5335,17.8779,82.1221
600829,人民同泰,1.5826,1.2063,26.3537,89745.5873,56.6896,43.3104
600830,香溢融通,1.21,0.87,55.4832,1452.7316,50.6527,49.3473
600831,广电网络,6.485,6.4696,479.3645,-1658.1602,88.0542,11.9458
600833,第一医药,1.2842,0.7238,43.6769,1805.9378,52.0131,47.9869
600834,申通地铁,0.207,0.207,2.0195,2018.9823,87.1511,12.8489
600835,上海机电,1.5994,1.1831,88.3216,-6216.441,56.6437,43.3563
600836,界龙实业,1.2587,0.8916,23.7485,150.7292,27.8705,72.1295
600837,海通证券,--,--,--,--,11.9086,88.0914
600838,上海九百,0.3107,0.2545,15.8471,153.8116,57.3814,42.6186
600839,四川长虹,1.615,0.9391,20.6967,343.0158,54.2641,45.7359
600841,上柴股份,1.8273,1.2965,18.998,764.9222,64.2665,35.7335
600843,上工申贝,1.582,1.046,47.0871,202.2917,26.8882,73.1118
600844,丹化科技,0.3349,0.2202,9.1973,555.9677,21.7437,78.2563
600845,宝信软件,1.7062,1.3939,35.8938,4922.098,47.549,52.451
600846,同济科技,1.4012,0.7861,40.1125,566.8529,32.3148,67.6852
600847,万里股份,0.5981,0.4092,24.0937,-273.5102,16.6574,83.3426
600848,上海临港,0.9092,0.6532,9.8451,186.3995,15.654,84.346
600850,华东电脑,1.5047,1.2534,24.3558,185.8131,40.2864,59.7136
600851,海欣股份,1.2674,0.8395,36.4766,100.3732,55.0517,44.9483
600853,龙建股份,0.9929,0.4157,5.0156,15.4017,17.0287,82.9713
600854,春兰股份,2.1486,1.2539,18.1036,-5942.4281,65.8614,34.1386
600855,航天长峰,2.8879,1.9752,111.0372,-3042.7359,72.4065,27.5935
600856,中天能源,0.4861,0.3381,9.605,172.101,38.2149,61.7851
600857,宁波中百,2.043,1.7361,125.6008,8903.0095,68.273,31.727
600858,银座股份,0.5647,0.4661,38.9239,2382.0984,40.7774,59.2226
600859,王府井,0.8118,0.6004,47.3206,2015.6727,43.2236,56.7764
600860,*ST京城,1.3494,0.6414,13.3549,215.0749,54.6856,45.3144
600861,北京城乡,1.2676,1.2368,42.8446,-1888.4885,79.8742,20.1258
600862,中航高科,0.7133,0.478,6.3509,1271.0581,22.3017,77.6983
600863,内蒙华电,0.5219,0.4325,9.7721,174.2807,28.1952,71.8048
600864,哈投股份,0.9385,0.8524,70.0516,4136.8118,60.9329,39.0671
600865,百大集团,2.2972,2.2248,191.6085,8163.7264,74.1209,25.8791
600866,*ST星湖,1.0414,0.5794,12.6928,161.7633,61.5234,38.4766
600867,通化东宝,1.5335,1.1556,5.0188,988.9353,64.7289,35.2711
600868,梅雁吉祥,0.5825,0.4675,1.1322,131.4334,29.7697,70.2303
600869,智慧能源,1.1618,0.8447,19.5708,246.9559,45.4638,54.5362
600870,厦华电子,0.8645,0.4579,8.7243,-218.0811,5.0174,94.9826
600871,石化油服,2.4263,1.6034,81.5402,-77.4313,82.4962,17.5038
600872,中炬高新,1.0639,0.7886,41.4367,481.1967,67.149,32.851
600873,梅花生物,1.0007,0.5664,15.3642,199.9601,30.9697,69.0303
600874,创业环保,0.9054,0.8999,65.8895,358.1835,45.9621,54.0379
600875,东方电气,1.316,0.8243,37.9733,-3584.4403,28.6542,71.3458
600876,洛阳玻璃,0.3705,0.1855,13.6006,-86.0446,15.2081,84.7919
600877,中国嘉陵,0.721,0.6036,23.2314,123.628,26.7699,73.2301
600879,航天电子,1.8954,1.0249,58.0304,884.9123,51.9347,48.0653
600880,博瑞传播,1.1454,1.0881,54.1125,4927.0208,61.1134,38.8866
600881,亚泰集团,0.6511,0.3916,8.3741,314.1346,30.5913,69.4087
600882,广泽股份,0.7778,0.4355,18.8957,184.1964,36.0709,63.9291
600883,博闻科技,2.5731,2.3651,203.3855,685.1339,70.1828,29.8172
600884,杉杉股份,1.0551,0.8018,29.2982,406.585,51.2125,48.7875
600885,宏发股份,0.5443,0.308,5.8651,137.6827,23.0679,76.9321
600886,国投电力,0.5056,0.4726,14.2502,322.3226,27.4629,72.5371
600887,伊利股份,0.7999,0.49,30.8549,1739.8647,36.2247,63.7753
600888,新疆众和,1.1701,0.7891,20.9147,462.5018,39.9662,60.0338
600889,南京化纤,0.7075,0.5416,11.896,229.9766,40.8261,59.1739
600890,中房股份,1.3039,0.8196,55.7297,11685.375,72.8283,27.1717
600891,秋林集团,0.4049,0.3666,0.235,-4.7334,18.534,81.466
600892,大晟文化,0.2732,0.1068,1.244,-1187.1595,-5.5003,105.5003
600893,中航动力,1.2539,0.7767,19.6959,647.3414,62.3868,37.6132
600894,广日股份,0.932,0.4713,7.7607,146.5979,36.568,63.432
600895,张江高科,0.8113,0.2476,17.2964,455.1783,44.5231,55.4769
600896,览海投资,5.4322,4.9686,397.9706,2667.7057,66.8059,33.1941
600897,厦门空港,7.1276,7.0545,518.0075,-5850.7271,94.9921,5.0079
600898,三联商社,1.2301,1.0827,42.7423,130.8458,33.7194,66.2806
600900,长江电力,0.3425,0.3312,9.3491,956.8953,58.0203,41.9797
600958,东方证券,1.195,1.195,88.2196,--,17.4945,82.5055
600960,渤海活塞,1.0778,0.7439,34.0093,181.9879,33.823,66.177
600961,株冶集团,1.1555,0.3616,12.6031,612.6187,35.0586,64.9414
600962,国投中鲁,1.1172,0.5042,12.9235,372.4311,50.6163,49.3837
600963,岳阳林纸,1.6749,1.0774,81.0566,188.3527,49.5725,50.4275
600965,福成股份,2.1962,0.9922,20.8068,268.4872,81.2885,18.7115
600966,博汇纸业,1.1058,0.6847,21.8486,326.6945,40.2563,59.7437
600967,北方创业,1.1175,0.8264,23.6678,339.411,35.7209,64.2791
600969,郴电国际,1.4122,1.3586,48.9535,375.631,36.4581,63.5419
600970,中材国际,1.0413,0.8801,42.1075,1405.3563,14.1336,85.8664
600971,恒源煤电,1.2877,1.2307,54.194,-5768.2783,63.1425,36.8575
600973,宝胜股份,1.225,0.9364,16.4212,590.2615,35.875,64.125
600975,新五丰,8.2926,7.0991,606.0229,-452.3347,92.446,7.554
600976,健民集团,2.2612,1.7679,78.4389,16044.6604,70.554,29.446
600978,宜华生活,2.5082,2.2051,166.6004,510.8012,69.8764,30.1236
600979,广安爱众,0.3667,0.3529,15.1796,189.28,39.7066,60.2934
600980,北矿科技,1.6519,1.0029,45.3069,-335.9735,61.0425,38.9575
600981,汇鸿集团,1.2515,0.5948,22.4236,638.2714,37.8854,62.1146
600982,宁波热电,1.1459,0.9647,45.7349,744.8943,65.6757,34.3243
600983,惠而浦,3.918,2.8443,212.2855,-60295.2699,80.4454,19.5546
600984,建设机械,1.2167,0.7884,12.2107,120.8752,45.6264,54.3736
600985,雷鸣科化,10.7845,9.8381,664.7816,-1612.9298,92.882,7.118
600986,科达股份,1.209,1.0403,28.6535,201.0837,37.9887,62.0113
600987,航民股份,1.3034,1.0308,44.4643,2966.3985,76.856,23.144
600988,赤峰黄金,0.0936,0.0817,0.008,-66.0817,-79.2962,179.2962
600990,四创电子,2.0351,1.5323,63.9249,723.0005,61.5815,38.4185
600992,贵绳股份,2.3607,1.768,131.1423,-24163.2554,63.5585,36.4415
600993,马应龙,3.7564,3.4288,225.0448,-70477.7861,79.0334,20.9666
600995,文山电力,0.3059,0.2962,13.0362,311.3207,45.6796,54.3204
600997,开滦股份,0.9566,0.8248,40.59,967.6257,45.5043,54.4957
600999,招商证券,1.1071,1.1071,81.6654,--,11.3443,88.6557
601001,大同煤业,2.0743,1.8533,149.2085,777.6177,51.5643,48.4357
601002,晋亿实业,2.073,1.1746,65.1956,792.3267,59.7288,40.2712
601003,柳钢股份,1.1614,0.7399,20.3242,528.2473,38.5499,61.4501
601005,*ST重钢,0.9845,0.5794,27.6743,374.4125,47.3721,52.6279
601006,大秦铁路,1.1952,1.1563,92.0666,-10431.7403,87.5537,12.4463
601007,金陵饭店,3.8103,3.7013,353.6417,6951.4586,84.7061,15.2939
601008,连云港,1.4243,1.4056,95.9881,631.7288,68.7258,31.2742
601009,南京银行,--,--,--,--,3.6244,96.3756
601088,中国神华,0.894,0.7187,45.0171,1357.6068,50.9079,49.0921
601099,太平洋,--,--,--,--,38.7008,61.2992
601107,四川成渝,0.4378,0.4147,30.1027,783.3698,69.3446,30.6554
601111,中国国航,0.3534,0.3261,14.3936,1440.7598,35.1681,64.8319
601118,海南橡胶,1.0565,0.8108,39.5528,422.8743,48.7044,51.2956
601166,兴业银行,--,--,--,--,4.2445,95.7555
601168,西部矿业,0.967,0.669,38.1005,1449.8856,39.8146,60.1854
601169,北京银行,--,--,--,--,--,--
601186,中国铁建,--,--,--,808.9693,--,--
601211,国泰君安,1.1024,1.1024,96.2114,--,9.576,90.424
601318,中国平安,--,--,--,--,16.2758,83.7242
601328,交通银行,--,--,--,--,5.6809,94.3191
601333,广深铁路,0.9716,0.9299,64.7245,-2787.3024,76.7254,23.2746
601377,兴业证券,1.0978,1.0978,90.6391,--,9.7505,90.2495
601390,中国中铁,0.981,0.6153,17.7344,646.3085,7.0975,92.9025
601398,工商银行,--,--,--,--,6.0611,93.9389
601555,东吴证券,1.0722,1.0722,96.268,--,7.6354,92.3646
601588,北辰实业,2.9537,1.0989,93.123,-2456.4286,57.5195,42.4805
601600,中国铝业,1.617,1.0711,84.0129,2699.8217,65.1646,34.8354
601601,中国太保,--,--,--,1826.5683,10.7509,89.2491
601607,上海医药,0.9283,0.7067,13.7159,206.0758,28.0413,71.9587
601628,中国人寿,--,--,--,--,16.9591,83.0409
601666,平煤股份,1.5023,1.3673,106.2604,25081.082,59.4322,40.5678
601688,华泰证券,1.0645,1.0645,63.0812,--,10.9545,89.0455
601699,潞安环能,1.7342,1.6414,91.6155,-9391.1428,46.2256,53.7744
601788,光大证券,1.2492,1.2491,90.6818,--,21.6546,78.3454
601808,中海油服,--,--,--,--,--,--
601857,中国石油,1.1842,0.7346,41.1567,6518.7198,70.2848,29.7152
601866,中远海发,1.9072,1.7746,73.1534,969.7835,51.8333,48.1667
601872,招商轮船,5.8911,5.8258,567.4617,-9708.8225,85.812,14.188
601898,中煤能源,2.294,2.021,130.5101,1258.7162,57.659,42.341
601899,紫金矿业,--,--,--,1817.8372,--,--
601918,新集能源,0.3893,0.3006,11.1487,456.216,21.4216,78.5784
601919,中远海控,1.6487,1.6143,105.7677,387.0214,55.8055,44.1945
601939,建设银行,--,--,--,--,5.3244,94.6756
601988,中国银行,--,--,--,--,7.3676,92.6324
601991,大唐发电,0.4387,0.3992,22.0853,416.463,30.1853,69.8147
601998,中信银行,--,--,--,--,9.0929,90.9071
601999,出版传媒,1.2479,0.7446,28.2471,1801.4801,46.3443,53.6557
