code,name,arturnover,arturndays,inventory_turnover,inventory_days,currentasset_turnover,currentasset_days
000001,平安银行,,,,,,
000002,万科A,27.369,13.1536,0.156,2307.6923,0.2042,1762.9775
000004,国农科技,1.371,262.5821,0.3269,1101.2542,0.1128,3191.4894
000005,世纪星源,4.1318,87.1291,0.5268,683.3713,0.5198,692.5741
000006,深振业A,36.0162,9.9955,0.0563,6394.3162,0.0797,4516.9385
000007,全新好,4.4771,80.4092,0.2529,1423.4875,0.2651,1357.9781
000008,神州高铁,6.3774,56.4493,,,0.1136,3169.0141
000009,中国宝安,5.4043,66.6136,0.2696,1335.3116,0.1978,1820.0202
000010,美丽生态,1.1741,306.6178,0.4138,869.9855,0.2266,1588.7026
000011,深物业A,2.1326,168.808,0.1301,2767.1022,0.1224,2941.1765
000012,南玻A,5.6126,64.1414,3.6387,98.9364,1.4927,241.1737
000014,沙河股份,8.4398,42.655,0.0295,12203.3898,0.0547,6581.3528
000016,深康佳A,7.1471,50.3701,1.4649,245.7506,0.7447,483.4161
000017,深中华A,12.9718,27.7525,2.1082,170.7618,1.1182,321.946
000018,神州长城,0.7056,510.2041,0.4983,722.4564,0.1506,2390.4382
000019,深深宝A,3.9571,90.9757,1.8798,191.5097,0.4798,750.3126
000020,深华发A,1.1039,326.1165,2.0365,176.7739,0.5428,663.2277
000021,深科技,6.9903,51.4999,52.7063,6.8303,2.1322,168.8397
000022,深赤湾A,3.8112,94.4584,15.3449,23.4606,1.5932,225.9603
000023,深天地A,1.4296,251.8187,2.2396,160.743,0.6679,539.0028
000025,特力A,17.6759,20.3667,5.7483,62.6272,1.6338,220.3452
000026,飞亚达A,10.6994,33.6467,0.571,630.4729,0.6649,541.4348
000027,深圳能源,3.769,95.5161,3.3384,107.8361,0.5482,656.6946
000028,国药一致,2.6764,134.509,5.9625,60.3774,1.4434,249.4111
000029,深深房A,9.807,36.7085,0.1981,1817.264,0.1348,2670.6231
000030,富奥股份,,,,,0.1415,2544.1696
000031,中粮地产,9.4164,38.2312,0.0785,4585.9873,0.0986,3651.1156
000032,深桑达A,6.1368,58.6625,0.8877,405.5424,0.6286,572.7012
000033,*ST新都,3.8459,93.6062,1.0329,348.5333,0.9354,384.8621
000034,神州数码,2.381,151.197,1.5488,232.438,0.3416,1053.8642
000035,中国天楹,0.2512,1433.121,0.823,437.4241,0.1039,3464.8701
000036,华联控股,15.0091,23.9854,1.2931,278.4007,0.54,666.6667
000037,*ST南电A,2.0486,175.7298,4.3042,83.6392,0.9012,399.4674
000038,深大通,,,,,0.6885,522.8758
000039,中集集团,3.3158,108.5711,3.6539,98.5249,1.289,279.2863
000040,东旭蓝天,3.042,118.3432,0.1686,2135.2313,0.1249,2882.3058
000042,中洲控股,3.4729,103.6598,0.1298,2773.4977,0.1194,3015.0754
000043,中航地产,2.8145,127.909,0.3615,995.8506,0.2977,1209.2711
000045,深纺织A,4.5423,79.255,2.5163,143.0672,1.0226,352.0438
000046,泛海控股,7.4877,48.0788,0.1387,2595.5299,0.1591,2262.7278
000048,康达尔,8.9981,40.0084,1.2552,286.8069,0.9445,381.154
000049,德赛电池,1.3287,270.9415,2.3606,152.5036,0.6554,549.2829
000050,深天马A,2.1817,165.0089,2.7565,130.6004,0.4476,804.2895
000055,方大集团,0.8056,446.8719,2.4492,146.9868,0.4361,825.4987
000056,皇庭国际,13.3469,26.9726,0.0315,11428.5714,0.0346,10404.6243
000058,深赛格,2.2003,163.6141,3.1343,114.8582,0.5895,610.687
000059,华锦股份,39.0168,9.2268,3.7922,94.9317,1.1554,311.5804
000060,中金岭南,13.3585,26.9491,1.3189,272.9547,0.9856,365.2597
000061,农产品,7.4993,48.0045,3.9972,90.063,0.5554,648.1815
000062,深圳华强,3.1936,112.7255,2.5221,142.7382,0.9263,388.643
000063,中兴通讯,2.693,133.6799,2.8971,124.2622,0.6185,582.0534
000065,北方国际,1.1766,305.9663,4.3752,82.282,0.4082,881.9206
000066,中国长城,6.0124,59.8763,6.2469,57.6286,1.0627,338.7598
000068,华控赛格,2.9111,123.6646,3.3161,108.5613,1.1855,303.6693
000069,华侨城A,50.9399,7.0672,0.4403,817.6243,0.4318,833.7193
000070,特发信息,0.9246,389.3576,1.447,248.7906,0.3788,950.3696
000078,海王生物,2.049,175.6955,3.2566,110.5447,0.5476,657.4142
000088,盐田港,2.5114,143.3463,31.2422,11.5229,0.2121,1697.3126
000089,深圳机场,3.9522,91.0885,131.6344,2.7348,0.4514,797.5188
000090,天健集团,3.9637,90.8242,0.4615,780.065,0.2917,1234.1447
000096,广聚能源,6.676,53.9245,13.2083,27.2556,1.2533,287.2417
000099,中信海直,2.0768,173.3436,0.8971,401.2931,0.3497,1029.4538
000100,TCL集团,3.6944,97.4448,3.4978,102.9218,1.2063,298.4332
000150,宜华健康,0.5287,680.9155,0.9237,389.7369,0.127,2834.6457
000151,中成股份,1.7044,211.218,1.4053,256.1731,0.4663,772.0352
000153,丰原药业,1.5298,235.3249,3.2587,110.4735,0.596,604.0268
000155,*ST川化,30.4574,11.8198,2.523,142.6873,1.1856,303.6437
000156,华数传媒,6.7251,53.5308,6.2894,57.2392,1.3191,272.9134
000157,中联重科,3.0531,117.9129,1.4621,246.2212,0.7808,461.0656
000158,常山股份,9.1406,39.3847,1.6625,216.5414,0.9415,382.3686
000159,国际实业,12.3708,29.1008,0.3214,1120.0996,0.3198,1125.7036
000166,申万宏源,,,,,,
000301,东方市场,14.2725,25.2233,2.3555,152.8338,1.3195,272.8306
000333,美的集团,9.7872,36.7827,4.3547,82.6693,2.1191,169.8834
000338,潍柴动力,6.2492,57.6074,3.6773,97.8979,1.2357,291.3328
000400,许继电气,0.7139,504.2723,0.5446,661.0356,0.2376,1515.1515
000401,冀东水泥,7.0693,50.9244,2.0319,177.1741,0.6851,525.4707
000402,金融街,3.5854,100.4072,0.1986,1812.6888,0.236,1525.4237
000403,ST生化,1.8684,192.6782,1.0629,338.696,0.5306,678.4772
000404,华意压缩,3.431,104.9257,3.6812,97.7942,1.0802,333.2716
000407,胜利股份,5.795,62.1225,1.6551,217.5095,0.6728,535.0773
000408,*ST金源,8.3556,43.0849,6.5887,54.639,0.5213,690.5812
000409,山东地矿,,,,,,
000410,沈阳机床,2.1796,165.1679,1.3932,258.3979,0.6001,599.9
000411,英特集团,3.1022,116.0467,7.6435,47.0988,1.5763,228.3829
000413,东旭光电,2.307,156.0468,3.2917,109.366,0.46,782.6087
000415,渤海金控,0.7763,463.7382,1.4912,241.4163,0.2453,1467.5907
000416,民生控股,4.754,75.7257,8.3984,42.8653,0.6677,539.1643
000417,合肥百货,93.583,3.8469,6.331,56.8631,1.5445,233.0851
000418,小天鹅A,4.8187,74.7089,2.7691,130.0061,1.1376,316.4557
000419,通程控股,51.8954,6.937,3.4256,105.0911,1.2464,288.8318
000420,吉林化纤,26.8619,13.4019,2.1834,164.8805,1.2932,278.3792
000421,南京公用,16.6479,21.6243,1.6516,217.9705,0.9529,377.7941
000422,湖北宜化,20.1982,17.8234,3.402,105.8201,1.0848,331.8584
000423,东阿阿胶,7.8525,45.8453,1.9834,181.5065,0.6493,554.4432
000425,徐工机械,2.4395,147.5712,1.516,237.467,0.7476,481.5409
000426,兴业矿业,1.685,213.6499,1.3322,270.2297,0.4387,820.6063
000428,华天酒店,6.3785,56.4396,2.699,133.3827,0.4528,795.053
000429,粤高速A,13.8779,25.9405,1182.2221,0.3045,0.9841,365.8165
000430,张家界,24.8593,14.4815,15.7752,22.8206,2.8581,125.9578
000488,晨鸣纸业,3.5563,101.2288,2.768,130.0578,1.0524,342.0753
000498,山东路桥,0.1081,3330.2498,1.2402,290.2758,0.0162,22222.2222
000501,鄂武商A,567.4322,0.6344,17.3052,20.803,1.7104,210.4771
000502,绿景控股,9.8037,36.7208,0.2497,1441.7301,0.3449,1043.7808
000503,海虹控股,1.6457,218.7519,13.9384,25.8279,0.1182,3045.6853
000504,*ST生物,0.8734,412.1823,1.9863,181.2415,0.4371,823.6102
000505,*ST珠江,35.8518,10.0413,0.1764,2040.8163,0.1711,2104.0327
000506,中润资源,,,,,,
000507,珠海港,1.8847,191.0118,0.4063,886.0448,0.2081,1729.9375
000509,华塑控股,3.3063,108.883,2.6719,134.7356,0.6781,530.8951
000510,金路集团,20.0038,17.9966,2.4069,149.57,1.0136,355.1697
000511,*ST烯碳,9.4165,38.2308,0.1923,1872.0749,0.2431,1480.8721
000513,丽珠集团,2.8007,128.5393,1.6499,218.195,0.6297,571.7008
000514,渝开发,32.0085,11.247,0.1128,3191.4894,0.2201,1635.6202
000516,国际医学,23.1833,15.5284,37.3398,9.6412,2.409,149.4396
000517,荣安地产,0.1495,2408.0268,0.2865,1256.5445,0.0249,14457.8313
000518,四环生物,0.6801,529.3339,0.4177,861.8626,0.1668,2158.2734
000519,中兵红箭,1.8983,189.6434,1.2821,280.7893,0.4115,874.8481
000520,长航凤凰,5.218,68.992,12.8012,28.1224,1.1801,305.0589
000521,美菱电器,8.9045,40.429,3.3767,106.613,1.3832,260.266
000523,广州浪奇,3.6168,99.5355,2.9019,124.0567,1.0816,332.8402
000524,岭南控股,14.9628,24.0597,3.6852,97.688,2.1406,168.1771
000525,红太阳,14.7227,24.452,1.7896,201.1623,0.7196,500.2779
000526,*ST紫学,3.8592,93.2836,0.0,,0.0309,11650.4854
000528,柳工,8.136,44.2478,2.2663,158.8492,1.4124,254.8853
000529,广弘控股,4.1356,87.049,0.4763,755.8262,0.3694,974.5533
000530,大冷股份,2.1335,168.7368,2.564,140.4056,0.8291,434.2058
000531,穗恒运A,2.9853,120.5909,13.0554,27.5748,1.7285,208.2731
000532,力合股份,1.3476,267.1416,0.7384,487.5406,0.2653,1356.9544
000533,万家乐,1.8642,193.1123,1.6685,215.7627,0.6447,558.3993
000534,万泽股份,13.4341,26.7975,2.3097,155.8644,0.7671,469.3
000536,华映科技,1.8953,189.9435,0.7495,480.3202,0.5009,718.7063
000537,广宇发展,0.4425,813.5593,0.0274,13138.6861,0.0218,16513.7615
000538,云南白药,12.1421,29.6489,1.5631,230.3116,0.8474,424.8289
000539,粤电力A,3.6565,98.4548,8.6582,41.5791,1.1136,323.2759
000540,中天金融,16.2355,22.1736,0.1274,2825.7457,0.196,1836.7347
000541,佛山照明,5.0164,71.7646,2.2367,160.9514,0.4351,827.396
000543,皖能电力,3.3316,108.0562,13.6117,26.4478,0.7712,466.805
000544,中原环保,4.8363,74.4371,66.3073,5.4293,1.8926,190.2145
000545,金浦钛业,0.9032,398.5828,0.5378,669.3938,0.3447,1044.3864
000546,金圆股份,0.2599,1385.1481,0.0032,112500.0,0.005,72000.0
000547,航天发展,2.3471,153.3808,0.6286,572.7012,0.3007,1197.2065
000548,湖南投资,22.7221,15.8436,0.4599,782.7789,0.3052,1179.5544
000550,江铃汽车,15.6415,23.0157,4.5094,79.8332,1.1796,305.1882
000551,创元科技,5.0638,71.0929,1.6422,219.2181,0.7089,507.829
000552,靖远煤电,10.2999,34.9518,5.447,66.0914,1.8461,195.0057
000553,沙隆达A,4.4724,80.4937,2.5603,140.6085,0.8317,432.8484
000554,泰山石油,450.225,0.7996,16.8098,21.4161,6.0279,59.7223
000555,神州信息,,,,,,
000557,西部创业,0.9826,366.3749,0.3097,1162.4152,0.1369,2629.6567
000558,莱茵体育,19.4582,18.5012,0.0653,5513.0168,0.0693,5194.8052
000559,万向钱潮,3.6773,97.8979,2.0158,178.5891,0.8243,436.7342
000560,昆百大A,11.9324,30.17,0.7129,504.9797,0.5148,699.3007
000561,烽火电子,3.0154,119.3871,1.7734,202.9999,0.6448,558.3127
000563,陕国投A,0.0,,0.0,,0.0,
000564,供销大集,139098.6145,0.0026,23.6048,15.2511,1.6497,218.2215
000565,渝三峡A,2.4238,148.5271,2.2114,162.7928,0.3556,1012.3735
000566,海南海药,1.4549,247.4397,0.9595,375.1954,0.5361,671.5165
000567,海德股份,14.2183,25.3195,0.235,1531.9149,0.3228,1115.2416
000568,泸州老窖,22.1084,16.2834,0.4257,845.666,0.5473,657.7745
000570,苏常柴A,4.1411,86.9334,4.411,81.6141,0.9705,370.9428
000571,新大洲A,3.6841,97.7172,0.7114,506.0444,0.4418,814.8483
000572,海马汽车,173.3444,2.0768,5.0924,70.6936,1.4678,245.265
000573,粤宏远A,4.2149,85.4113,0.1177,3058.6236,0.1262,2852.6149
000576,广东甘化,6.5053,55.3395,1.2589,285.9639,0.7841,459.1251
000581,威孚高科,2.3451,153.5116,1.7692,203.4818,0.5857,614.6491
000582,北部湾港,2.0925,172.043,27.2536,13.2093,0.2573,1399.145
000584,友利控股,7.9028,45.5535,1.4232,252.9511,1.0008,359.7122
000585,东北电气,1.0613,339.2066,2.2372,160.9154,0.4189,859.3937
000586,汇源通信,1.0796,333.4568,1.8388,195.7799,0.4741,759.3335
000587,金洲慈航,0.7384,487.5406,0.5235,687.6791,0.2375,1515.7895
000589,黔轮胎A,4.5533,79.0635,3.1052,115.9346,1.1183,321.9172
000590,启迪古汉,0.362,994.4751,0.8093,444.8289,0.2197,1638.5981
000591,太阳能,8.2448,43.6639,3.3049,108.9292,1.0613,339.2066
000592,平潭发展,0.7164,502.5126,0.0019,189473.6842,0.0004,900000.0
000593,大通燃气,4.6398,77.5896,3.7499,96.0026,0.8675,414.9856
000595,*ST宝实,0.553,650.9946,0.9608,374.6878,0.3411,1055.409
000596,古井贡酒,12.5313,28.7281,0.6363,565.7709,0.6893,522.269
000597,东北制药,3.0589,117.6894,3.492,103.0928,1.2161,296.0283
000598,兴蓉环境,2.4224,148.6129,2.3501,153.185,0.8374,429.9021
000599,青岛双星,5.6141,64.1243,2.8065,128.2737,1.3679,263.1771
000600,建投能源,4.5846,78.5238,10.7146,33.599,2.6642,135.125
000601,韶能股份,2.3172,155.3599,4.445,80.9899,1.0362,347.4233
000603,盛达矿业,1.3828,260.3413,1.0968,328.2276,0.2267,1588.0018
000605,渤海股份,0.6095,590.6481,0.8507,423.1809,0.0889,4049.4938
000606,神州易桥,1.7314,207.9242,0.9391,383.3458,0.4598,782.9491
000607,华媒控股,1.77,203.3898,3.2181,111.8673,0.6617,544.0532
000608,阳光股份,33.7861,10.6553,0.1279,2814.699,0.1241,2900.8864
000609,绵石投资,10981.5221,0.0328,0.4717,763.1969,0.2852,1262.2721
000610,西安旅游,8.0418,44.7661,2.7275,131.989,0.6459,557.3618
000611,*ST天首,2.4063,149.6073,0.5546,649.1165,0.3436,1047.7299
000612,焦作万方,116.8808,3.0801,4.3917,81.9728,1.9494,184.6722
000613,*ST东海A,10.3267,34.8611,5.9623,60.3794,0.7578,475.0594
000615,京汉股份,8.9218,40.3506,1.5283,235.5558,0.7153,503.2853
000616,海航投资,49.042,7.3406,0.1668,2158.2734,0.2279,1579.6402
000617,中油资本,2.2817,157.7771,1.4389,250.1911,0.6575,547.5285
000619,海螺型材,1152.3829,0.3124,2.7846,129.2825,1.672,215.311
000620,新华联,,,,,0.0,
000622,*ST恒立,1.2101,297.4961,1.4763,243.8529,0.3512,1025.0569
000623,吉林敖东,1.2447,289.2263,0.7481,481.2191,0.3794,948.8666
000625,长安汽车,10.8694,33.1205,3.6438,98.798,1.1031,326.353
000626,远大控股,20.1701,17.8482,8.0993,44.4483,3.0052,119.7924
000627,天茂集团,4.6434,77.5294,1.8633,193.2056,0.7925,454.2587
000628,高新发展,4.1393,86.9712,0.3569,1008.6859,0.231,1558.4416
000629,*ST钒钛,52.7668,6.8225,2.7076,132.9591,1.7657,203.8851
000630,铜陵有色,15.6584,22.9909,2.0311,177.2439,1.2235,294.2378
000631,顺发恒业,,,,,,
000632,三木集团,7.4327,48.4346,1.1912,302.2163,0.5883,611.9327
000633,*ST合金,1.7658,203.8736,0.595,605.042,0.2196,1639.3443
000635,英力特,19.2297,18.721,4.2081,85.5493,1.8431,195.3231
000636,风华高科,1.8159,198.2488,1.395,258.0645,0.581,619.6213
000637,茂化实华,243.537,1.4782,26.6987,13.4838,3.0133,119.4703
000638,万方发展,4.9085,73.3422,4.1745,86.2379,1.1318,318.0774
000639,西王食品,1.0002,359.928,1.6126,223.242,0.3476,1035.6732
000650,仁和药业,,,2.3095,155.8779,2.1916,164.2636
000651,格力电器,11.1575,32.2653,3.1181,115.4549,1.4003,257.0878
000652,泰达股份,4.207,85.5717,0.5985,601.5038,0.2547,1413.4276
000655,金岭矿业,20.1107,17.9009,5.8315,61.7337,1.2262,293.59
000656,金科股份,2.0128,178.8553,0.5012,718.2761,0.027,13333.3333
000657,中钨高新,1154.0353,0.3119,3.3576,107.2194,1.8593,193.6213
000659,珠海中富,2.2831,157.6803,1.5798,227.8769,0.554,649.8195
000661,长春高新,3.2427,111.0186,0.2274,1583.1135,0.3163,1138.16
000662,天夏智慧,1.9807,181.7539,0.9296,387.2633,0.3074,1171.1126
000663,永安林业,27.3157,13.1792,0.3507,1026.5184,0.3633,990.9166
000665,湖北广电,2.7564,130.6051,3.892,92.4974,1.0203,352.8374
000666,经纬纺机,5.4387,66.1923,1.6641,216.3332,0.6691,538.0362
000667,美好置业,32.012,11.2458,0.2732,1317.716,0.273,1318.6813
000668,荣丰控股,190.1357,1.8934,10.183,35.353,6.3399,56.7832
000669,金鸿能源,0.6655,540.9467,0.7436,484.1313,0.1609,2237.4145
000670,盈方微,75.8023,4.7492,6.2669,57.4447,2.6063,138.1268
000671,阳光城,4.7961,75.061,0.1797,2003.3389,0.0838,4295.9427
000672,上峰水泥,3817.5366,0.0943,13.658,26.3582,0.0988,3643.7247
000673,当代东方,0.4677,769.7242,0.9862,365.0375,0.2578,1396.4313
000676,智度股份,1.1317,318.1055,1.0573,340.4899,0.3054,1178.7819
000677,恒天海龙,9.5964,37.5141,2.5679,140.1924,1.2191,295.2998
000678,襄阳轴承,1.9868,181.1959,1.1386,316.1778,0.6069,593.1784
000679,大连友谊,53.3475,6.7482,0.4945,728.0081,0.3628,992.2822
000680,山推股份,4.187,85.9804,2.8162,127.8318,1.1867,303.3623
000681,视觉中国,0.2984,1206.4343,0.4377,822.4812,0.0611,5891.9804
000682,东方电子,0.9603,374.8828,2.2213,162.0673,0.3889,925.6878
000683,远兴能源,15.4641,23.2797,2.5665,140.2688,0.9317,386.3905
000685,中山公用,91.9387,3.9157,20.0346,17.9689,0.359,1002.7855
000686,东北证券,2.5975,138.5948,2.338,153.9778,79.8141,4.5105
000687,华讯方舟,13.3432,26.98,1.9073,188.7485,1.1777,305.6806
000688,建新矿业,1.4914,241.3839,0.335,1074.6269,0.1602,2247.191
000690,宝新能源,3.9144,91.9681,2.0584,174.8931,0.5877,612.5574
000691,ST亚太,14.0537,25.616,4.1093,87.6062,0.3092,1164.295
000692,惠天热电,1.1385,316.2055,1.6635,216.4112,0.5098,706.1593
000693,ST华泽,2.4603,146.3236,2.5401,141.7267,0.1053,3418.8034
000695,滨海能源,0.9662,372.5937,29.432,12.2316,0.711,506.3291
000697,炼石有色,2.2551,159.6382,2.3387,153.9317,0.6111,589.1016
000698,沈阳化工,17.8183,20.2039,6.2362,57.7275,2.2521,159.8508
000700,模塑科技,2.8726,125.322,2.6675,134.9578,0.5346,673.4007
000701,厦门信达,10.2833,35.0082,7.8075,46.1095,1.9947,180.4783
000702,正虹科技,10.0468,35.8323,1.9575,183.908,1.0142,354.9596
000703,恒逸石化,4.5331,79.4159,0.8652,416.0888,0.4519,796.6364
000705,浙江震元,2.7692,130.0014,2.6982,133.4223,1.017,353.9823
000707,双环科技,7.0937,50.7493,3.0317,118.7453,0.9345,385.2327
000708,大冶特钢,21.2241,16.9618,3.5698,100.846,2.0794,173.1269
000709,河钢股份,247.9296,1.452,4.195,85.8164,1.4725,244.4822
000710,*ST天仪,1.9603,183.6454,2.0721,173.7368,0.5967,603.3183
000711,京蓝科技,3.2954,109.2432,0.4659,772.698,0.4552,790.8612
000712,锦龙股份,33.2655,10.822,0.2978,1208.865,0.2126,1693.3208
000713,丰乐种业,8.8476,40.689,0.926,388.7689,0.6974,516.203
000715,中兴商业,,,13.0304,27.6277,3.9976,90.054
000716,黑芝麻,3.5468,101.4999,1.2739,282.5968,0.2836,1269.3935
000717,韶钢松山,6026.2485,0.0597,2.4245,148.4842,1.5478,232.5882
000718,苏宁环球,11.073,32.5115,0.2416,1490.0662,0.2163,1664.3551
000719,大地传媒,0.0083,43373.494,0.0834,4316.5468,0.0022,163636.3636
000720,新能泰山,3.1093,115.7817,5.8559,61.4765,0.7501,479.936
000721,西安饮食,23.7063,15.1858,3.0875,116.5992,1.0133,355.2748
000722,湖南发展,3.7551,95.8696,0.9356,384.7798,0.4482,803.2129
000723,美锦能源,1.8162,198.2161,1.13,318.5841,0.6145,585.8421
000725,京东方A,3.4358,104.7791,4.1101,87.5891,1.0151,354.6449
000726,鲁泰A,15.7039,22.9242,1.4358,250.7313,0.9935,362.3553
000727,华东科技,1.9336,186.1812,3.409,105.6028,0.7055,510.2764
000728,国元证券,,,8.4814,42.4458,420.6725,0.8558
000729,燕京啤酒,21.2347,16.9534,1.7933,200.7472,1.3625,264.2202
000731,四川美丰,90.3742,3.9834,5.7047,63.1059,1.3188,272.9754
000732,泰禾集团,5.0986,70.6076,2.3401,153.8396,1.1762,306.0704
000733,振华科技,2.0438,176.1425,1.4735,244.3163,0.5846,615.8057
000735,罗牛山,14.3733,25.0464,1.9143,188.0583,0.6157,584.7003
000736,中房地产,,,,,0.076,4736.8421
000737,南风化工,3.395,106.0383,2.4408,147.4926,0.9545,377.1608
000738,中航动控,0.9606,374.7658,3.9875,90.2821,0.6381,564.1749
000739,普洛药业,3.2316,111.3999,2.4209,148.705,0.64,562.5
000750,国海证券,3.4566,104.1486,2.6698,134.8416,0.8051,447.1494
000751,锌业股份,8.0814,44.5467,1.9026,189.2148,1.0236,351.6999
000752,西藏发展,7.2904,49.38,2.8224,127.551,0.2224,1618.705
000753,漳州发展,16.8195,21.4037,9.453,38.0831,0.8403,428.4184
000755,*ST三维,24.0532,14.9668,4.9932,72.0981,1.3366,269.3401
000756,新华制药,3.2481,110.834,3.6173,99.5217,1.1679,308.2456
000757,浩物股份,1.3162,273.5147,1.5646,230.0908,0.4178,861.6563
000758,中色股份,3.8898,92.5497,1.856,193.9655,0.6448,558.3127
000759,中百集团,182.2638,1.9752,5.5276,65.1277,2.9963,120.1482
000760,斯太尔,1.8689,192.6267,1.7354,207.445,0.5177,695.3834
000761,本钢板材,10.7385,33.5242,3.1504,114.2712,1.5249,236.0811
000762,西藏矿业,1.7178,209.5704,1.1359,316.9293,0.4826,745.9594
000766,通化金马,0.6069,593.1784,0.2103,1711.8402,0.1967,1830.1983
000767,漳泽电力,8.0983,44.4538,9.4031,38.2852,1.6763,214.7587
000768,中航飞机,3.6317,99.1271,0.6817,528.0915,0.5064,710.9005
000776,广发证券,1.9871,181.1685,0.2849,1263.6013,0.2947,1221.5813
000777,中核科技,1.7612,204.4061,1.7499,205.726,0.5019,717.2744
000778,新兴铸管,5.6372,63.8615,2.7292,131.9068,0.9326,386.0176
000779,三毛派神,1.1479,313.6162,0.8074,445.8757,0.3541,1016.662
000780,平庄能源,1.8764,191.8567,2.987,120.5223,0.4576,786.7133
000782,美达股份,13.8688,25.9575,2.9731,121.0857,1.2517,287.6089
000783,长江证券,21.1732,17.0026,4.675,77.0053,3.7501,95.9974
000785,武汉中商,66.4238,5.4197,4.7833,75.2618,1.9172,187.7738
000786,北新建材,3.5276,102.0524,2.1179,169.9797,0.6818,528.0141
000788,北大医药,3.1182,115.4512,1.8084,199.071,0.8628,417.2462
000789,万年青,12.3644,29.1158,2.2789,157.971,1.4427,249.5321
000790,泰合健康,1.093,329.3687,1.2373,290.9561,0.2948,1221.1669
000791,甘肃电投,1.9859,181.278,0.5885,611.7247,0.2929,1229.0884
000792,盐湖股份,43.5018,8.2755,0.8202,438.9173,0.5131,701.6176
000793,华闻传媒,1.6232,221.7841,3.2516,110.7147,0.1823,1974.7669
000795,英洛华,1.5968,225.4509,0.5114,703.9499,0.2321,1551.0556
000796,凯撒旅游,25.093,14.3466,2.1608,166.605,1.1525,312.3644
000797,中国武夷,3.2435,110.9912,0.2588,1391.0355,0.2199,1637.1078
000798,中水渔业,1.9529,184.3412,0.8697,413.9358,0.234,1538.4615
000799,酒鬼酒,2.5772,139.6865,0.0807,4460.9665,0.1771,2032.7499
000800,一汽轿车,67.6562,5.321,2.7394,131.4156,0.9984,360.5769
000801,四川九洲,8.8169,40.8307,12.6746,28.4033,3.3291,108.1373
000802,北京文化,6.8138,52.834,5.1165,70.3606,0.7206,499.5837
000803,*ST金宇,6.029,59.7114,0.4619,779.3895,0.209,1722.488
000806,银河生物,1.3892,259.142,1.5371,234.2073,0.4735,760.2957
000807,云铝股份,171.7013,2.0967,2.7695,129.9874,1.661,216.7369
000809,铁岭新城,1.725,208.6957,0.572,629.3706,0.4746,758.5335
000810,创维数字,10.7974,33.3414,2.8021,128.4751,1.3701,262.7545
000811,烟台冰轮,3.3303,108.0984,1.3768,261.4759,0.7645,470.896
000812,陕西金叶,2.2576,159.4614,1.2262,293.59,0.4576,786.7133
000813,德展健康,1.7019,211.5283,0.7266,495.4583,0.4109,876.1256
000815,美利云,4.2332,85.042,0.7104,506.7568,0.3404,1057.5793
000816,智慧农业,3.5539,101.2972,2.9813,120.7527,0.7445,483.546
000818,方大化工,19.9379,18.0561,6.4401,55.8998,0.8961,401.7409
000819,岳阳兴长,38.2215,9.4188,1.3831,260.2849,1.192,302.0134
000820,神雾节能,1.2365,291.1444,1.5976,225.338,0.5158,697.9449
000821,京山轻机,1.5687,229.4894,0.6615,544.2177,0.3338,1078.4901
000822,山东海化,10.0964,35.6563,6.9105,52.0946,1.1583,310.8003
000823,超声电子,1.7479,205.9614,2.2421,160.5638,0.8619,417.6819
000825,太钢不锈,20.9099,17.2167,2.7948,128.8106,1.8466,194.9529
000826,启迪桑德,0.7517,478.9145,65.7656,5.474,0.3556,1012.3735
000828,东莞控股,36.2663,9.9266,,,1.4719,244.5818
000829,天音控股,11.326,31.7853,3.1577,114.007,1.5176,237.2167
000830,鲁西化工,197.6998,1.8209,2.8728,125.3133,1.9853,181.3328
000831,*ST五稀,6.1224,58.8005,3.1659,113.7117,0.963,373.8318
000833,贵糖股份,8.155,44.1447,1.8547,194.1015,1.1289,318.8945
000835,长城动漫,6.275,57.3705,4.3034,83.6548,1.3778,261.2861
000836,鑫茂科技,6.6109,54.4555,0.3435,1048.0349,0.2379,1513.2409
000837,秦川机床,2.5859,139.2165,1.0781,333.9208,0.4294,838.3791
000838,财信发展,3.7886,95.0219,0.2087,1724.9641,0.2077,1733.2691
000839,中信国安,2.2966,156.7535,0.7882,456.7369,0.2935,1226.5758
000848,承德露露,102.5341,3.511,7.2791,49.4567,1.3097,274.8721
000850,华茂股份,8.3851,42.9333,2.1413,168.1222,1.0915,329.8213
000851,高鸿股份,0.8084,445.3241,0.822,437.9562,0.2523,1426.8728
000852,石化机械,3.2604,110.4159,0.9777,368.2111,0.585,615.3846
000856,冀东装备,1.3696,262.8505,0.5066,710.6198,0.371,970.3504
000858,五粮液,512.8047,0.702,1.0894,330.4571,0.759,474.3083
000859,国风塑业,3.4591,104.0733,5.1052,70.5163,0.8781,409.9761
000860,顺鑫农业,19.4501,18.5089,1.7986,200.1557,1.1707,307.5083
000861,海印股份,2.2701,158.5833,3.3525,107.3826,0.916,393.0131
000862,银星能源,0.881,408.6266,0.5868,613.4969,0.2632,1367.7812
000863,三湘印象,2.091,172.1664,4.9844,72.2253,0.7992,450.4505
000868,安凯客车,2.9723,121.1183,1.1604,310.2378,0.4743,759.0133
000869,张裕A,31.8201,11.3136,0.6649,541.4348,0.7212,499.1681
000875,吉电股份,3.2844,109.6091,8.9255,40.3339,1.2227,294.4304
000876,新希望,20.4679,17.5885,4.2327,85.0521,1.4841,242.5713
000877,天山股份,1.9831,181.534,1.8427,195.3655,0.6575,547.5285
000878,云南铜业,32.2494,11.163,1.9964,180.3246,0.9105,395.3871
000880,潍柴重机,42.8023,8.4108,3.7167,96.8601,1.8246,197.3035
000881,中广核技,5.8635,61.3968,0.5702,631.3574,0.3404,1057.5793
000882,华联股份,8436.2085,0.0427,21.2643,16.9298,1.3535,265.9771
000883,湖北能源,4.731,76.0938,2.2933,156.979,0.9011,399.5117
000885,同力水泥,41.7065,8.6317,4.1242,87.2897,1.8727,192.2358
000886,海南高速,1.7193,209.3875,0.3754,958.9771,0.1039,3464.8701
000887,中鼎股份,2.2349,161.081,2.487,144.7527,0.9996,360.1441
000888,峨眉山A,24.3684,14.7732,10.5255,34.2027,1.3796,260.9452
000889,茂业通信,6.6475,54.1557,0.4494,801.0681,0.3662,983.0694
000890,法尔胜,1.7286,208.261,1.7237,208.853,0.4826,745.9594
000892,欢瑞世纪,0.0289,12456.7474,0.0,,0.0118,30508.4746
000893,东凌国际,3.0793,116.9097,2.3197,155.1925,0.9577,375.9006
000895,双汇发展,316.7512,1.1365,9.8639,36.4967,5.3358,67.4688
000897,津滨发展,15.5462,23.1568,0.1739,2070.1553,0.1643,2191.1138
000898,鞍钢股份,24.1315,14.9183,3.074,117.1113,2.234,161.1459
000899,赣能股份,3.6537,98.5303,14.7149,24.465,1.1813,304.749
000900,现代投资,7.1966,50.0236,15.8141,22.7645,0.8053,447.0384
000901,航天科技,0.7769,463.3801,0.2843,1266.268,0.1701,2116.4021
000902,新洋丰,6.1094,58.9256,5.346,67.3401,0.9949,361.8454
000903,云内动力,5.2481,68.5963,2.0436,176.1597,0.8681,414.6988
000905,厦门港务,1.8601,193.538,4.3114,83.4996,0.6611,544.547
000906,浙商中拓,26.2017,13.7396,6.1282,58.7448,1.6865,213.4598
000908,景峰医药,0.5622,640.3415,0.6631,542.9045,0.243,1481.4815
000909,数源科技,5.178,69.5249,0.2633,1367.2617,0.2043,1762.1145
000910,大亚圣象,4.743,75.9013,1.6191,222.3457,0.7226,498.2009
000911,南宁糖业,9.5815,37.5724,2.566,140.2962,1.1436,314.7954
000912,泸天化,98.2168,3.6654,2.7849,129.2686,1.5216,236.5931
000913,*ST钱江,3.6216,99.4036,2.9333,122.7287,1.1249,320.0284
000915,山大华特,2.0363,176.7912,1.4348,250.906,0.6786,530.504
000916,华北高速,14.3729,25.0471,83.2125,4.3263,0.2698,1334.3217
000917,电广传媒,12.5501,28.685,2.1777,165.312,0.5041,714.144
000918,嘉凯城,3.4769,103.5405,1.6379,219.7936,0.861,418.1185
000919,金陵药业,4.5257,79.5457,2.4211,148.6927,0.5411,665.3114
000920,南方汇通,2.7379,131.4876,2.929,122.9088,1.0383,346.7206
000921,海信科龙,8.0567,44.6833,4.1533,86.6781,1.843,195.3337
000922,*ST佳电,0.9764,368.7014,1.0035,358.7444,0.2962,1215.395
000923,河北宣工,3.3661,106.9487,0.5632,639.2045,0.5141,700.2529
000925,众合科技,3.0658,117.4245,0.9914,363.1229,0.4433,812.0911
000926,福星股份,3.6563,98.4602,0.5616,641.0256,0.4152,867.052
000927,一汽夏利,18.5172,19.4414,3.8109,94.4659,1.2557,286.6927
000928,中钢国际,3.8431,93.6744,0.7531,478.0242,0.5841,616.3328
000929,兰州黄河,16.4308,21.9101,2.0108,179.0332,0.8104,444.2251
000930,中粮生化,4.2535,84.6362,3.1937,112.7219,0.9985,360.5408
000931,中关村,0.4414,815.5868,0.4294,838.3791,0.132,2727.2727
000932,华菱钢铁,16.7137,21.5392,3.2959,109.2266,1.7059,211.0323
000933,*ST神火,21.485,16.7559,2.8089,128.164,1.0535,341.7181
000935,四川双马,3.1647,113.7549,4.5475,79.1644,0.8861,406.2747
000936,华西股份,10.4966,34.2968,3.0838,116.7391,0.7977,451.2975
000937,冀中能源,9.1882,39.1807,9.2714,38.8291,1.537,234.2225
000938,紫光股份,3.8136,94.399,6.8433,52.6062,1.3209,272.5414
000939,凯迪生态,2.5349,142.0174,2.9915,120.341,0.5608,641.9401
000948,南天信息,2.169,165.9751,1.563,230.3263,0.6666,540.054
000949,新乡化纤,11.0562,32.5609,3.3902,106.1884,1.4199,253.539
000950,*ST建峰,11752.202,0.0306,1.7616,204.3597,0.7395,486.8154
000951,中国重汽,25.0574,14.367,3.5294,102.0003,1.2188,295.3725
000952,广济药业,2.9162,123.4483,3.2954,109.2432,0.878,410.0228
000953,*ST河化,8.2108,43.8447,2.6258,137.1011,1.0906,330.0935
000955,欣龙控股,2.2791,157.9571,0.9592,375.3128,0.379,949.8681
000957,中通客车,3.4203,105.2539,1.234,291.7342,0.5734,627.834
000958,东方能源,3.4062,105.6896,6.5433,55.0181,1.1916,302.1148
000959,首钢股份,8.7869,40.9701,9.7967,36.7471,1.5656,229.9438
000960,锡业股份,10.877,33.0974,3.0808,116.8528,1.6637,216.3852
000961,中南建设,3.836,93.8478,2.2457,160.3064,0.9302,387.0135
000962,东方钽业,3.0855,116.6748,0.8934,402.955,0.479,751.5658
000963,华东医药,4.591,78.4143,2.4582,146.4486,1.2681,283.8893
000965,天保基建,,,0.3447,1044.3864,0.2118,1699.7167
000966,长源电力,4.0205,89.5411,10.2455,35.1374,1.2333,291.8998
000967,盈峰环境,2.1108,170.5514,6.7551,53.2931,1.0328,348.567
000968,*ST煤气,6.2966,57.1737,3.6109,99.6981,0.7875,457.1429
000969,安泰科技,4.74,75.9494,1.3456,267.5386,0.5038,714.5693
000970,中科三环,1.8977,189.7033,1.3723,262.3333,0.6639,542.2503
000971,高升控股,0.6823,527.6271,0.9367,384.328,0.2167,1661.2829
000972,中基健康,1.9671,183.0105,0.7806,461.1837,0.3555,1012.6582
000973,佛塑科技,6.3784,56.4405,4.6946,76.6838,1.4017,256.831
000975,银泰资源,0.5564,647.0165,2.7567,130.5909,0.1454,2475.9285
000976,春晖股份,28.7196,12.535,2.5545,140.9278,1.2511,287.7468
000977,浪潮信息,3.5015,102.8131,1.4859,242.2774,0.4981,722.7464
000978,桂林旅游,2.7827,129.3708,28.7623,12.5164,1.0982,327.8091
000979,中弘股份,2.7903,129.0184,2.7546,130.6905,0.6684,538.5996
000980,金马股份,2.2662,158.8562,1.406,256.0455,0.5396,667.1609
000981,银亿股份,1.6031,224.5649,0.4188,859.5989,0.0564,6382.9787
000982,中银绒业,1.1033,326.2938,0.194,1855.6701,0.1083,3324.0997
000983,西山煤电,9.5765,37.592,7.2233,49.8387,0.878,410.0228
000985,大庆华科,89.6131,4.0173,2.9955,120.1803,2.1681,166.044
000987,越秀金控,121.9035,2.9532,10.8,33.3333,1.0441,344.7946
000988,华工科技,1.3952,258.0275,1.2412,290.0419,0.4693,767.0999
000989,九芝堂,6.6101,54.4621,1.4072,255.8272,0.5172,696.0557
000990,诚志股份,4.0631,88.6023,5.4195,66.4268,0.818,440.0978
000993,闽东电力,3.8651,93.1412,0.1963,1833.9277,0.199,1809.0452
000995,*ST皇台,0.6955,517.6132,0.3386,1063.2014,0.1792,2008.9286
000996,中国中期,6.8181,52.8006,4.3725,82.3328,0.3954,910.4704
000997,新大陆,1.1412,315.4574,1.5936,225.9036,0.4253,846.4613
000998,隆平高科,4.1944,85.8287,0.3969,907.0295,0.2184,1648.3516
000999,华润三九,3.4792,103.4721,1.8562,193.9446,0.2624,1371.9512
001696,宗申动力,5.4518,66.0332,9.9177,36.2987,1.9272,186.7995
001896,豫能控股,2.1558,166.9914,1184.3655,0.304,0.6535,550.8799
002001,新和成,2.2874,157.3839,1.3966,257.7689,0.6955,517.6132
002002,鸿达兴业,4.4533,80.8389,3.1708,113.536,0.8126,443.0224
002003,伟星股份,4.2548,84.6103,2.1184,169.9396,1.0248,351.2881
002004,华邦健康,3.1962,112.6338,1.0974,328.0481,0.7152,503.3557
002005,德豪润达,2.1935,164.1213,1.6083,223.8388,0.6344,567.4653
002006,精功科技,1.6625,216.5414,1.5832,227.3876,0.4188,859.5989
002007,华兰生物,3.8853,92.6569,0.9965,361.2644,0.3507,1026.5184
002008,大族激光,1.5679,229.6065,0.834,431.6547,0.5302,678.9891
002009,天奇股份,1.4426,249.5494,0.4328,831.793,0.2483,1449.859
002010,传化智联,3.3037,108.9687,3.928,91.6497,0.9418,382.2468
002011,盾安环境,0.7257,496.0728,0.599,601.0017,0.1715,2099.1254
002012,凯恩股份,2.6042,138.2382,1.2465,288.8087,0.5441,661.6431
002013,中航机电,2.1822,164.9711,1.3689,262.9849,0.641,561.6225
002014,永新股份,4.2349,85.0079,4.0611,88.6459,1.5935,225.9178
002015,霞客环保,7.6302,47.1809,1.4778,243.6054,0.774,465.1163
002016,世荣兆业,0.3463,1039.5611,0.4152,867.052,0.1022,3522.5049
002017,东信和平,3.2629,110.3313,1.5239,236.236,0.8402,428.4694
002018,华信国际,4.8755,73.8386,1.9202,187.4805,0.9536,377.5168
002019,亿帆医药,3.0285,118.8707,2.6027,138.3179,1.3182,273.0997
002020,京新药业,5.0676,71.0395,1.5858,227.0148,0.6886,522.7999
002021,中捷资源,2.3425,153.682,1.5528,231.8393,0.586,614.3345
002022,科华生物,2.5397,141.749,1.5342,234.65,0.6248,576.1844
002023,海特高新,1.1384,316.2333,1.7358,207.3972,0.3853,934.3369
002024,苏宁云商,193.888,1.8567,4.9278,73.0549,1.8875,190.7285
002025,航天电器,1.0932,329.3085,0.9516,378.3102,0.2222,1620.162
002026,山东威达,2.2006,163.5917,0.8781,409.9761,0.3834,938.9671
002027,分众传媒,4.835,74.4571,3.4928,103.0692,1.3431,268.0366
002028,思源电气,1.4605,246.4909,1.107,325.2033,0.4141,869.3552
002029,七匹狼,10.1799,35.3638,1.3101,274.7882,0.7347,489.9959
002030,达安基因,0.9405,382.7751,2.2658,158.8843,0.4908,733.4963
002031,巨轮智能,2.4577,146.4784,0.9998,360.072,0.428,841.1215
002032,苏泊尔,5.9449,60.5561,2.6132,137.7621,1.2483,288.3922
002033,丽江旅游,8.3579,43.073,6.6832,53.8664,0.3585,1004.1841
002034,美欣达,5.1427,70.0021,3.1922,112.7749,1.533,234.8337
002035,华帝股份,5.307,67.8349,4.1925,85.8676,1.2418,289.9018
002036,联创电子,2.0118,178.9442,2.6853,134.0632,0.5413,665.0656
002037,久联发展,4.0224,89.4988,3.7945,94.8742,0.6815,528.2465
002038,双鹭药业,2.9816,120.7405,5.3709,67.0279,0.2626,1370.9063
002039,黔源电力,1.7337,207.6484,3.4894,103.1696,0.5724,628.9308
002040,南京港,15.8704,22.6837,17.5692,20.4904,0.6261,574.988
002041,登海种业,9.2586,38.8828,0.4053,888.2309,0.3182,1131.3639
002042,华孚色纺,9.3627,38.4504,3.2938,109.2963,1.5818,227.5888
002043,兔宝宝,4.5455,79.1992,1.5383,234.0246,0.7568,475.6871
002044,美年健康,9.2479,38.9278,6.8695,52.4056,0.927,388.3495
002045,国光电器,1.179,305.3435,1.9431,185.271,0.6303,571.1566
002046,轴研科技,3.034,118.6552,1.2127,296.8583,0.4049,889.1084
002047,宝鹰股份,2.7289,131.9213,2.7823,129.3894,0.7722,466.2005
002048,宁波华翔,3.751,95.9744,1.4689,245.0814,0.6649,541.4348
002049,紫光国芯,2.0768,173.3436,1.2756,282.2201,0.5655,636.6048
002050,三花智控,2.2923,157.0475,3.6007,99.9806,0.7804,461.3019
002051,中工国际,4.4153,81.5347,1.7239,208.8288,0.5309,678.0938
002052,同洲电子,1.7425,206.5997,2.638,136.467,0.6831,527.0092
002053,云南能投,14.2055,25.3423,3.7635,95.6556,1.4422,249.6186
002054,德美化工,1.5832,227.3876,1.691,212.8918,0.5195,692.974
002055,得润电子,3.0039,119.8442,2.8706,125.4093,0.6707,536.7526
002056,横店东磁,2.3097,155.8644,3.3966,105.9883,0.8415,427.8075
002057,中钢天源,2.1629,166.4432,1.8729,192.2153,0.4864,740.1316
002058,威尔泰,2.0607,174.6979,0.6495,554.2725,0.3018,1192.8429
002059,云南旅游,42.5974,8.4512,0.1716,2097.9021,0.1362,2643.1718
002060,粤水电,3.6901,97.5583,1.7919,200.9041,0.6796,529.7234
002061,江山化工,8.8792,40.5442,7.5482,47.6935,1.0415,345.6553
002062,宏润建设,5.1082,70.4749,1.7738,202.9541,0.8506,423.2307
002063,远光软件,1.5936,225.9036,,,0.1802,1997.7802
002064,华峰氨纶,6.8778,52.3423,2.656,135.5422,2.0714,173.7955
002065,东华软件,1.7712,203.252,1.0902,330.2146,0.4366,824.5534
002066,瑞泰科技,1.5249,236.0811,0.9339,385.4802,0.4788,751.8797
002067,景兴纸业,2.0702,173.8962,2.256,159.5745,0.6665,540.135
002068,黑猫股份,2.2978,156.6716,2.8718,125.3569,0.6335,568.2715
002069,獐子岛,8.2213,43.7887,0.3513,1024.7652,0.3951,911.1617
002070,众和股份,3.4235,105.1555,2.25,160.0,0.3693,974.8172
002071,长城影视,2.8562,126.0416,1.2263,293.566,0.3991,902.0296
002072,凯瑞德,6.3769,56.4538,1.6341,220.3048,0.8662,415.6084
002073,软控股份,1.4029,256.6113,0.6448,558.3127,0.2018,1783.9445
002074,国轩高科,1.3328,270.108,2.5237,142.6477,0.4608,781.25
002075,沙钢股份,8.5189,42.259,4.032,89.2857,1.1288,318.9227
002076,雪莱特,2.3419,153.7213,1.5777,228.1803,0.5274,682.5939
002077,大港股份,3.7451,96.1256,1.0995,327.4216,0.5633,639.0911
002078,太阳纸业,5.7733,62.356,2.2853,157.5286,0.7704,467.2897
002079,苏州固锝,2.8237,127.4923,2.0967,171.6984,0.5562,647.2492
002080,中材科技,2.9197,123.3003,2.6291,136.929,0.5729,628.3819
002081,金螳螂,2.7744,129.7578,4.1132,87.5231,1.2456,289.0173
002082,栋梁新材,52.0727,6.9134,13.0081,27.6751,4.5559,79.0184
002083,孚日股份,5.5897,64.4042,1.0874,331.0649,0.9113,395.0401
002084,海鸥卫浴,3.3338,107.9849,2.2729,158.388,0.9846,365.6307
002085,万丰奥威,2.5571,140.7845,3.6112,99.6899,0.8988,400.534
002086,东方海洋,5.4305,66.2922,1.1032,326.3234,0.5471,658.015
002087,新野纺织,5.7067,63.0837,1.3261,271.4727,0.6432,559.7015
002088,鲁阳节能,1.9698,182.7597,2.1901,164.3761,0.6066,593.4718
002089,新海宜,0.8825,407.932,0.7465,482.2505,0.2275,1582.4176
002090,金智科技,1.7216,209.1078,2.05,175.6098,0.3646,987.3834
002091,江苏国泰,5.9475,60.5296,14.7428,24.4187,1.4976,240.3846
002092,中泰化学,28.4904,12.6358,8.0754,44.5798,2.3097,155.8644
002093,国脉科技,4.5366,79.3546,3.4109,105.544,0.4088,880.6262
002094,青岛金王,2.1239,169.4995,1.6223,221.9072,0.3521,1022.4368
002095,生意宝,20.5738,17.498,943.57,0.3815,0.1216,2960.5263
002096,南岭民爆,7.5619,47.6071,3.5686,100.8799,0.5148,699.3007
002097,山河智能,4.5983,78.2898,1.282,280.8112,0.598,602.0067
002098,浔兴股份,3.1241,115.2332,1.9025,189.2247,0.6513,552.7407
002099,海翔药业,3.6981,97.3473,2.5866,139.1788,0.8832,407.6087
002100,天康生物,6.9309,51.9413,0.0,,0.6831,527.0092
002101,广东鸿图,2.0146,178.6955,2.9826,120.7001,0.6803,529.1783
002102,冠福股份,1.7139,210.0473,1.1502,312.989,0.5586,644.4683
002103,广博股份,3.4651,103.8931,1.9867,181.205,0.5843,616.1219
002104,恒宝股份,2.8987,124.1936,2.8931,124.434,0.4083,881.7046
002105,信隆健康,1.9935,180.5869,3.9028,92.2415,0.8279,434.8351
002106,莱宝高科,2.6805,134.3033,3.861,93.2401,0.2327,1547.0563
002107,沃华医药,1.3058,275.6931,1.3837,260.172,0.3023,1190.87
002108,沧州明珠,1.5427,233.3571,1.4708,244.7648,0.4726,761.7435
002109,兴化股份,8.5544,42.0836,5.7534,62.5717,0.6572,547.7785
002110,三钢闽光,814.5199,0.442,3.7756,95.3491,1.6247,221.5794
002111,威海广泰,2.3538,152.9442,1.0406,345.9543,0.5583,644.8146
002112,三变科技,1.6748,214.951,1.7058,211.0447,0.7475,481.6054
002113,天润数娱,8.621,41.7585,3.1134,115.6292,0.7292,493.6917
002114,罗平锌电,19.0046,18.9428,1.708,210.7728,1.0079,357.1783
002115,三维通信,1.6534,217.7332,0.5027,716.1329,0.3521,1022.4368
002116,中国海诚,17.1056,21.0457,19520.0592,0.0184,1.0141,354.9946
002117,东港股份,2.5532,140.9995,4.616,77.9896,0.9173,392.4561
002118,紫鑫药业,1.0549,341.2646,0.89,404.4944,0.4566,788.4363
002119,康强电子,1.8756,191.9386,2.488,144.6945,0.5613,641.3683
002120,韵达股份,3.9145,91.9658,2.0776,173.2769,1.125,320.0
002121,科陆电子,0.8629,417.1978,0.9484,379.5867,0.3209,1121.8448
002122,天马股份,3.3537,107.3441,1.1803,305.0072,0.6799,529.4896
002123,梦网荣信,1.3398,268.6968,2.1462,167.7383,0.4199,857.347
002124,天邦股份,2.2933,156.979,1.6753,214.8869,0.6075,592.5926
002125,湘潭电化,2.5468,141.3539,1.3649,263.7556,0.5445,661.157
002126,银轮股份,2.0816,172.9439,2.005,179.5511,0.6855,525.1641
002127,南极电商,12.5942,28.5846,4.6587,77.2748,1.7841,201.7824
002128,露天煤业,4.53,79.4702,5.2385,68.722,1.0096,356.5769
002129,中环股份,1.8923,190.2447,0.9864,364.9635,0.5216,690.184
002130,沃尔核材,3.8736,92.9368,1.5254,236.0037,0.5894,610.7906
002131,利欧股份,3.7694,95.5059,3.5618,101.0725,1.2682,283.8669
002132,恒星科技,2.6286,136.955,4.3633,82.5064,0.847,425.0295
002133,广宇集团,41.1566,8.7471,0.0254,14173.2283,0.0268,13432.8358
002134,天津普林,2.1084,170.7456,4.4264,81.3302,0.5232,688.0734
002135,东南网架,1.2916,278.7241,2.4922,144.4507,0.56,642.8571
002136,安纳达,76.7419,4.691,4.0118,89.7353,1.0526,342.0103
002137,麦达数字,3.1235,115.2553,3.492,103.0928,0.9884,364.225
002138,顺络电子,1.6234,221.7568,1.237,291.0267,0.2744,1311.9534
002139,拓邦股份,1.9504,184.5775,3.2727,110.0009,0.6001,599.9
002140,东华科技,,,,,,
002141,贤丰控股,3.0353,118.6044,3.8187,94.2729,1.2313,292.3739
002142,宁波银行,,,,,,
002143,印纪传媒,13.1231,27.4325,5.9768,60.2329,2.7435,131.2192
002144,宏达高科,4.3279,83.1812,2.3269,154.7123,0.8683,414.6032
002145,中核钛白,2.3906,150.5898,1.2251,293.8536,0.4999,720.144
002146,荣盛发展,53.4279,6.7381,0.1401,2569.5931,0.1644,2189.781
002147,新光圆成,6.1351,58.6788,2.1443,167.887,1.0908,330.033
002148,北纬通信,3.0235,119.0673,11.138,32.3218,0.4515,797.3422
002149,西部材料,4.0016,89.964,1.8467,194.9423,0.8522,422.436
002150,通润装备,5.0129,71.8147,4.4698,80.5405,1.3574,265.2129
002151,北斗星通,6.7114,53.6401,1.8147,198.3799,0.7616,472.6891
002152,广电运通,1.3108,274.6414,0.9909,363.3061,0.5718,629.5908
002153,石基信息,2.3987,150.0813,1.0845,331.9502,0.5861,614.2297
002154,报喜鸟,3.7413,96.2232,0.9922,362.8301,0.6098,590.3575
002155,湖南黄金,20.9049,17.2208,1.7442,206.3983,1.0915,329.8213
002156,通富微电,2.2509,159.936,3.8176,94.3001,0.9669,372.3239
002157,正邦科技,17.4483,20.6324,2.8452,126.5289,1.8198,197.8239
002158,汉钟精机,2.9716,121.1469,2.0552,175.1654,0.8277,434.9402
002159,三特索道,76.6092,4.6992,1.2789,281.4919,0.5413,665.0656
002160,常铝股份,5.0038,71.9453,3.8935,92.4618,1.4794,243.3419
002161,远望谷,0.589,611.2054,0.5149,699.1649,0.2173,1656.6958
002162,悦心健康,3.0727,117.1608,0.7305,492.8131,0.6437,559.2667
002163,中航三鑫,5.2145,69.0383,1.4916,241.3516,0.8864,406.1372
002164,宁波东力,2.1579,166.8289,1.5104,238.3475,0.7397,486.6838
002165,红宝丽,6.9572,51.745,3.8959,92.4048,1.5373,234.1768
002166,莱茵生物,2.6635,135.1605,0.8375,429.8507,0.6966,516.7959
002167,东方锆业,2.2088,162.9844,2.4124,149.229,0.8248,436.4694
002168,深圳惠程,0.9931,362.5013,1.3834,260.2284,0.3935,914.8666
002169,智光电气,0.9193,391.6023,1.1214,321.0273,0.4117,874.4231
002170,芭田股份,21.173,17.0028,4.8719,73.8931,2.3981,150.1188
002171,楚江新材,21.372,16.8445,5.9715,60.2864,2.5284,142.3825
002172,澳洋科技,16.6017,21.6845,2.4055,149.657,1.3523,266.2131
002173,*ST创疗,3.0868,116.6256,0.8027,448.4864,0.5872,613.079
002174,游族网络,2.7817,129.4173,2.9039,123.9712,0.9102,395.5175
002175,东方网络,2.4378,147.6741,0.9391,383.3458,0.486,740.7407
002176,江特电机,2.9505,122.0132,1.3133,274.1186,0.7035,511.7271
002177,御银股份,4.0838,88.1532,1.3492,266.8248,1.3359,269.4812
002178,延华智能,3.3949,106.0414,0.8547,421.2004,0.5604,642.3983
002179,中航光电,1.6787,214.4517,1.7849,201.692,0.6388,563.5567
002180,艾派克,1.0185,353.461,0.5786,622.1915,0.308,1168.8312
002181,粤传媒,1.3107,274.6624,2.7741,129.7718,0.4346,828.3479
002182,云海金属,4.3372,83.0029,4.0494,88.9021,1.3261,271.4727
002183,怡亚通,0.2275,1582.4176,,,0.0461,7809.1106
002184,海得控制,3.3389,107.8199,2.8574,125.9887,0.977,368.4749
002185,华天科技,2.6482,135.9414,3.9874,90.2844,1.1394,315.9558
002186,全聚德,,,,,,
002187,广百股份,210.0905,1.7135,19.3478,18.6068,2.8845,124.805
002188,巴士在线,,,,,,
002189,利达光电,2.226,161.7251,4.1831,86.0606,0.904,398.2301
002190,成飞集成,0.8901,404.4489,2.0423,176.2719,0.5087,707.6863
002191,劲嘉股份,2.8957,124.3223,1.7097,210.5633,0.8035,448.0398
002192,融捷股份,,,,,,
002193,山东如意,2.2486,160.0996,1.3768,261.4759,0.5832,617.284
002194,武汉凡谷,2.8731,125.3002,2.3825,151.1018,0.8715,413.0809
002195,二三四五,8.4141,42.7853,,,0.9797,367.4594
002196,方正电机,2.8972,124.2579,2.267,158.8002,0.8566,420.2662
002197,证通电子,1.6265,221.3342,1.7772,202.5658,0.6639,542.2503
002198,嘉应制药,2.2594,159.3343,1.7033,211.3544,0.444,810.8108
002199,东晶电子,2.6869,133.9834,1.717,209.668,0.8178,440.2054
002200,云投生态,3.8595,93.2763,0.515,699.0291,0.5216,690.184
002201,九鼎新材,2.3262,154.7588,3.1322,114.9352,1.2629,285.0582
002202,金风科技,2.2854,157.5217,0.5928,607.2874,0.3693,974.8172
002203,海亮股份,5.5124,65.3073,5.4063,66.589,2.194,164.0839
002205,国统股份,1.7447,206.3392,1.4092,255.4641,0.4867,739.6754
002206,海利得,5.6654,63.5436,4.5125,79.7784,1.3948,258.1015
002207,准油股份,,,10.3116,34.9121,0.5228,688.5998
002208,合肥城建,,,,,,
002209,达意隆,1.4193,253.6462,0.8252,436.2579,0.4631,777.3699
002210,飞马国际,2.7925,128.9167,10.1721,35.3909,1.3045,275.9678
002211,宏达新材,3.5585,101.1662,3.0027,119.8921,1.1459,314.1635
002213,特尔佳,1.1947,301.3309,1.8033,199.634,0.4618,779.5583
002215,诺普信,8.7399,41.1904,3.3545,107.3185,1.8718,192.3282
002216,三全食品,3.5095,102.5787,1.9339,186.1523,1.0732,335.4454
002217,合力泰,16.7185,21.533,4.9347,72.9528,1.1862,303.4901
002218,拓日新能,5.8424,61.6185,0.9747,369.3444,0.7174,501.8121
002219,恒康医疗,3.4764,103.5554,0.6396,562.8518,0.6588,546.4481
002220,天宝股份,4.5478,79.1592,1.8728,192.2255,1.2002,299.95
002221,东华能源,,,,,,
002223,鱼跃医疗,,,,,,
002224,三力士,,,,,,
002226,江南化工,,,,,,
002227,奥特迅,,,,,,
002228,合兴包装,,,,,,
002229,鸿博股份,,,,,,
002231,奥维通信,,,,,,
002233,塔牌集团,,,,,,
002234,民和股份,,,,,,
002235,安妮股份,,,,,,
002237,恒邦股份,,,,,,
002239,奥特佳,,,,,,
002240,威华股份,,,,,,
002241,歌尔股份,,,,,,
002243,通产丽星,,,,,,
002244,滨江集团,,,,,,
002245,澳洋顺昌,,,,,,
002246,北化股份,,,,,,
002247,帝龙文化,,,,,,
002248,华东数控,,,,,,
002249,大洋电机,,,,,,
002250,联化科技,,,,,,
002251,步步高,,,,,,
002253,川大智胜,,,,,,
002254,泰和新材,,,,,,
002255,海陆重工,,,,,,
002256,兆新股份,,,,,,
002258,利尔化学,,,,,,
002259,升达林业,,,,,,
002260,德奥通航,,,,,,
002261,拓维信息,,,,,,
002262,恩华药业,,,,,,
002263,大东南,,,,,,
002264,新华都,,,,,,
002265,西仪股份,,,,,,
002266,浙富控股,,,,,,
002267,陕天然气,,,,,,
002268,卫士通,,,,,,
002269,美邦服饰,,,,,,
002500,山西证券,0.0,,,,0.0,
002594,比亚迪,3.2496,110.7829,1.9484,184.767,1.0328,348.567
002673,西部证券,,,,,,
002736,国信证券,,,,,,
300271,华宇软件,6.4746,55.6019,0.8377,429.7481,0.3897,923.7875
300318,博晖创新,1.0288,349.9222,0.5505,653.951,26.2483,13.7152
600000,浦发银行,,,,,,
600004,白云机场,1.2921,278.6162,25.7011,14.0072,0.8249,436.4165
600006,东风汽车,6.7841,53.0653,3.5164,102.3774,0.79,455.6962
600007,中国国贸,64.3661,5.593,19.7108,18.2641,1.5624,230.4147
600008,首创股份,6.8808,52.3195,4.5457,79.1957,0.2479,1452.1985
600009,上海机场,2.1801,165.13,41.9761,8.5763,1.1149,322.8989
600010,包钢股份,22.4441,16.0399,2.7783,129.5756,1.2709,283.2638
600011,华能国际,3.9775,90.5091,7.6354,47.1488,1.6833,213.8656
600012,皖通高速,,,83.589,4.3068,1.8635,193.1849
600015,华夏银行,,,,,,
600016,民生银行,,,,,,
600017,日照港,3.2234,111.6833,6.1763,58.2873,1.2106,297.3732
600018,上港集团,3.5482,101.4599,5.0013,71.9813,0.5182,694.7125
600019,宝钢股份,15.9522,22.5674,2.2234,161.9142,1.3825,260.3978
600020,中原高速,7.9038,45.5477,,,0.2558,1407.3495
600021,上海电力,6.3943,56.3001,11.8776,30.3092,1.4155,254.3271
600022,山东钢铁,31.7668,11.3326,3.4272,105.042,1.8399,195.6628
600026,中远海能,13.5755,26.5184,14.4968,24.8331,2.6158,137.6252
600027,华电国际,5.9169,60.8427,9.478,37.9827,2.496,144.2308
600028,中国石化,27.0854,13.2913,4.6718,77.0581,3.5559,101.2402
600029,南方航空,15.2927,23.5406,16.5071,21.8088,3.3422,107.7135
600030,中信证券,,,,,,
600031,三一重工,3.3372,107.8749,1.7072,210.8716,0.8252,436.2579
600033,福建高速,5.0584,71.1687,106.7551,3.3722,2.1327,168.8001
600035,楚天高速,122.7331,2.9332,5719.356,0.0629,1.5538,231.6901
600036,招商银行,,,,,,
600037,歌华有线,106.5752,3.3779,9.4366,38.1493,0.2078,1732.435
600038,中直股份,1.5886,226.6146,0.4268,843.4864,0.2864,1256.9832
600039,四川路桥,5.3378,67.4435,1.1396,315.9003,0.3409,1056.0282
600048,保利地产,12.4107,29.0072,0.098,3673.4694,0.1127,3194.3212
600050,中国联通,14.0382,25.6443,12.2434,29.4036,2.5549,140.9057
600051,宁波联合,7.0286,51.2193,1.21,297.5207,0.4951,727.1258
600052,浙江广厦,254.2272,1.4161,0.2126,1693.3208,0.2452,1468.1892
600053,九鼎投资,48.0437,7.4932,0.1303,2762.855,0.21,1714.2857
600054,黄山旅游,13.6002,26.4702,15.2427,23.6179,1.0004,359.8561
600055,万东医疗,1.6085,223.811,0.653,551.3017,0.4175,862.2754
600056,中国医药,4.4471,80.9516,2.2268,161.667,0.8003,449.8313
600057,象屿股份,2.4696,145.7726,1.0604,339.4945,0.534,674.1573
600058,五矿发展,24.2278,14.859,4.2184,85.3404,1.6602,216.8413
600059,古越龙山,4.6603,77.2482,0.3384,1063.8298,0.4075,883.4356
600060,海信电器,10.0945,35.663,3.4841,103.3265,1.5251,236.0501
600061,国投安信,13.934,25.8361,2.5712,140.0124,1.322,272.3147
600062,华润双鹤,4.0833,88.164,3.1048,115.9495,1.1306,318.415
600063,皖维高新,7.4616,48.247,5.0252,71.6389,1.6697,215.6076
600064,南京高科,1.798,200.2225,0.4928,730.5195,0.2947,1221.5813
600066,宇通客车,7.3286,49.1226,2.1627,166.4586,1.0228,351.975
600067,冠城大通,5.3969,66.705,0.6522,551.9779,0.489,736.1963
600068,葛洲坝,1.6614,216.6847,0.4969,724.4918,0.2025,1777.7778
600069,银鸽投资,7.4612,48.2496,2.8124,128.0046,0.9421,382.125
600070,浙江富润,3.3761,106.6319,3.135,114.8325,0.6333,568.451
600071,凤凰光学,3.7227,96.704,2.3862,150.8675,0.9091,395.996
600072,中船科技,4.1702,86.3268,1.7714,203.2291,0.5101,705.744
600073,上海梅林,3.3622,107.0727,1.486,242.2611,0.6161,584.3207
600074,保千里,2.7103,132.8266,1.1854,303.695,0.3784,951.3742
600075,新疆天业,4.0185,89.5857,1.7978,200.2447,0.6734,534.6005
600076,康欣新材,0.0756,4761.9048,0.1484,2425.876,0.0191,18848.1675
600077,宋都股份,,,3.4208,105.2385,0.6697,537.5541
600078,澄星股份,4.0906,88.0066,1.1424,315.1261,0.4575,786.8852
600079,人福医药,1.5879,226.7145,0.4655,773.362,0.2466,1459.854
600080,金花股份,2.3425,153.682,3.7174,96.8419,0.4242,848.6563
600081,东风科技,2.3709,151.8411,2.6022,138.3445,0.9118,394.8234
600082,海泰发展,6.1227,58.7976,4.7372,75.9943,0.8224,437.7432
600083,博信股份,0.8095,444.719,1.7473,206.0322,0.3136,1147.9592
600084,中葡股份,2.6449,136.111,0.2248,1601.4235,0.208,1730.7692
600085,同仁堂,4.6599,77.2549,0.6709,536.5926,0.5318,676.9462
600086,东方金钰,2.3744,151.6173,0.184,1956.5217,0.1492,2412.8686
600088,中视传媒,3.2732,109.9841,1.1452,314.3556,0.4233,850.4607
600089,特变电工,3.2344,111.3035,1.7007,211.6775,0.7373,488.268
600090,同济堂,11.4259,31.5074,1.2326,292.0656,1.3287,270.9415
600091,ST明科,6.9372,51.8941,8.3982,42.8663,0.5847,615.7004
600093,禾嘉股份,0.8165,440.9063,0.5557,647.8316,0.2271,1585.2048
600094,大名城,4.3842,82.113,2.3627,152.3681,0.8695,414.0311
600095,哈高科,2.6299,136.8873,0.6992,514.8741,0.3127,1151.2632
600096,云天化,10.9744,32.8036,4.2038,85.6368,1.2256,293.7337
600097,开创国际,0.7126,505.1923,1.3206,272.6034,0.32,1125.0
600098,广州发展,5.5534,64.8252,11.8151,30.4695,1.0551,341.1999
600099,林海股份,19.3536,18.6012,5.7369,62.7517,0.6376,564.6173
600100,同方股份,2.7673,130.0907,1.4638,245.9352,0.6187,581.8652
600101,明星电力,16.0971,22.3643,6.9181,52.0374,0.795,452.8302
600103,青山纸业,2.3637,152.3036,1.5091,238.5528,0.6046,595.435
600104,上汽集团,16.7537,21.4878,7.0363,51.1633,1.2761,282.1096
600105,永鼎股份,0.8476,424.7286,0.4435,811.7249,0.2623,1372.4743
600106,重庆路桥,1.9744,182.3339,2.4175,148.9142,0.2031,1772.5258
600107,美尔雅,3.8161,94.3372,1.21,297.5207,0.1731,2079.7227
600108,亚盛集团,2.8808,124.9653,1.3076,275.3136,0.5105,705.191
600109,国金证券,,,,,0.6079,592.2027
600110,诺德股份,2.1428,168.0045,1.1755,306.2527,0.4048,889.3281
600111,北方稀土,5.385,66.8524,1.7501,205.7025,0.7856,458.2485
600112,天成控股,1.1185,321.8596,1.3285,270.9823,0.4976,723.4727
600113,浙江东日,50.6004,7.1146,0.1184,3040.5405,0.1535,2345.2769
600114,东睦股份,2.407,149.5638,1.499,240.1601,0.7682,468.628
600115,东方航空,9.1893,39.176,15.0021,23.9966,1.5957,225.6063
600116,三峡水利,7.2406,49.7196,5.8762,61.2641,0.6478,555.7271
600117,西宁特钢,6.0342,59.6599,2.9609,121.5847,1.1851,303.7718
600118,中国卫星,2.8241,127.4742,1.981,181.7264,0.4337,830.0669
600119,长江投资,5.2491,68.5832,11.0831,32.4819,1.2688,283.7327
600120,浙江东方,9.2895,38.7534,1.5213,236.6397,1.0756,334.6969
600121,郑州煤电,8.7783,41.0102,7.3144,49.218,1.9172,187.7738
600122,宏图高科,9.1896,39.1747,1.5118,238.1267,0.7239,497.3063
600123,兰花科创,30.6002,11.7646,3.2728,109.9976,0.7998,450.1125
600125,铁龙物流,5.7495,62.6141,0.3091,1164.6716,0.3434,1048.3401
600126,杭钢股份,74.9863,4.8009,4.6294,77.7639,1.4253,252.5784
600127,金健米业,6.9196,52.0261,0.8506,423.2307,0.6022,597.808
600128,弘业股份,10.8941,33.0454,9.7383,36.9674,1.0873,331.0954
600129,太极集团,6.5006,55.3795,2.5761,139.7461,0.8821,408.117
600130,波导股份,4.9978,72.0317,2.5799,139.5403,0.918,392.1569
600131,岷江水电,10.7515,33.4837,112.2576,3.2069,0.922,390.4555
600132,重庆啤酒,20.713,17.3804,0.8718,412.9387,1.0304,349.3789
600133,东湖高新,0.8893,404.8128,0.4993,721.0094,0.1938,1857.5851
600135,乐凯胶片,12.3546,29.1389,1.1406,315.6234,0.8177,440.2593
600136,当代明诚,17.3369,20.765,0.7241,497.1689,0.5396,667.1609
600137,浪莎股份,2.6848,134.0882,0.9303,386.9719,0.5156,698.2157
600138,中青旅,5.3553,67.2231,1.0124,355.5907,0.7789,462.1903
600139,西部资源,0.4486,802.4967,1.3196,272.8099,0.2031,1772.5258
600141,兴发集团,4.1337,87.089,4.747,75.8374,1.0821,332.6864
600143,金发科技,2.8037,128.4018,0.0,,1.0728,335.5705
600145,*ST新亿,2.272,158.4507,0.5076,709.2199,0.2857,1260.063
600146,商赢环球,3.5709,100.8149,0.5313,677.5833,0.3341,1077.5217
600148,长春一东,1.1495,313.1796,1.0099,356.4709,0.4515,797.3422
600149,廊坊发展,1.3882,259.3286,0.8408,428.1637,0.1824,1973.6842
600150,中国船舶,9.1729,39.246,0.7516,478.9782,0.1477,2437.3731
600151,航天机电,2.3188,155.2527,0.827,435.3083,0.4092,879.7654
600152,维科精华,5.6271,63.9761,2.3726,151.7323,1.1893,302.6991
600153,建发股份,22.4038,16.0687,3.4168,105.3617,1.7444,206.3747
600155,宝硕股份,9.0097,39.9569,2.7812,129.4405,1.1449,314.4379
600156,华升股份,15.7747,22.8214,2.2626,159.109,0.9621,374.1815
600157,永泰能源,16.973,21.2102,1.7082,210.7482,1.0946,328.8873
600158,中体产业,1.3021,276.4765,0.0886,4063.2054,0.1149,3133.1593
600159,大龙地产,3.5363,101.8013,0.1151,3127.715,0.0935,3850.2674
600160,巨化股份,22.9497,15.6865,7.6967,46.7733,2.1242,169.4756
600161,天坛生物,1.71,210.5263,0.3028,1188.9036,0.4341,829.302
600162,香江控股,2.3336,154.2681,0.0347,10374.6398,0.0409,8801.956
600163,中闽能源,2.2319,161.2975,1.9359,185.96,0.7213,499.0988
600165,新日恒力,3.6884,97.6033,1.3443,267.7974,0.7318,491.9377
600166,福田汽车,38.5659,9.3347,5.5022,65.4284,3.7847,95.1198
600167,联美控股,1.9456,185.0329,1.954,184.2375,0.5148,699.3007
600168,武汉控股,2.4792,145.2081,0.299,1204.0134,0.1359,2649.0066
600169,太原重工,1.8025,199.7226,1.7905,201.0612,0.6494,554.3579
600170,上海建工,6.5614,54.8663,8.4019,42.8475,1.1401,315.7618
600171,上海贝岭,2.1596,166.6975,1.016,354.3307,0.2471,1456.9
600172,黄河旋风,0.9244,389.4418,1.2051,298.7304,0.4147,868.0974
600173,卧龙地产,0.7298,493.2858,0.1836,1960.7843,0.1072,3358.209
600175,美都能源,36.4613,9.8735,1.3677,263.2156,0.8375,429.8507
600176,中国巨石,2.879,125.0434,3.5766,100.6543,0.6825,527.4725
600177,雅戈尔,9.1821,39.2067,0.3394,1060.6953,0.3731,964.8888
600178,东安动力,1.2476,288.554,3.1368,114.7666,0.5285,681.1731
600179,安通控股,3.2592,110.4566,3.21,112.1495,1.3664,263.466
600180,瑞茂通,0.1756,2050.1139,0.3745,961.2817,0.037,9729.7297
600182,S佳通,1.5514,232.0485,3.5795,100.5727,0.8543,421.3976
600183,生益科技,1.6661,216.0735,2.6584,135.4198,0.906,397.351
600184,光电股份,1.7968,200.3562,1.0029,358.959,0.4007,898.4278
600185,格力地产,2.8004,128.5531,0.4715,763.5207,0.2859,1259.1815
600186,莲花健康,1.4939,240.98,2.7877,129.1387,0.533,675.4221
600187,国中水务,0.0002,1800000.0,0.0,,0.0001,3600000.0
600188,兖州煤业,42.8197,8.4073,6.6923,53.7932,0.7604,473.435
600189,吉林森工,6.311,57.0433,1.0496,342.9878,0.6655,540.9467
600190,锦州港,5.9982,60.018,41.4725,8.6805,0.8758,411.0528
600191,华资实业,6.463,55.7017,0.6008,599.2011,0.2315,1555.0756
600192,长城电工,1.2691,283.6656,1.8341,196.2816,0.5136,700.9346
600193,创兴资源,,,0.0817,4406.3647,0.0656,5487.8049
600195,中牧股份,2.9241,123.1148,1.421,253.3427,0.806,446.6501
600196,复星医药,3.6777,97.8873,2.3627,152.3681,0.7609,473.1239
600197,伊力特,4.7402,75.9462,0.5842,616.2273,0.4612,780.5724
600198,大唐电信,0.8848,406.8716,0.8699,413.8407,0.3919,918.6017
600199,金种子酒,4.8474,74.2666,2.3224,155.0121,1.2934,278.3362
600200,江苏吴中,4.2577,84.5527,4.0576,88.7224,0.7831,459.7114
600201,生物股份,2.0428,176.2287,0.3409,1056.0282,0.3,1200.0
600202,哈空调,0.8182,439.9902,3.7968,94.8167,0.4938,729.0401
600203,福日电子,5.9278,60.7308,9.0511,39.7742,0.666,540.5405
600206,有研新材,2.7431,131.2384,1.096,328.4672,0.6933,519.2557
600207,安彩高科,1.9865,181.2233,1.4761,243.8859,0.4882,737.4027
600208,新湖中宝,24.5828,14.6444,0.1441,2498.2651,0.1275,2823.5294
600209,罗顿发展,1.1857,303.6181,0.2633,1367.2617,0.191,1884.8168
600210,紫江企业,2.9705,121.1917,1.5703,229.2556,0.8085,445.269
600211,西藏药业,4.8398,74.3832,4.1377,87.0049,0.969,371.517
600212,江泉实业,5.7696,62.396,1.15,313.0435,0.6062,593.8634
600213,亚星客车,1.1083,324.8218,4.3006,83.7092,0.6433,559.6145
600215,长春经开,2.0695,173.9551,0.0685,5255.4745,0.039,9230.7692
600216,浙江医药,1.6501,218.1686,2.2206,162.1183,0.7595,473.9961
600217,中再资环,2.343,153.6492,2.7769,129.641,0.8846,406.9636
600218,全柴动力,2.6934,133.6601,3.7318,96.4682,0.7498,480.128
600219,南山铝业,42.6859,8.4337,3.1903,112.8421,2.3328,154.321
600220,江苏阳光,4.2547,84.6123,3.7892,95.0069,0.5207,691.377
600221,海南航空,9.042,39.8142,18.8137,19.135,0.5472,657.8947
600222,太龙药业,1.4975,240.4007,0.9159,393.056,0.4011,897.5318
600223,鲁商置业,5.7457,62.6556,2.0046,179.587,1.1625,309.6774
600225,*ST松江,1.3052,275.8198,0.8837,407.3781,0.0769,4681.4044
600226,升华拜克,3.5686,100.8799,4.4357,81.1597,1.3397,268.7169
600227,赤天化,16.8766,21.3313,1.6698,215.5947,0.4835,744.5708
600228,*ST昌九,6.9032,52.1497,6.5681,54.8104,1.4422,249.6186
600229,城市传媒,3.9797,90.4591,3.8531,93.4313,1.2499,288.023
600230,沧州大化,27.4561,13.1118,2.8927,124.4512,1.5056,239.1073
600231,凌钢股份,106.8346,3.3697,4.2195,85.3182,1.4506,248.1732
600232,金鹰股份,2.9737,121.0613,0.7469,481.9922,0.479,751.5658
600233,圆通速递,5.7974,62.0968,2.4418,147.4322,0.938,383.7953
600234,ST山水,7.4877,48.0788,2.7909,128.9906,0.9602,374.9219
600235,民丰特纸,3.6474,98.7004,2.8396,126.7784,0.9911,363.2328
600236,桂冠电力,3.2969,109.1935,8.8847,40.5191,1.2562,286.5786
600237,铜峰电子,1.9036,189.1154,1.2618,285.3067,0.4941,728.5974
600238,海南椰岛,1.4645,245.8177,0.7979,451.1844,0.4199,857.347
600239,云南城投,2.9482,122.1084,1.2379,290.8151,0.0352,10227.2727
600240,华业资本,434.3364,0.8289,0.1629,2209.9448,0.184,1956.5217
600241,时代万恒,4.3446,82.8615,2.1739,165.601,1.1722,307.1148
600242,中昌数据,5.6181,64.0786,6.7424,53.3935,0.1277,2819.1073
600243,青海华鼎,2.1659,166.2127,0.8613,417.9728,0.4907,733.6458
600246,万通地产,27.2543,13.2089,0.1788,2013.4228,0.2326,1547.7214
600247,ST成城,22.868,15.7425,0.2764,1302.4602,0.3276,1098.9011
600248,延长化建,1.7981,200.2113,0.3646,987.3834,0.1934,1861.4271
600249,两面针,1.6223,221.9072,2.0551,175.174,0.2393,1504.3878
600250,南纺股份,5.0801,70.8647,5.2109,69.086,0.9442,381.2752
600251,冠农股份,2.8507,126.2848,1.7257,208.611,0.497,724.3461
600252,中恒集团,2.9547,121.8398,0.1915,1879.8956,0.1638,2197.8022
600255,鑫科材料,27.0683,13.2997,7.9546,45.2568,2.3746,151.6045
600256,广汇能源,2.8372,126.8857,3.1219,115.3144,0.7626,472.0692
600257,大湖股份,3.3976,105.9571,0.3854,934.0944,0.3433,1048.6455
600258,首旅酒店,19.0319,18.9156,38.7236,9.2967,3.2205,111.7839
600259,广晟有色,195.7823,1.8388,4.0943,87.9271,1.9667,183.0477
600260,凯乐科技,5.6239,64.0125,0.7327,491.3334,0.4621,779.0522
600261,阳光照明,2.5278,142.4163,2.9076,123.8135,0.6721,535.6346
600262,北方股份,1.288,279.5031,0.5569,646.4356,0.3643,988.1965
600265,ST景谷,3.5752,100.6937,0.5617,640.9115,0.2706,1330.3769
600266,北京城建,20.3892,17.6564,0.0872,4128.4404,0.1044,3448.2759
600267,海正药业,3.6006,99.9833,2.3942,150.3634,1.2185,295.4452
600268,国电南自,0.5814,619.195,1.3184,273.0583,0.3481,1034.1856
600269,赣粤高速,13.0635,27.5577,0.679,530.1915,0.7688,468.2622
600270,外运发展,1.2929,278.4438,221.1194,1.6281,0.3096,1162.7907
600271,航天信息,11.0861,32.4731,4.0937,87.94,0.7278,494.6414
600272,开开实业,4.1665,86.4035,2.9846,120.6192,1.3269,271.3091
600273,嘉化能源,16.2238,22.1896,2.0302,177.3224,0.8996,400.1779
600275,武昌鱼,0.0916,3930.131,0.0022,163636.3636,0.0018,200000.0
600276,恒瑞医药,5.1538,69.8514,1.597,225.4227,0.8694,414.0787
600277,亿利洁能,1.6575,217.1946,2.9881,120.4779,0.6449,558.2261
600278,东方创业,5.2767,68.2245,53.7404,6.6989,1.8504,194.5525
600279,重庆港九,7.9118,45.5017,14.3975,25.0043,0.3256,1105.6511
600280,中央商场,251.9718,1.4287,2.9345,122.6785,1.8917,190.305
600281,太化股份,6.2271,57.8118,4.5821,78.5666,1.1703,307.6134
600282,南钢股份,19.1327,18.816,3.3689,106.8598,1.6774,214.6179
600283,钱江水利,8.3287,43.224,0.3159,1139.6011,0.2015,1786.6005
600284,浦东建设,1.7747,202.8512,0.477,754.717,0.3296,1092.233
600285,羚锐制药,2.7371,131.5261,1.4344,250.976,0.435,827.5862
600287,江苏舜天,7.3184,49.1911,8.4728,42.4889,0.9419,382.2062
600288,大恒科技,4.6984,76.6218,1.7532,205.3388,0.7405,486.158
600289,亿阳信通,1.5872,226.8145,2.1287,169.1173,0.301,1196.0133
600290,华仪电气,1.1045,325.9393,2.4639,146.1098,0.6372,564.9718
600291,西水股份,4.5014,79.9751,2.0684,174.0476,0.6283,572.9747
600292,远达环保,2.9877,120.494,4.455,80.8081,1.1311,318.2742
600293,三峡新材,8.3464,43.1324,1.9502,184.5965,0.4661,772.3664
600295,鄂尔多斯,3.1883,112.9128,0.5083,708.2432,0.3515,1024.1821
600297,广汇汽车,1.9116,188.3239,4.5789,78.6215,0.6099,590.2607
600298,安琪酵母,7.536,47.7707,1.0666,337.5211,0.9589,375.4302
600299,安迪苏,13.3794,26.907,2.5035,143.7987,0.8148,441.8262
600300,维维股份,8.0491,44.7255,5.0223,71.6803,1.5496,232.318
600301,ST南化,10.5753,34.0416,6.5954,54.5835,1.8337,196.3244
600302,标准股份,3.2897,109.4325,1.5356,234.4361,0.7371,488.4005
600303,曙光股份,3.988,90.2708,2.9178,123.3806,0.745,483.2215
600305,恒顺醋业,5.1578,69.7972,0.2176,1654.4118,0.188,1914.8936
600306,*ST商城,29.2209,12.3199,1.3578,265.1348,0.9768,368.5504
600307,酒钢宏兴,12.8653,27.9822,6.0976,59.0396,2.6327,136.7417
600308,华泰股份,4.4977,80.0409,3.1625,113.834,1.3591,264.8812
600309,万华化学,9.1572,39.3133,3.3697,106.8344,1.4824,242.8494
600310,桂东电力,3.6116,99.6788,16.7451,21.4988,0.9358,384.6976
600311,荣华实业,0.2195,1640.0911,5.198,69.2574,0.0715,5034.965
600312,平高电气,0.5925,607.5949,0.6671,539.6492,0.2503,1438.2741
600313,农发种业,11.7193,30.7186,1.1336,317.5723,0.2777,1296.363
600315,上海家化,4.3071,83.5829,2.2947,156.8833,1.1914,302.1655
600316,洪都航空,0.5265,683.7607,0.6665,540.135,0.2336,1541.0959
600317,营口港,2.1403,168.2007,6.44,55.9006,1.1987,300.3254
600318,新力金融,124.937,2.8815,4.4852,80.264,0.8437,426.692
600319,亚星化学,5.3547,67.2307,6.1299,58.7285,0.9031,398.627
600320,振华重工,3.4018,105.8263,5.6684,63.51,0.6596,545.7853
600321,国栋建设,9.2258,39.021,0.5533,650.6416,0.48,750.0
600322,天房发展,107.3184,3.3545,0.2393,1504.3878,0.2328,1546.3918
600323,瀚蓝环境,26.3098,13.6831,7.34,49.0463,1.5084,238.6635
600325,华发股份,2584.4143,0.1393,0.1178,3056.0272,0.1345,2676.5799
600326,西藏天路,0.8658,415.8004,0.4581,785.8546,0.1917,1877.9343
600327,大东方,59.5542,6.0449,5.2465,68.6172,1.7858,201.5903
600328,兰太实业,2.35,153.1915,1.7119,210.2927,0.6846,525.8545
600329,中新药业,3.6979,97.3526,1.6303,220.8183,0.8734,412.1823
600330,天通股份,2.3085,155.9454,0.9707,370.8664,0.5571,646.2036
600331,宏达股份,5.3821,66.8884,1.6446,218.8982,0.7522,478.5961
600332,白云山,3.7969,94.8142,4.067,88.5173,1.463,246.0697
600333,长春燃气,5.2271,68.8718,2.8485,126.3823,1.0197,353.045
600335,国机汽车,1.2895,279.178,0.5958,604.2296,0.3864,931.677
600336,澳柯玛,2.0768,173.3436,1.5626,230.3853,0.455,791.2088
600337,美克家居,4.1197,87.385,0.9179,392.1996,0.7386,487.4086
600338,西藏珠峰,147.5298,2.4402,1.5716,229.0659,0.9057,397.4826
600339,*ST油工,15.7789,22.8153,1.9931,180.6231,0.772,466.3212
600340,华夏幸福,2.0576,174.9611,1.3812,260.6429,0.4882,737.4027
600343,航天动力,1.0476,343.6426,0.7107,506.5428,0.3449,1043.7808
600345,长江通信,1.4515,248.0193,1.6088,223.7693,0.3178,1132.7879
600346,恒力股份,1.7835,201.8503,0.8573,419.923,0.4289,839.3565
600348,阳泉煤业,7.6031,47.3491,12.4792,28.848,1.8097,198.928
600350,山东高速,138.9983,2.59,30.3091,11.8776,0.8307,433.3694
600351,亚宝药业,4.5119,79.789,2.4812,145.0911,1.2074,298.1613
600352,浙江龙盛,2.3207,155.1256,2.6915,133.7544,0.818,440.0978
600353,旭光股份,1.2325,292.0892,0.8268,435.4136,0.3288,1094.8905
600354,敦煌种业,1.4387,250.2259,0.5241,686.8918,0.2761,1303.8754
600355,精伦电子,0.9136,394.0455,0.3848,935.5509,0.2355,1528.6624
600356,恒丰纸业,2.624,137.1951,1.9939,180.5507,0.7852,458.4819
600358,国旅联合,20.1642,17.8534,0.2585,1392.6499,0.2148,1675.9777
600359,新农开发,2.1229,169.5793,0.4162,864.9688,0.2254,1597.1606
600360,华微电子,1.2747,282.4194,1.254,287.0813,0.4217,853.6875
600361,华联综超,722.9214,0.498,7.4313,48.4437,2.0061,179.4527
600362,江西铜业,12.3134,29.2364,2.0686,174.0307,1.3885,259.2726
600363,联创光电,1.8114,198.7413,2.0207,178.1561,0.736,489.1304
600365,通葡股份,0.3705,971.6599,0.2454,1466.9927,0.1418,2538.787
600366,宁波韵升,5.3739,66.9905,4.1112,87.5657,1.4161,254.2193
600367,红星发展,2.6312,136.8197,1.5047,239.2503,0.5004,719.4245
600368,五洲交通,26.0781,13.8047,0.2525,1425.7426,0.1139,3160.6673
600369,西南证券,5.2239,68.914,4.1381,86.9964,0.0687,5240.1747
600370,三房巷,6.6034,54.5174,2.5512,141.1101,0.8699,413.8407
600371,万向德农,41.3229,8.7119,0.8957,401.9203,0.6952,517.8366
600372,中航电子,2.302,156.3858,2.5716,139.9907,0.7875,457.1429
600373,中文传媒,2.6097,137.9469,0.8782,409.9294,0.5127,702.165
600375,华菱星马,3.7622,95.6887,3.4624,103.9741,0.8719,412.8914
600376,首开股份,0.4896,735.2941,0.0009,400000.0,0.0012,300000.0
600377,宁沪高速,42.4592,8.4787,37.2554,9.663,2.5131,143.2494
600378,天科股份,2.3973,150.1689,2.1905,164.346,0.582,618.5567
600379,宝光股份,1.4999,240.016,1.0984,327.7495,0.5084,708.1039
600380,健康元,2.8465,126.4711,1.6111,223.4498,0.5444,661.2785
600381,青海春天,0.0271,13284.1328,0.0713,5049.0884,0.0016,225000.0
600382,广东明珠,1.6727,215.2209,1.259,285.9412,0.3389,1062.2603
600383,金地集团,5520.1832,0.0652,0.1096,3284.6715,0.1601,2248.5946
600385,山东金泰,0.391,920.7161,0.0245,14693.8776,0.0326,11042.9448
600386,北巴传媒,11.6156,30.9928,21.061,17.0932,1.4387,250.2259
600387,海越股份,16.1899,22.2361,1.6613,216.6978,1.0325,348.6683
600388,龙净环保,2.2801,157.8878,0.681,528.6344,0.3597,1000.834
600389,江山股份,14.6832,24.5178,5.5664,64.6738,2.4081,149.4955
600390,*ST金瑞,4.1169,87.4444,1.9303,186.4995,0.9451,380.9121
600391,成发科技,2.0307,177.2788,0.9633,373.7154,0.6328,568.9001
600392,盛和资源,1.2593,285.8731,1.6916,212.8163,0.2739,1314.3483
600393,粤泰股份,9.13,39.4304,0.1755,2051.2821,0.1907,1887.7819
600395,盘江股份,11.3581,31.6954,16.1001,22.3601,1.2232,294.31
600396,金山股份,3.5982,100.05,9.017,39.9246,0.9613,374.4929
600397,安源煤业,4.2551,84.6044,3.0299,118.8158,0.9444,381.1944
600398,海澜之家,4.0323,89.2791,1.7524,205.4325,0.462,779.2208
600399,抚顺特钢,4.0012,89.973,2.1367,168.4841,0.9174,392.4133
600400,红豆股份,4.4407,81.0683,0.4588,784.6556,0.3226,1115.933
600401,海润光伏,2.9732,121.0817,3.0712,117.218,0.7529,478.1511
600403,*ST大有,2.3833,151.0511,2.2627,159.102,0.2533,1421.2396
600405,动力源,0.8487,424.1782,0.8264,435.6244,0.356,1011.236
600406,国电南瑞,0.9505,378.748,1.0516,342.3355,0.3313,1086.6284
600408,安泰集团,11.7899,30.5346,2.8301,127.204,1.4826,242.8167
600409,三友化工,8.8959,40.4681,7.1945,50.0382,0.9758,368.9281
600410,华胜天成,4.1731,86.2668,0.9452,380.8718,0.622,578.7781
600415,小商品城,31.8133,11.316,0.3122,1153.107,0.4583,785.5117
600416,湘电股份,1.9236,187.1491,2.0125,178.882,0.5984,601.6043
600418,江淮汽车,17.4719,20.6045,7.1418,50.4075,2.6787,134.3935
600419,天润乳业,5.309,67.8094,1.2812,280.9866,0.9306,386.8472
600420,现代制药,3.4604,104.0342,1.8216,197.6285,0.8787,409.6961
600421,仰帆控股,2.7116,132.7629,1.2377,290.8621,0.141,2553.1915
600422,昆药集团,2.3898,150.6402,1.5468,232.7386,0.6744,533.8078
600423,柳化股份,9.0162,39.9281,3.9248,91.7244,1.2324,292.113
600425,*ST青松,1.8945,190.0238,1.0327,348.6008,0.4012,897.3081
600426,华鲁恒升,,,5.9529,60.4747,1.1443,314.6028
600428,中远海特,9.8539,36.5338,12.7298,28.2801,1.5445,233.0851
600429,三元股份,4.5063,79.8882,3.2553,110.5889,1.2754,282.2644
600432,*ST吉恩,7.4655,48.2218,1.8994,189.5335,0.836,430.622
600433,冠豪高新,2.577,139.6973,1.812,198.6755,0.5936,606.469
600435,北方导航,1.1607,310.1577,0.9655,372.8638,0.3005,1198.0033
600436,片仔癀,2.887,124.6969,1.1785,305.4731,0.5925,607.5949
600438,通威股份,7.9874,45.071,3.0543,117.8666,1.7886,201.2747
600439,瑞贝卡,4.2831,84.0513,1.5069,238.9011,0.612,588.2353
600444,国机通用,1.7135,210.0963,0.8108,444.0059,0.3737,963.3396
600446,金证股份,3.2712,110.0514,1.2329,291.9945,0.5636,638.7509
600448,华纺股份,7.7626,46.3762,2.809,128.1595,1.3431,268.0366
600449,宁夏建材,1.7213,209.1443,1.6696,215.6205,0.6939,518.8067
600452,涪陵电力,6.9,52.1739,45.318,7.9439,0.6278,573.431
600455,博通股份,1.6684,215.7756,1.9093,188.5508,0.4244,848.2564
600456,宝钛股份,6.4295,55.9919,1.0194,353.1489,0.5267,683.501
600458,时代新材,1.445,249.1349,0.0,,0.6629,543.0683
600459,贵研铂业,5.8924,61.0956,2.2623,159.1301,1.2102,297.4715
600460,士兰微,2.4288,148.2213,1.1266,319.5455,0.6032,596.817
600461,洪城水业,2.7788,129.5523,10.2884,34.9909,0.5631,639.3181
600462,九有股份,2.5268,142.4727,2.5465,141.3705,0.6929,519.5555
600463,空港股份,1.6894,213.0934,0.2838,1268.4989,0.2877,1251.3034
600466,蓝光发展,3.6541,98.5195,2.4401,147.5349,0.3526,1020.987
600467,好当家,20.9874,17.1531,0.8485,424.2781,0.9731,369.9517
600468,百利电气,1.9579,183.8705,2.7464,131.0807,0.8432,426.945
600469,风神股份,5.6304,63.9386,4.6573,77.298,2.0206,178.1649
600470,六国化工,15.9071,22.6314,1.0301,349.4806,0.6575,547.5285
600475,华光股份,3.5945,100.153,1.0007,359.7482,0.4384,821.1679
600476,湘邮科技,1.1249,320.0284,0.4452,808.6253,0.2168,1660.5166
600477,杭萧钢构,1.6966,212.1891,1.6599,216.8805,0.6759,532.6232
600478,科力远,3.9807,90.4364,4.9856,72.208,1.2509,287.7928
600479,千金药业,8.4636,42.5351,1.4822,242.8822,0.482,746.888
600480,凌云股份,2.054,175.2678,1.75,205.7143,0.7331,491.0653
600481,双良节能,10.6421,33.8279,3.2429,111.0117,1.3577,265.1543
600482,中国动力,5.6388,63.8434,1.6393,219.6059,0.9704,370.981
600483,福能股份,5.6592,63.6132,1.9206,187.4414,0.8491,423.9783
600485,信威集团,0.9676,372.0546,0.4164,864.5533,0.2878,1250.8687
600486,扬农化工,5.5207,65.2091,5.6882,63.2889,1.0484,343.3804
600487,亨通光电,1.2182,295.518,1.4646,245.8009,0.3932,915.5646
600488,天药股份,1.485,242.4242,0.4485,802.6756,0.2586,1392.1114
600489,中金黄金,162.5042,2.2153,4.8724,73.8856,2.4999,144.0058
600490,鹏欣资源,1.3916,258.695,0.6602,545.2893,0.3284,1096.2241
600491,龙元建设,1.2257,293.7097,1.101,326.9755,0.4733,760.6169
600493,凤竹纺织,3.9582,90.9504,2.0236,177.9008,0.951,378.5489
600495,晋西车轴,2.7216,132.2751,3.4483,104.3993,1.0361,347.4568
600496,精工钢构,3.4275,105.0328,1.1037,326.1756,0.5568,646.5517
600497,驰宏锌锗,45.6255,7.8903,1.2321,292.1841,1.3877,259.4221
600498,烽火通信,0.8517,422.684,0.5917,608.4164,0.2748,1310.0437
600499,科达洁能,3.8045,94.6248,1.4385,250.2607,0.8131,442.75
600500,中化国际,8.3287,43.224,5.9687,60.3146,2.0652,174.3173
600501,航天晨光,1.0513,342.4332,1.0467,343.9381,0.4316,834.1057
600502,安徽水利,2.4358,147.7954,1.2461,288.9014,0.53,679.2453
600503,华丽家族,4.275,84.2105,2.5331,142.1184,0.2704,1331.3609
600505,西昌电力,1.6629,216.4893,13.4858,26.6947,0.7089,507.829
600506,香梨股份,0.5346,673.4007,0.3236,1112.4845,0.055,6545.4545
600507,方大特钢,45.5673,7.9004,5.6016,64.2674,2.829,127.2534
600508,上海能源,40.2793,8.9376,7.1789,50.147,2.8946,124.3695
600509,天富能源,3.6924,97.4976,0.9146,393.6147,0.3094,1163.5423
600510,黑牡丹,17.1856,20.9478,1.6863,213.4851,0.8646,416.3775
600511,国药股份,3.2747,109.9337,5.3,67.9245,1.548,232.5581
600512,腾达建设,1.7925,200.8368,5.6519,63.6954,0.852,422.5352
600513,联环药业,1.4287,251.9773,1.3507,266.5285,0.4092,879.7654
600515,海航基础,8.8056,40.8831,9.0094,39.9583,0.6872,523.865
600516,方大炭素,2.0168,178.5006,0.7736,465.3568,0.505,712.8713
600517,置信电气,2.6166,137.5831,1.5256,235.9727,0.7899,455.7539
600518,康美药业,6.019,59.8106,2.0212,178.112,0.4716,763.3588
600519,贵州茅台,39.3764,9.1425,0.1898,1896.7334,0.3744,961.5385
600520,*ST中发,1.4984,240.2563,0.8067,446.2626,0.4001,899.7751
600521,华海药业,2.3261,154.7655,0.7021,512.7475,0.5979,602.1074
600522,中天科技,1.9984,180.1441,0.9284,387.7639,0.4906,733.7954
600523,贵航股份,2.3014,156.4265,1.6052,224.2711,0.7746,464.756
600525,长园集团,1.7585,204.7199,2.2978,156.6716,0.7467,482.1213
600526,菲达环保,1.4898,241.6432,0.7037,511.5816,0.3692,975.0813
600527,江南高纤,16.0744,22.3959,1.8735,192.1537,0.7261,495.7995
600528,中铁工业,6.4468,55.8417,2.2478,160.1566,0.8534,421.842
600529,山东药玻,1.749,205.8319,1.6373,219.8742,0.5095,706.5751
600530,交大昂立,3.8741,92.9248,0.5691,632.5778,0.3237,1112.1409
600531,豫光金铅,35.8857,10.0319,2.1396,168.2557,1.4441,249.2902
600532,宏达矿业,3.6169,99.5327,2.9793,120.8338,0.5792,621.547
600533,栖霞建设,36515.881,0.0099,0.2079,1731.6017,0.2094,1719.1977
600535,天士力,3.9307,91.5867,4.2014,85.6857,0.8495,423.7787
600536,中国软件,1.3622,264.2784,1.7842,201.7711,0.5825,618.0258
600537,亿晶光电,6.301,57.1338,1.009,356.7889,0.5891,611.1017
600538,国发股份,2.8192,127.6958,1.6808,214.1837,0.6843,526.0851
600539,ST狮头,1.4215,253.2536,1.5902,226.3866,0.3215,1119.7512
600540,新赛股份,22.9232,15.7046,1.2902,279.0265,0.5851,615.2794
600543,莫高股份,2.2263,161.7033,0.5885,611.7247,0.3866,931.195
600545,新疆城建,1.0694,336.6374,0.516,697.6744,0.2894,1243.953
600546,*ST山煤,4.498,80.0356,1.2243,294.0456,0.8732,412.2767
600547,山东黄金,173.928,2.0698,31.9026,11.2843,7.4806,48.1245
600548,深高速,6.8748,52.3652,46.8318,7.6871,1.2215,294.7196
600549,厦门钨业,3.6194,99.464,0.6084,591.716,0.478,753.1381
600550,保变电气,1.906,188.8772,1.3991,257.3083,0.4645,775.0269
600551,时代出版,1.4156,254.3091,0.9908,363.3428,0.3775,953.6424
600552,凯盛科技,2.2832,157.6734,3.2869,109.5257,0.9614,374.4539
600555,海航创新,7.6277,47.1964,6.3272,56.8972,0.3542,1016.3749
600556,ST慧球,0.1504,2393.617,0.4546,791.905,0.0777,4633.2046
600557,康缘药业,2.2302,161.4205,3.566,100.9534,0.931,386.681
600558,大西洋,6.0555,59.4501,2.6894,133.8589,1.0122,355.6609
600559,老白干酒,4.2373,84.9598,0.4864,740.1316,0.5463,658.9786
600560,金自天正,1.5451,232.9946,0.4146,868.3068,0.2314,1555.7476
600561,江西长运,16.8407,21.3768,27.8968,12.9047,0.8608,418.2156
600562,国睿科技,8.8994,40.4522,1.1854,303.695,0.5351,672.7714
600563,法拉电子,1.8583,193.7254,1.6382,219.7534,0.5085,707.9646
600565,迪马股份,1.6834,213.8529,0.2471,1456.9,0.1986,1812.6888
600566,济川药业,0.6847,525.7777,0.881,408.6266,0.3205,1123.2449
600567,山鹰纸业,3.8738,92.932,4.3207,83.3198,0.8409,428.1127
600568,中珠医疗,2.1549,167.0611,3.8672,93.0906,1.1312,318.2461
600569,安阳钢铁,230.5992,1.5612,3.279,109.7896,1.9616,183.5237
600570,恒生电子,3.5957,100.1196,6.3997,56.2526,0.5298,679.5017
600571,信雅达,1.0474,343.7082,0.717,502.0921,0.3475,1035.9712
600572,康恩贝,2.5687,140.1487,1.3289,270.9007,0.5878,612.4532
600573,惠泉啤酒,51.1671,7.0358,3.1443,114.4929,2.2496,160.0284
600575,皖江物流,6.5047,55.3446,20.418,17.6315,0.5301,679.1171
600576,万家文化,8.5573,42.0693,0.0283,12720.8481,0.0944,3813.5593
600577,精达股份,3.5013,102.819,7.4445,48.3578,1.6519,217.9309
600578,京能电力,4.8292,74.5465,18.0079,19.9912,1.7887,201.2635
600579,天华院,2.9427,122.3366,3.5411,101.6633,1.2383,290.7211
600580,卧龙电气,3.1548,114.1118,2.5734,139.8927,0.7671,469.3
600581,*ST八钢,40.4112,8.9084,4.1715,86.2999,2.0165,178.5272
600582,天地科技,1.6967,212.1766,0.9651,373.0183,0.5027,716.1329
600583,海油工程,6.6827,53.8704,1.8408,195.5671,1.1084,324.7925
600584,长电科技,2.9448,122.2494,3.2692,110.1187,0.8516,422.7337
600585,海螺水泥,18.6556,19.2972,4.2018,85.6776,1.9187,187.627
600586,金晶科技,19.6774,18.2951,2.8463,126.48,1.2765,282.0212
600587,新华医疗,1.4634,246.0025,0.9857,365.2227,0.4001,899.7751
600588,用友网络,7.1067,50.6564,8.2382,43.6989,0.635,566.9291
600589,广东榕泰,2.3258,154.7855,1.6674,215.905,0.7153,503.2853
600590,泰豪科技,1.3488,266.9039,1.0753,334.7903,0.4397,818.7401
600592,龙溪股份,2.5334,142.1015,1.1553,311.6074,0.5012,718.2761
600593,大连圣亚,,,8.861,40.6275,0.396,909.0909
600594,益佰制药,8.8401,40.7235,0.9783,367.9853,0.7787,462.309
600595,中孚实业,30.2968,11.8824,5.1241,70.2562,1.7338,207.6364
600596,新安股份,16.2047,22.2158,3.5643,101.0016,1.4504,248.2074
600597,光明乳业,6.5465,54.9912,5.155,69.8351,2.0346,176.939
600598,北大荒,3.0988,116.174,0.7243,497.0316,0.4906,733.7954
600599,熊猫金控,0.8801,409.0444,11.8428,30.3982,0.542,664.2066
600600,青岛啤酒,64.0219,5.6231,2.3435,153.6164,1.6702,215.543
600601,方正科技,6.487,55.4956,9.2717,38.8278,1.2342,291.6869
600602,云赛智联,2.2272,161.6379,3.0021,119.9161,0.7462,482.4444
600603,广汇物流,2.6261,137.0854,0.0811,4438.9642,0.0674,5341.2463
600604,市北高新,2.8186,127.723,1.2667,284.203,0.6254,575.6316
600605,汇通能源,3.1094,115.778,4.5962,78.3256,1.0217,352.3539
600606,绿地控股,31.8236,11.3124,0.3285,1095.8904,0.2431,1480.8721
600608,*ST沪科,2.0665,174.2076,2.3511,153.1198,0.4548,791.5567
600609,金杯汽车,4.2941,83.836,3.1751,113.3823,0.6744,533.8078
600610,中毅达,4.9065,73.3721,2.0636,174.4524,0.6634,542.659
600611,大众交通,16.0861,22.3796,2.2602,159.2779,1.0189,353.3222
600612,老凤祥,17.3122,20.7946,3.8062,94.5825,2.228,161.5799
600613,神奇制药,0.6766,532.0721,5.898,61.0376,0.2848,1264.0449
600614,鹏起科技,3.3937,106.0789,1.1491,313.2887,0.788,456.8528
600615,丰华股份,1.0521,342.1728,0.0168,21428.5714,0.0127,28346.4567
600616,金枫酒业,6.4375,55.9223,2.239,160.7861,1.4358,250.7313
600617,国新能源,6.3711,56.5052,0.4215,854.0925,0.383,939.9478
600618,氯碱化工,10.1361,35.5166,4.9582,72.607,1.3804,260.794
600619,海立股份,3.3374,107.8684,5.2677,68.341,1.1426,315.0709
600620,天宸股份,6.7236,53.5427,0.0485,7422.6804,0.0481,7484.4075
600621,华鑫股份,3.7391,96.2799,6.0271,59.7302,0.8469,425.0797
600622,嘉宝集团,18.6314,19.3222,0.6517,552.4014,0.5161,697.5392
600623,华谊集团,5.0741,70.9485,2.729,131.9165,0.9814,366.8229
600624,复旦复华,2.1704,165.868,1.6176,222.5519,0.3795,948.6166
600626,申达股份,8.7019,41.3703,11.2949,31.8728,1.7512,205.5733
600628,新世界,22.5784,15.9444,16.9456,21.2445,3.0996,116.144
600629,华建集团,1.8297,196.7536,5.5139,65.2895,0.7912,455.0051
600630,龙头股份,5.6791,63.3903,1.3451,267.6381,0.8182,439.9902
600633,浙报传媒,1.8296,196.7643,2.8675,125.5449,0.873,412.3711
600634,富控互动,,,0.1087,3311.8675,0.0433,8314.0878
600635,大众公用,7.8871,45.6442,2.7922,128.9306,0.7525,478.4053
600636,*ST爱富,8.6989,41.3845,4.0272,89.3921,1.601,224.8595
600637,东方明珠,1.3859,259.759,3.6737,97.9938,0.5973,602.7122
600638,新黄浦,6.5874,54.6498,1.8166,198.1724,0.3936,914.6341
600639,浦东金桥,24.4594,14.7183,0.309,1165.0485,0.5312,677.7108
600640,号百控股,5.8122,61.9387,2.3852,150.9307,0.1105,3257.9186
600641,万业企业,,,0.063,5714.2857,0.0532,6766.9173
600642,申能股份,10.4915,34.3135,18.5815,19.3741,1.1464,314.0265
600643,爱建集团,8.7238,41.2664,0.236,1525.4237,0.1733,2077.3226
600644,乐山电力,6.9001,52.1732,8.9127,40.3918,1.6215,222.0167
600645,中源协和,5.7663,62.4317,2.7837,129.3243,0.8036,447.9841
600647,同达创业,2.9971,120.1161,0.1622,2219.4821,0.145,2482.7586
600648,外高桥,3.8137,94.3965,0.08,4500.0,0.0803,4483.188
600649,城投控股,1.505,239.2027,6.4035,56.2193,0.2824,1274.7875
600650,锦江投资,18.5315,19.4264,14.147,25.4471,1.3558,265.5259
600651,飞乐音响,2.4734,145.5486,2.2938,156.9448,0.6366,565.5042
600652,游久游戏,8.6028,41.8468,26.1446,13.7696,0.428,841.1215
600653,申华控股,11.7582,30.6169,3.204,112.3596,1.1835,304.1825
600654,中安消,1.8215,197.6393,1.4915,241.3678,0.5531,650.8769
600655,豫园商城,24.1575,14.9022,1.5897,226.4578,0.9684,371.7472
600657,信达地产,2.0545,175.2251,2.8275,127.321,0.4447,809.5345
600658,电子城,2.0407,176.4101,0.9696,371.2871,0.5252,685.4532
600660,福耀玻璃,3.3809,106.4805,1.2779,281.7122,1.0915,329.8213
600661,新南洋,5.3074,67.8298,2.6757,134.5442,0.6753,533.0964
600662,强生控股,31.1461,11.5584,0.5463,658.9786,0.4307,835.8486
600663,陆家嘴,,,0.0909,3960.396,0.091,3956.044
600664,哈药股份,3.5604,101.1122,1.9957,180.3878,0.8131,442.75
600665,天地源,26.9186,13.3737,0.089,4044.9438,0.1097,3281.6773
600666,奥瑞德,1.9044,189.0359,2.0071,179.3633,0.6545,550.0382
600667,太极实业,3.5489,101.4399,3.9751,90.5638,0.8439,426.5908
600668,尖峰集团,4.1347,87.068,3.5205,102.2582,0.8776,410.2097
600671,天目药业,3.0605,117.6278,2.07,173.913,0.5767,624.2414
600673,东阳光科,9.9279,36.2614,6.3707,56.5087,2.6416,136.281
600674,川投能源,4.8264,74.5898,3.8609,93.2425,0.5179,695.1149
600675,中华企业,235.0041,1.5319,0.1478,2435.724,0.2597,1386.2149
600676,交运股份,4.0488,88.9152,1.9284,186.6833,0.7023,512.6015
600677,航天通信,5.5725,64.603,2.4625,146.1929,0.8182,439.9902
600678,四川金顶,1.1575,311.0151,1.8479,194.8157,0.3437,1047.4251
600679,上海凤凰,3.0832,116.7618,4.5715,78.7488,0.8834,407.5164
600680,ST上普,1.1595,310.4787,0.553,650.9946,0.3116,1155.3273
600681,百川能源,0.9476,379.9071,0.0735,4897.9592,0.0513,7017.5439
600682,南京新百,73.6104,4.8906,10.5312,34.1841,1.5508,232.1383
600683,京投发展,15.4823,23.2524,0.7821,460.2992,0.5325,676.0563
600684,珠江实业,,,0.1108,3249.0975,0.1142,3152.3643
600685,中船防务,12.8193,28.0827,1.8601,193.538,0.3743,961.7954
600686,金龙汽车,6.8856,52.283,3.9908,90.2075,1.3434,267.9768
600687,刚泰控股,4.6681,77.1192,0.573,628.2723,0.3577,1006.43
600688,上海石化,38.5078,9.3488,5.1172,70.351,3.3564,107.2578
600689,上海三毛,8.9989,40.0049,5.1161,70.3661,1.3544,265.8004
600690,青岛海尔,10.1071,35.6185,7.4069,48.6033,2.375,151.5789
600691,阳煤化工,0.3584,1004.4643,0.3584,1004.4643,0.0797,4516.9385
600692,亚通股份,33.4728,10.755,6.2163,57.9123,1.1738,306.6962
600693,东百集团,15.3988,23.3784,36.7963,9.7836,2.367,152.0913
600694,大商股份,472.5351,0.7618,5.641,63.8185,2.6842,134.1182
600695,绿庭投资,7.9965,45.0197,1.1344,317.3484,0.832,432.6923
600696,*ST匹凸,2.5268,142.4727,0.2141,1681.4573,0.1747,2060.6754
600697,欧亚集团,580.2394,0.6204,11.7842,30.5494,1.6673,215.918
600698,湖南天雁,4.6223,77.8833,3.8634,93.1822,1.3361,269.4409
600699,均胜电子,4.5508,79.107,0.6333,568.451,0.2852,1262.2721
600701,工大高新,7.3826,48.7633,2.183,164.9107,0.7766,463.5591
600702,沱牌舍得,7.851,45.854,0.3066,1174.1683,0.3599,1000.2779
600703,三安光电,0.0958,3757.8288,0.1722,2090.5923,0.0161,22360.2484
600704,物产中大,4.7307,76.0987,0.5975,602.5105,0.3805,946.1235
600705,中航资本,1.4326,251.2914,0.106,3396.2264,0.0337,10682.4926
600706,曲江文旅,1.1014,326.8567,0.2917,1234.1447,0.1264,2848.1013
600707,彩虹股份,1.8494,194.6577,2.842,126.6714,0.605,595.0413
600708,光明地产,7.1161,50.5895,4.1217,87.3426,1.3111,274.5786
600710,*ST常林,3.1031,116.013,1.9129,188.1959,0.9523,378.0321
600711,盛屯矿业,1.6047,224.341,0.2819,1277.0486,0.1619,2223.5948
600712,南宁百货,73.2955,4.9116,9.7337,36.9849,1.6673,215.918
600713,南京医药,2.9371,122.5699,5.4494,66.0623,1.3423,268.1964
600714,金瑞矿业,1.9188,187.6173,0.4073,883.8694,0.1593,2259.887
600715,文投控股,1.8397,195.6841,9.4409,38.132,0.8909,404.0858
600716,凤凰股份,9.7502,36.9223,2.0395,176.5139,1.2044,298.904
600717,天津港,10.0432,35.8451,59.6629,6.0339,0.8269,435.361
600718,东软集团,2.1221,169.6433,1.7244,208.7683,0.6912,520.8333
600719,大连热电,0.8315,432.9525,4.3209,83.316,0.4608,781.25
600720,祁连山,2.1978,163.8002,1.7742,202.9084,0.6104,589.7772
600721,百花村,13.46,26.7459,6.1521,58.5166,0.6944,518.4332
600722,金牛化工,0.744,483.871,1.7355,207.433,0.1638,2197.8022
600723,首商股份,17.4558,20.6235,5.139,70.0525,1.4466,248.8594
600724,宁波富达,2.7512,130.852,0.8572,419.972,0.5454,660.066
600725,ST云维,9.0678,39.7009,3.4866,103.2525,1.1528,312.2831
600726,华电能源,2.2924,157.0407,6.0235,59.7659,0.7889,456.3316
600727,鲁北化工,1.7747,202.8512,2.0453,176.0133,0.3676,979.3254
600728,佳都科技,1.3428,268.0965,1.8045,199.5012,0.3627,992.5558
600729,重庆百货,300.8829,1.1965,6.1553,58.4862,3.3065,108.8765
600730,中国高科,2.239,160.7861,6.7213,53.5611,0.8267,435.4663
600731,湖南海利,2.2946,156.8901,0.8185,439.829,0.4118,874.2108
600732,*ST新梅,,,0.0018,200000.0,0.005,72000.0
600733,S*ST前锋,3.9051,92.1871,0.0623,5778.4912,0.0912,3947.3684
600734,实达集团,2.2187,162.2572,1.4936,241.0284,0.3613,996.4019
600735,新华锦,4.5936,78.3699,5.6658,63.5391,1.2682,283.8669
600736,苏州高新,1.1208,321.1991,0.181,1988.9503,0.1776,2027.027
600737,中粮糖业,5.9458,60.5469,1.145,314.4105,1.0122,355.6609
600738,兰州民百,,,15.248,23.6097,1.458,246.9136
600739,辽宁成大,5.3742,66.9867,4.7498,75.7927,1.0772,334.1998
600740,山西焦化,8.738,41.1994,4.568,78.8091,1.6155,222.8412
600741,华域汽车,18.2132,19.7659,27.3143,13.1799,2.4667,145.944
600742,一汽富维,7.8293,45.9811,3.9188,91.8649,2.056,175.0973
600743,华远地产,15.7058,22.9215,3.3798,106.5152,1.7521,205.4677
600744,华银电力,2.4058,149.6384,2.4739,145.5192,0.7994,450.3378
600745,中茵股份,0.291,1237.1134,2.3133,155.6218,0.063,5714.2857
600746,江苏索普,5.4565,65.9764,8.1763,44.0297,1.9067,188.8079
600747,大连控股,0.8108,444.0059,0.1863,1932.3671,0.0943,3817.6034
600748,上实发展,92.0654,3.9103,0.1435,2508.7108,0.1592,2261.3065
600749,西藏旅游,0.7524,478.4689,7.7663,46.3541,0.2082,1729.1066
600750,江中药业,20.8784,17.2427,2.1555,167.0146,1.1733,306.8269
600751,天海投资,2.0614,174.6386,1862.0568,0.1933,0.764,471.2042
600753,东方银星,0.3866,931.195,0.1101,3269.7548,0.0851,4230.3173
600754,锦江股份,10.0964,35.6563,9.5709,37.614,0.5683,633.4682
600755,厦门国贸,18.7432,19.207,4.0568,88.7399,1.9361,185.9408
600756,浪潮软件,1.0764,334.4482,0.8613,417.9728,0.3373,1067.2991
600757,长江传媒,10.4893,34.3207,2.7804,129.4778,1.1487,313.3978
600758,红阳能源,8.2409,43.6845,5.1298,70.1782,2.7188,132.4114
600759,洲际油气,1.3747,261.8753,7.698,46.7654,0.4061,886.4812
600760,中航黑豹,50.2202,7.1684,1.7704,203.3439,1.0982,327.8091
600761,安徽合力,6.3818,56.4104,2.0237,177.892,1.0039,358.6015
600763,通策医疗,70.7011,5.0919,13.3356,26.9954,0.4237,849.6578
600764,中电广通,1.9084,188.6397,1.7849,201.692,0.7925,454.2587
600765,中航重机,0.7022,512.6745,0.3578,1006.1487,0.1793,2007.8081
600766,园城黄金,0.9803,367.2345,0.0628,5732.4841,0.0274,13138.6861
600767,运盛医疗,14.6335,24.6011,0.0454,7929.5154,0.0565,6371.6814
600768,宁波富邦,20.6403,17.4416,3.6836,97.7305,1.8172,198.107
600769,祥龙电业,6.7978,52.9583,3.7768,95.3188,1.5359,234.3903
600770,综艺股份,4.1545,86.653,1.6094,223.6858,0.3548,1014.6561
600771,广誉远,1.3084,275.1452,0.9652,372.9797,0.1262,2852.6149
600773,西藏城投,0.5611,641.5969,0.5833,617.1781,0.1393,2584.3503
600774,汉商集团,78.3957,4.5921,10.2222,35.2175,1.76,204.5455
600775,南京熊猫,1.9893,180.9682,0.92,391.3043,0.2199,1637.1078
600776,东方通信,6.9781,51.59,16.6515,21.6197,2.3656,152.1813
600777,新潮能源,3.255,110.5991,0.3485,1032.9986,0.2314,1555.7476
600778,友好集团,8.2148,43.8233,2.9148,123.5076,1.0282,350.1264
600779,水井坊,10.9717,32.8117,0.146,2465.7534,0.3457,1041.3653
600780,通宝能源,7.9628,45.2102,12.7158,28.3112,1.8468,194.9318
600781,辅仁药业,4.8724,73.8856,0.4729,761.2603,0.5088,707.5472
600782,新钢股份,1.6376,219.8339,1.9432,185.2614,0.6691,538.0362
600783,鲁信创投,2.5709,140.0288,2.5995,138.4882,0.7389,487.2107
600784,鲁银投资,21.6927,16.5954,5.348,67.3149,2.2709,158.5275
600785,新华百货,39.1294,9.2002,7.1315,50.4803,2.1894,164.4286
600787,中储股份,15.491,23.2393,5.135,70.1071,1.3462,267.4194
600789,鲁抗医药,2.0629,174.5116,2.5801,139.5295,0.9049,397.834
600790,轻纺城,7.9597,45.2278,0.3438,1047.1204,0.2581,1394.8082
600791,京能置业,10.4369,34.493,0.1798,2002.2247,0.1517,2373.1048
600792,云煤能源,3.5148,102.424,2.2675,158.7652,1.0568,340.651
600793,宜宾纸业,4.6884,76.7853,2.096,171.7557,0.9165,392.7987
600794,保税科技,6.0636,59.3707,1.1359,316.9293,0.7973,451.5239
600795,国电电力,3.6007,99.9806,3.9391,91.3914,0.8767,410.6308
600796,钱江生化,3.5203,102.264,0.9749,369.2686,0.463,777.5378
600797,浙大网新,3.2157,111.9507,2.6514,135.7773,0.7207,499.5144
600798,宁波海运,6.3314,56.8595,7.9828,45.097,0.9408,382.6531
600800,天津磁卡,0.525,685.7143,0.5616,641.0256,0.0564,6382.9787
600801,华新水泥,14.4169,24.9707,3.3605,107.1269,1.6855,213.5865
600802,福建水泥,11.3442,31.7343,2.7825,129.3801,1.0004,359.8561
600803,新奥股份,1.8682,192.6989,2.3272,154.6923,0.6515,552.571
600804,鹏博士,10.4608,34.4142,4.1493,86.7616,0.543,662.9834
600805,悦达投资,7.6033,47.3479,2.4958,144.2423,0.3676,979.3254
600806,*ST昆机,3.4296,104.9685,1.3893,259.1233,0.6874,523.7125
600807,天业股份,4.2738,84.2342,0.0883,4077.0102,0.1396,2578.7966
600808,马钢股份,29.7056,12.1189,2.4383,147.6439,1.3135,274.0769
600809,山西汾酒,9.9556,36.1606,0.4733,760.6169,0.6955,517.6132
600810,神马股份,3.3666,106.9328,5.9781,60.2198,0.9862,365.0375
600811,东方集团,9.9987,36.0047,3.1251,115.1963,0.462,779.2208
600812,华北制药,1.2645,284.6975,1.9364,185.912,0.5763,624.6746
600814,杭州解百,51.1586,7.0369,16.5953,21.6929,2.6033,138.286
600815,厦工股份,4.7522,75.7544,2.1126,170.4061,1.3246,271.7802
600816,安信信托,0.7119,505.689,0.4236,849.8584,0.0564,6382.9787
600817,*ST宏盛,0.8204,438.8103,143.6179,2.5067,0.799,450.5632
600818,中路股份,5.2455,68.6303,2.4774,145.3136,1.0491,343.1513
600819,耀皮玻璃,6.4245,56.0355,1.6573,217.2208,0.6994,514.7269
600820,隧道股份,2.2917,157.0886,1.8038,199.5787,0.7068,509.3379
600821,津劝业,29.0454,12.3944,12.688,28.3733,1.0946,328.8873
600822,上海物贸,61.0057,5.9011,15.8932,22.6512,6.4883,55.4845
600823,世茂股份,14.2415,25.2782,0.1419,2536.9979,0.1582,2275.6005
600824,益民集团,29.276,12.2968,1.4993,240.1121,1.1548,311.7423
600825,新华传媒,2.7555,130.6478,1.8222,197.5634,0.6532,551.1329
600826,兰生股份,7.286,49.4098,7.6308,47.1772,1.7921,200.8816
600827,百联股份,146.2076,2.4623,5.1974,69.2654,1.9832,181.5248
600828,茂业商业,22.0404,16.3336,6.9149,52.0615,1.4334,251.1511
600829,人民同泰,3.6047,99.8696,1.7148,209.937,0.735,489.7959
600830,香溢融通,9.2939,38.7351,2.8361,126.9349,0.8199,439.0779
600831,广电网络,21.643,16.6336,49.9802,7.2029,0.144,2500.0
600833,第一医药,7.6391,47.126,2.7231,132.2023,1.5288,235.4788
600834,申通地铁,50.1583,7.1773,,,19.8185,18.1648
600835,上海机电,5.99,60.1002,2.1275,169.2127,0.6849,525.6242
600836,界龙实业,2.5178,142.982,0.6896,522.0418,0.2371,1518.3467
600837,海通证券,,,,,,
600838,上海九百,3.9516,91.1023,2.978,120.8865,0.762,472.4409
600839,四川长虹,4.8585,74.0969,1.7181,209.5338,0.8493,423.8785
600841,上柴股份,5.25,68.5714,2.5072,143.5865,0.9459,380.5899
600843,上工申贝,3.0181,119.2803,1.8562,193.9446,0.7927,454.1441
600844,丹化科技,2.9124,123.6094,1.6449,218.8583,0.375,960.0
600845,宝信软件,1.7774,202.543,3.2301,111.4517,0.831,433.213
600846,同济科技,4.1867,85.9866,0.3573,1007.5567,0.2136,1685.3933
600847,万里股份,2.3067,156.0671,1.9779,182.0112,0.6412,561.4473
600848,上海临港,1.8009,199.9,2.0547,175.2081,0.7148,503.6374
600850,华东电脑,2.3187,155.2594,5.9183,60.8283,1.1016,326.7974
600851,海欣股份,1.3735,262.1041,0.6319,569.7104,0.2713,1326.9443
600853,龙建股份,0.9075,396.6942,0.3125,1152.0,0.1963,1833.9277
600854,春兰股份,1.1701,307.666,0.7858,458.1318,0.431,835.2668
600855,航天长峰,1.477,243.7373,0.4971,724.2004,0.2107,1708.5904
600856,中天能源,51.5535,6.983,2.4452,147.2272,1.0453,344.3987
600857,宁波中百,16.4856,21.8372,6.8035,52.9139,1.5055,239.1232
600858,银座股份,,,21.0544,17.0986,3.9196,91.8461
600859,王府井,70.4095,5.1129,8.5248,42.2297,2.2725,158.4158
600860,*ST京城,1.3993,257.2715,0.6224,578.4062,0.4423,813.9272
600861,北京城乡,104.5524,3.4432,33.4129,10.7743,1.3135,274.0769
600862,中航高科,1.2255,293.7576,0.9952,361.7363,0.3918,918.8361
600863,内蒙华电,3.464,103.9261,7.4018,48.6368,1.5098,238.4422
600864,哈投股份,8.1103,44.388,2.9995,120.02,0.5717,629.7009
600865,百大集团,19.2285,18.7222,32.1952,11.1818,1.2896,279.1563
600866,*ST星湖,3.4251,105.1064,1.5008,239.8721,0.7904,455.4656
600867,通化东宝,0.6059,594.1575,0.6667,539.973,0.3144,1145.0382
600868,梅雁吉祥,0.4971,724.2004,0.9287,387.6386,0.2749,1309.5671
600869,智慧能源,0.8818,408.2558,1.3006,276.7953,0.4103,877.4068
600870,厦华电子,3.5604,101.1122,2.1492,167.5042,1.0605,339.4625
600871,石化油服,24.8402,14.4926,5.6776,63.4071,2.0823,172.8858
600872,中炬高新,5.2947,67.9925,2.6331,136.721,0.8296,433.9441
600873,梅花生物,2.5741,139.8547,1.1337,317.5443,0.6812,528.4792
600874,创业环保,3.2797,109.7661,26.9451,13.3605,0.4897,735.144
600875,东方电气,0.8125,443.0769,0.3056,1178.0105,0.1481,2430.79
600876,洛阳玻璃,26.6971,13.4846,2.1328,168.7922,1.0671,337.3629
600877,中国嘉陵,3.394,106.0695,6.6747,53.935,1.1786,305.4471
600879,航天电子,1.6702,215.543,0.3419,1052.9395,0.2673,1346.8013
600880,博瑞传播,7.8357,45.9436,9.3835,38.3652,1.1041,326.0574
600881,亚泰集团,4.1016,87.7706,0.8387,429.2357,0.4638,776.1966
600882,广泽股份,6.5115,55.2868,1.4189,253.7177,0.7345,490.1293
600883,博闻科技,2.0897,172.2735,1.2091,297.7421,0.1943,1852.8049
600884,杉杉股份,2.7615,130.3639,1.9681,182.9175,0.5802,620.4757
600885,宏发股份,2.7301,131.8633,1.2842,280.3302,0.6121,588.1392
600886,国投电力,4.2904,83.9083,13.2431,27.184,1.6677,215.8662
600887,伊利股份,25.3726,14.1885,4.3504,82.751,2.4673,145.9085
600888,新疆众和,5.201,69.2175,2.2831,157.6803,1.0939,329.0977
600889,南京化纤,26.2482,13.7152,2.3344,154.2152,0.8521,422.4856
600890,中房股份,2.072,173.7452,0.0063,57142.8571,0.0065,55384.6154
600891,秋林集团,4282.3169,0.0841,2.221,162.0891,0.3293,1093.2281
600892,大晟文化,8.6927,41.4141,3.1678,113.6435,1.9332,186.2197
600893,中航动力,38.9393,9.2452,2.5266,142.484,1.1017,326.7677
600894,广日股份,4.714,76.3683,0.0,,1.096,328.4672
600895,张江高科,1.7731,203.0342,0.1314,2739.726,0.1404,2564.1026
600896,览海投资,6.7875,53.0387,4.823,74.6423,0.5305,678.6051
600897,厦门空港,3.1556,114.0829,25.5272,14.1026,0.4288,839.5522
600898,三联商社,96.9279,3.7141,7.6637,46.9747,0.9717,370.4847
600900,长江电力,2.054,175.2678,6.2261,57.8211,0.7297,493.3534
600958,东方证券,,,,,,
600960,渤海活塞,3.9946,90.1217,1.7257,208.611,0.7151,503.4261
600961,株冶集团,33.54,10.7335,3.0456,118.2033,2.3293,154.5529
600962,国投中鲁,4.7928,75.1127,1.0208,352.6646,0.8328,432.2767
600963,岳阳林纸,3.0128,119.4902,0.657,547.9452,0.3247,1108.7157
600965,福成股份,3.8809,92.762,1.9839,181.4608,1.204,299.0033
600966,博汇纸业,3.8348,93.8771,2.4329,147.9716,1.1343,317.3764
600967,北方创业,2.6373,136.5032,2.8762,125.1651,0.9012,399.4674
600969,郴电国际,4.18,86.1244,20.3211,17.7156,0.8445,426.2877
600970,中材国际,7.2204,49.8587,3.7516,95.9591,0.7834,459.5354
600971,恒源煤电,10.8974,33.0354,17.0186,21.1533,0.7858,458.1318
600973,宝胜股份,2.3188,155.2527,4.7047,76.5192,1.2871,279.6985
600975,新五丰,14.4006,24.999,4.9629,72.5382,0.7358,489.2634
600976,健民集团,6.7231,53.5467,4.547,79.1731,1.1591,310.5858
600978,宜华生活,1.9417,185.4045,2.4636,146.1276,0.4303,836.6256
600979,广安爱众,13.4785,26.7092,12.188,29.5372,0.8177,440.2593
600980,北矿科技,1.904,189.0756,0.9014,399.3787,0.3889,925.6878
600981,汇鸿集团,7.4096,48.5856,2.6236,137.216,1.3115,274.4949
600982,宁波热电,10.3847,34.6664,13.0996,27.4818,1.9213,187.3731
600983,惠而浦,6.2238,57.8425,1.2349,291.5216,0.5493,655.3796
600984,建设机械,1.1297,318.6687,0.9034,398.4946,0.4547,791.7308
600985,雷鸣科化,4.0056,89.8742,3.433,104.8645,0.3924,917.4312
600986,科达股份,0.4439,810.9935,1.411,255.1382,0.2289,1572.7392
600987,航民股份,7.5217,47.8615,7.6673,46.9526,1.6032,224.5509
600988,赤峰黄金,0.1302,2764.977,0.0178,20224.7191,0.0122,29508.1967
600990,四创电子,0.6484,555.2128,0.7396,486.7496,0.2483,1449.859
600992,贵绳股份,3.8908,92.526,1.7435,206.4812,0.5072,709.7792
600993,马应龙,5.6014,64.2696,2.3686,151.9885,0.3615,995.8506
600995,文山电力,19.0069,18.9405,81.7054,4.4061,3.0254,118.9925
600997,开滦股份,20.4849,17.5739,8.01,44.9438,1.2025,299.3763
600999,招商证券,,,,,,
601001,大同煤业,32.7313,10.9986,3.1181,115.4549,0.5476,657.4142
601002,晋亿实业,3.131,114.9792,0.7931,453.915,0.4648,774.5267
601003,柳钢股份,109.519,3.2871,3.7225,96.7092,1.618,222.4969
601005,*ST重钢,22.3161,16.1319,2.4137,149.1486,1.3959,257.8981
601006,大秦铁路,39.2776,9.1655,24.4251,14.7389,1.4347,250.9235
601007,金陵饭店,15.4457,23.3075,5.6473,63.7473,0.5271,682.9824
601008,连云港,4.4172,81.4996,26.4607,13.6051,0.925,389.1892
601009,南京银行,,,,,,
601088,中国神华,7.8163,46.0576,3.4229,105.174,1.2623,285.1937
601099,太平洋,,,,,,
601107,四川成渝,72.2541,4.9824,8.6659,41.5421,0.8617,417.7788
601111,中国国航,7.5349,47.7777,26.3532,13.6606,2.3618,152.4261
601118,海南橡胶,31.901,11.2849,1.2261,293.6139,0.548,656.9343
601166,兴业银行,,,,,,
601168,西部矿业,13.8419,26.008,1.6357,220.0893,0.8589,419.1408
601169,北京银行,,,,,,
601186,中国铁建,,,,,,
601211,国泰君安,,,,,,
601318,中国平安,,,,,,
601328,交通银行,0.0,,,,,
601333,广深铁路,71.1427,5.0603,32.0452,11.2341,0.6055,594.55
601377,兴业证券,,,,,,
601390,中国中铁,2.4219,148.6436,1.7013,211.6029,0.6293,572.0642
601398,工商银行,,,,,,
601555,东吴证券,,,,,,
601588,北辰实业,58.7911,6.1234,0.1621,2220.8513,0.1454,2475.9285
601600,中国铝业,63.1777,5.6982,2.53,142.2925,1.2511,287.7468
601601,中国太保,,,,,,
601607,上海医药,2.9737,121.0613,4.7011,76.5778,1.3678,263.1964
601628,中国人寿,,,,,,
601666,平煤股份,91.3394,3.9413,14.5543,24.735,1.6847,213.6879
601688,华泰证券,0.0,,,,0.0,
601699,潞安环能,21.5134,16.7338,10.0426,35.8473,0.7424,484.9138
601788,光大证券,3.3855,106.3358,236.0681,1.525,10.3267,34.8611
601808,中海油服,,,,,,
601857,中国石油,31.5607,11.4066,2.7829,129.3615,2.0305,177.2962
601866,中远海发,3.9692,90.6984,23.1713,15.5365,2.0013,179.8831
601872,招商轮船,19.7905,18.1905,15.6839,22.9535,0.2588,1391.0355
601898,中煤能源,5.3642,67.1116,3.5412,101.6605,0.6764,532.2295
601899,紫金矿业,,,,,,
601918,新集能源,8.5692,42.0109,5.1,70.5882,1.4855,242.3426
601919,中远海控,2.4134,149.1672,21.6827,16.6031,0.6703,537.073
601939,建设银行,,,,,,
601988,中国银行,,,,,,
601991,大唐发电,4.4441,81.0063,12.0398,29.9008,1.5039,239.3776
601998,中信银行,,,,,,
601999,出版传媒,1.7333,207.6963,0.9422,382.0845,0.542,664.2066
