code,name,roe,net_profit_ratio,gross_profit_rate,net_profits,eps,business_income,bips
000001,平安银行,14.6,22.98,54.7826,1123.983,0.5386,4890.715,2.3436
000002,万科A,10.54,15.03,45.5116,1667.9999,0.2544,11096.5209,1.6928
000004,国农科技,-5.08,-24.33,48.2912,-3.7978,-0.0452,15.6077,0.1858
000005,世纪星源,9.38,46.14,53.9835,73.019,0.0798,158.242,0.173
000006,深振业A,6.03,38.73,40.074,78.8627,0.3109,203.599,0.8028
000007,全新好,,-29.72,79.0788,-20.124,-0.1087,67.7015,0.366
000008,神州高铁,1.43,24.41,7.9011,1.0949,0.0148,4.4843,0.0608
000009,中国宝安,6.62,13.45,27.6881,108.6913,0.1133,808.0261,0.8427
000010,美丽生态,-6.42,-12.28,46.606,-5.0611,-0.0344,41.2113,0.2803
000011,深物业A,-2.67,-10.32,18.7108,-15.4711,-0.0285,149.8514,0.2765
000012,南玻A,6.34,8.17,29.7232,149.3114,0.147,1827.3244,1.7994
000014,沙河股份,-0.95,-6.55,56.6431,-3.2542,-0.0241,49.6078,0.3689
000016,深康佳A,1.26,0.75,17.9376,42.4739,0.0705,5614.1065,9.3259
000017,深中华A,,19.36,-1.2304,18.6893,0.0389,96.5314,0.2013
000018,神州长城,-13.18,-114.89,-6.9703,-33.7573,-0.1995,29.3812,0.1737
000019,深深宝A,4.86,14.42,20.5582,14.1405,0.0777,98.0336,0.5388
000020,深华发A,-1.02,-3.35,13.0091,-2.2753,-0.008,67.8949,0.2397
000021,深科技,14.02,7.72,2.0557,464.7489,0.5284,6012.8634,6.8365
000022,深赤湾A,13.84,33.23,60.0024,305.3702,0.4736,918.9396,1.4252
000023,深天地A,5.14,4.38,12.2784,15.2297,0.1097,347.2397,2.5025
000025,特力A,-0.6,-0.18,8.6644,-0.8907,-0.004,489.8279,2.2236
000026,飞亚达A,4.56,7.7,34.2417,27.0,0.1082,350.3806,1.4053
000027,深圳能源,8.41,11.43,28.2652,417.6677,0.3473,3651.2739,3.0364
000028,国药一致,13.05,1.84,9.8743,59.8984,0.2078,3242.232,11.2519
000029,深深房A,0.86,4.88,21.111,9.7829,0.0096,200.3638,0.198
000030,富奥股份,,-1860.51,,-16.2931,-0.0564,0.8757,0.003
000031,中粮地产,15.25,170.35,51.7756,269.4048,0.3851,158.1449,0.226
000032,深桑达A,3.8,3.39,12.6505,23.5857,0.1215,694.3088,3.5779
000033,*ST新都,-1.39,-12.88,95.9951,-4.3229,-0.0131,33.5586,0.1018
000034,神州数码,,-5.58,12.0325,-9.7806,-0.0314,175.0575,0.5626
000035,中国天楹,,-246.2,40.626,-23.8154,-0.1587,9.673,0.0644
000036,华联控股,1.65,1.09,8.9973,31.6149,0.0281,2896.1955,2.5769
000037,*ST南电A,1.58,1.75,-3.5291,25.6323,0.0467,1464.6132,2.6728
000038,深大通,,869.64,37.8498,15.4247,0.1704,1.7737,0.0196
000039,中集集团,9.77,5.65,11.2811,1323.0665,0.4969,23388.1341,8.7846
000040,东旭蓝天,9.98,62.32,41.2308,98.5542,0.2098,158.1218,0.3367
000042,中洲控股,7.6,39.11,34.2144,139.3055,0.5817,356.1074,1.4871
000043,中航地产,3.41,2.37,27.1028,15.0154,0.1077,631.9587,4.5358
000045,深纺织A,1.36,2.39,20.0682,5.37,0.0219,223.8137,0.913
000046,泛海控股,7.89,15.4,33.7738,286.7964,0.3816,1861.5656,2.4771
000048,康达尔,,0.37,16.0531,1.3218,0.0033,353.2694,0.904
000049,德赛电池,1.11,0.58,13.7183,1.6112,0.0117,273.9135,2.0018
000050,深天马A,5.22,5.79,16.5896,44.4334,0.1338,766.7934,2.3101
000055,方大集团,1.93,3.63,15.7237,9.7743,0.0251,268.5423,0.6921
000056,皇庭国际,-3.89,-24.53,27.5891,-6.1039,-0.0276,24.8812,0.1126
000058,深赛格,-9.32,-20.21,-1.6649,-103.9641,-0.1324,514.328,0.6553
000059,华锦股份,8.84,11.81,27.9162,166.2342,0.2506,1407.3155,2.1219
000060,中金岭南,19.11,15.59,26.8953,637.7506,0.8721,4090.4926,5.5936
000061,农产品,2.72,6.19,41.0949,40.1309,0.1035,647.7132,1.6708
000062,深圳华强,2.8,3.41,13.1792,37.3892,0.121,1094.1075,3.5415
000063,中兴通讯,4.09,3.01,36.4599,459.84,0.4792,15231.932,15.8745
000065,北方国际,-1.46,-1.21,6.9345,-6.6879,-0.0411,551.1212,3.3928
000066,中国长城,5.18,4.69,7.7506,90.5742,0.1975,1930.6037,4.2107
000068,华控赛格,-8.65,-23.13,12.5093,-165.1738,-0.2101,713.915,0.9083
000069,华侨城A,4.29,31.69,41.0936,124.9326,0.1124,394.2131,0.3547
000070,特发信息,0.27,0.72,12.2267,1.6789,0.0067,232.1915,0.9287
000078,海王生物,4.34,2.54,17.2883,30.6429,0.0496,1205.5934,1.9523
000088,盐田港,9.74,80.5,50.1848,299.196,0.2403,371.6461,0.2985
000089,深圳机场,7.34,40.47,51.8652,242.7778,0.1686,599.7528,0.4165
000090,天健集团,0.73,2.11,8.9921,21.1265,0.0693,998.3815,3.2795
000096,广聚能源,12.0,16.99,7.2263,171.3449,0.3245,1007.97,1.909
000099,中信海直,1.24,6.77,20.2608,15.7733,0.0307,232.9477,0.4535
000100,TCL集团,1.44,0.24,15.4224,45.0938,0.0174,18429.7806,7.1258
000150,宜华健康,-1.71,-20.57,12.9095,-7.5328,-0.0232,36.6059,0.1129
000151,中成股份,7.4,23.83,22.0077,68.1554,0.2302,285.9908,0.9662
000153,丰原药业,2.33,4.45,22.1485,14.8128,0.0569,332.4574,1.2786
000155,*ST川化,0.51,1.02,24.0173,8.8681,0.0188,864.4837,1.8393
000156,华数传媒,,-14.14,11.165,-25.5804,-0.215,180.8731,1.5207
000157,中联重科,18.36,14.3,27.5748,515.7909,0.6782,3604.4683,4.7396
000158,常山股份,1.71,2.18,11.2518,26.7779,0.0622,1226.5772,2.8525
000159,国际实业,2.59,6.62,41.9152,15.2742,0.0746,230.6172,1.1274
000166,申万宏源,49.2,51.06,70.932,2975.3874,0.443,5826.1726,0.8675
000301,东方市场,3.91,5.32,12.4202,86.5395,0.071,1625.1232,1.3339
000333,美的集团,26.26,2.48,17.5687,715.5939,1.4311,28761.9062,57.5238
000338,潍柴动力,21.63,6.35,23.1131,975.2133,1.873,15340.3595,29.4636
000400,许继电气,3.38,8.02,40.9481,71.115,0.1879,886.4817,2.3435
000401,冀东水泥,6.01,10.34,26.3033,147.5366,0.1532,1426.8317,1.482
000402,金融街,10.72,20.77,48.5363,433.122,0.4016,2084.4498,1.9328
000403,ST生化,,-13.83,15.6263,-41.6409,-0.1967,301.0668,1.4222
000404,华意压缩,-2.03,-0.6,10.9862,-8.0005,-0.0246,1319.1856,4.0642
000407,胜利股份,3.16,3.82,16.3145,20.2983,0.0569,531.0138,1.4885
000408,*ST金源,1.63,1.69,8.0425,5.9583,0.0425,351.9783,2.5111
000409,山东地矿,-4.66,,,-3.6069,-0.021,,
000410,沈阳机床,5.59,2.72,17.0839,70.831,0.1298,2595.6764,4.7585
000411,英特集团,5.1,0.3,4.8805,4.628,0.0401,1529.0742,13.2674
000413,东旭光电,0.63,1.27,13.0432,1.4067,0.0036,110.7504,0.2891
000415,渤海金控,-2.86,-10.16,12.0709,-11.3348,-0.0377,111.5546,0.3714
000416,民生控股,-0.24,-0.33,33.7145,-1.6084,-0.003,486.3798,0.9144
000417,合肥百货,4.86,1.75,14.8634,35.7822,0.0969,2037.413,5.5211
000418,小天鹅A,3.97,1.69,18.6626,48.0566,0.1316,2838.2391,7.7737
000419,通程控股,2.48,2.32,21.8983,17.0711,0.0972,734.2626,4.1836
000420,吉林化纤,6.34,7.05,17.2091,78.0184,0.2062,1105.7606,2.9233
000421,南京公用,18.36,9.57,20.284,97.1163,0.2761,1014.2545,2.8839
000422,湖北宜化,10.96,7.79,20.7021,173.0958,0.3191,2221.2572,4.0954
000423,东阿阿胶,6.96,14.06,55.4067,82.1466,0.1568,584.0041,1.115
000425,徐工机械,1.72,1.12,7.7607,20.2132,0.037,1789.3844,3.2827
000426,兴业矿业,0.32,1.55,24.466,4.2595,0.0111,273.6552,0.7188
000428,华天酒店,16.84,40.78,61.3604,112.0276,0.324,274.6972,0.7946
000429,粤高速A,8.97,50.06,71.4524,278.9867,0.2219,557.2647,0.4432
000430,张家界,,-1.43,55.667,-0.9793,-0.0053,68.0364,0.3705
000488,晨鸣纸业,4.78,5.72,18.9394,388.9289,0.2279,6797.8967,3.9838
000498,山东路桥,,-571.42,-326.4647,-62.7605,-0.1609,10.9832,0.0281
000501,鄂武商A,5.33,2.02,19.2076,52.3437,0.1031,2584.46,5.095
000502,绿景控股,1.26,1.76,41.4074,2.7688,0.0149,157.1672,0.8503
000503,海虹控股,0.74,9.2,83.9336,10.2748,0.0137,111.5689,0.1489
000504,*ST生物,0.45,1.76,21.3192,2.0387,0.0065,115.5166,0.3707
000505,*ST珠江,-1.85,-5.21,33.6948,-4.1373,-0.0096,79.3473,0.1859
000506,中润资源,,,,-4.844,-0.0194,,
000507,珠海港,10.39,46.15,14.3992,113.0098,0.3275,244.8712,0.7097
000509,华塑控股,-31.6,-15.81,11.1672,-35.1154,-0.1404,221.9953,0.8879
000510,金路集团,4.16,4.74,17.4247,48.2762,0.0792,1017.801,1.6707
000511,*ST烯碳,7.25,16.36,37.5024,90.2716,0.1485,551.6905,0.9076
000513,丽珠集团,14.08,28.5,43.282,232.3758,0.7593,815.0703,2.6633
000514,渝开发,2.79,37.99,67.5031,49.9132,0.1023,131.3826,0.2694
000516,国际医学,6.54,3.26,14.7934,32.0287,0.2161,981.9508,6.6278
000517,荣安地产,,-122.94,-8.4369,-10.3682,-0.0444,8.4329,0.0361
000518,四环生物,-2.45,-22.88,24.7549,-24.6691,-0.0239,107.7858,0.1046
000519,中兵红箭,1.0,3.37,14.1378,3.7981,0.0198,112.5039,0.5885
000520,长航凤凰,3.77,4.06,16.1341,45.417,0.0673,1116.6011,1.6549
000521,美菱电器,1.2,0.55,15.4703,10.8752,0.0262,1943.6886,4.6989
000523,广州浪奇,1.16,1.23,14.6072,5.1606,0.0299,418.1132,2.4226
000524,岭南控股,2.76,9.61,90.6398,15.3585,0.0569,159.8127,0.5926
000525,红太阳,4.23,1.99,8.4186,26.9065,0.096,1348.5978,4.8123
000526,*ST紫学,-2.18,-171.78,100.0,-3.2832,-0.0341,1.9113,0.0198
000528,柳工,15.56,8.37,19.1501,324.8696,0.6876,3879.0658,8.2104
000529,广弘控股,,-56.31,17.5843,-35.6863,-0.0899,63.3712,0.1598
000530,大冷股份,3.4,6.2,18.1432,50.6196,0.1446,816.2639,2.332
000531,穗恒运A,-6.6,-4.92,31.4939,-45.4837,-0.1706,924.1576,3.4674
000532,力合股份,7.14,29.08,28.4448,34.9376,0.1013,120.1206,0.3484
000533,万家乐,9.85,3.59,25.7222,50.2404,0.0872,1398.2706,2.4289
000534,万泽股份,-12.11,-20.0,25.2802,-79.1837,-0.3103,395.8119,1.5515
000536,华映科技,0.0,,,0.0,0.0,0.0,0.0
000537,广宇发展,-2.85,-26.83,20.2937,-14.6982,-0.0286,54.7657,0.1068
000538,云南白药,12.89,8.82,28.2636,149.2029,0.3082,1689.7632,3.4908
000539,粤电力A,4.77,8.48,24.8313,414.6803,0.1559,4889.0268,1.8383
000540,中天金融,9.66,16.25,42.0358,35.7213,0.1093,219.7032,0.6722
000541,佛山照明,11.68,42.39,21.6942,294.6873,0.6323,695.0852,1.4916
000543,皖能电力,3.84,8.77,13.1335,97.3471,0.1259,1109.0103,1.4346
000544,中原环保,8.54,24.93,43.8642,31.1745,0.1156,125.0446,0.464
000545,金浦钛业,31.62,28.48,46.6008,16.3646,0.1034,57.4535,0.363
000546,金圆股份,-5.4,-306.56,58.9851,-5.3432,-0.0315,1.7429,0.0102
000547,航天发展,3.92,10.51,38.4952,18.4832,0.0754,175.859,0.7182
000548,湖南投资,15.14,51.79,90.6197,185.114,0.3708,357.3725,0.7158
000550,江铃汽车,12.66,9.93,24.9452,401.5753,0.4652,4043.1878,4.6838
000551,创元科技,3.96,3.59,24.5848,29.1281,0.1205,809.9463,3.3506
000552,靖远煤电,8.36,14.93,31.6322,20.8326,0.1171,139.5298,0.7844
000553,沙隆达A,1.66,1.69,15.672,15.3048,0.0515,903.0092,3.0408
000554,泰山石油,6.8,4.86,10.3303,64.7261,0.1346,1330.8821,2.768
000555,神州信息,,,,-3.8858,-0.0428,,
000557,西部创业,,-37.39,22.7406,-4.9513,-0.0081,13.2396,0.0218
000558,莱茵体育,-1.7,-4.27,27.0378,-2.8271,-0.0241,66.0763,0.5639
000559,万向钱潮,7.44,5.86,21.1004,126.0182,0.1228,2149.4481,2.0958
000560,昆百大A,51.04,2.67,22.5862,12.147,0.0903,453.3492,3.3731
000561,烽火电子,,-14.07,4.2986,-27.6485,-0.0696,196.3849,0.4946
000563,陕国投A,6.54,,,29.6828,0.0828,,
000564,供销大集,2.54,3.3,19.8777,15.1906,0.0561,459.8739,1.701
000565,渝三峡A,3.52,7.68,20.1383,13.5383,0.078,176.2059,1.0159
000566,海南海药,5.57,11.74,47.0693,14.4235,0.0712,122.8579,0.6071
000567,海德股份,7.72,12.37,43.6843,8.7603,0.0579,70.7846,0.4681
000568,泸州老窖,11.64,19.64,58.129,254.1614,0.2916,1294.012,1.4849
000570,苏常柴A,11.88,16.1,13.4694,173.7935,0.4643,1078.8452,2.8826
000571,新大洲A,1.24,3.71,34.1283,12.2734,0.0166,330.3548,0.4488
000572,海马汽车,13.33,6.07,14.5882,277.492,0.542,4564.235,8.9163
000573,粤宏远A,0.72,4.98,36.6287,10.4388,0.0167,209.4274,0.3362
000576,广东甘化,-1.41,-2.29,9.5956,-7.5413,-0.0233,327.9892,1.0158
000581,威孚高科,4.11,5.83,24.748,94.72,0.1669,1624.4206,2.8635
000582,北部湾港,-5.09,-17.22,23.5719,-11.0872,-0.078,64.3621,0.4528
000584,友利控股,22.42,20.58,38.1444,117.7151,0.3403,571.8187,1.6532
000585,东北电气,0.09,0.3,19.7426,0.7515,0.0008,248.192,0.2841
000586,汇源通信,-8.37,-7.44,13.1605,-21.3683,-0.1104,287.1173,1.4842
000587,金洲慈航,,-27.27,13.0913,-22.4859,-0.121,82.4264,0.4438
000589,黔轮胎A,4.33,2.61,13.9239,50.1621,0.1972,1917.9777,7.5413
000590,启迪古汉,2.59,10.59,48.1581,7.6667,0.0377,72.3856,0.3565
000591,太阳能,2.77,0.63,8.4831,9.5966,0.0733,1512.6348,11.5665
000592,平潭发展,,415032.5,7.8103,393.2848,1.3358,0.0948,0.0003
000593,大通燃气,2.88,4.27,30.8301,5.7851,0.0259,135.2825,0.6057
000595,*ST宝实,4.63,7.31,21.1121,19.3619,0.0892,264.5129,1.2199
000596,古井贡酒,1.2,1.73,35.362,9.8736,0.042,569.3719,2.4228
000597,东北制药,1.76,0.84,14.3069,16.9494,0.0557,2014.3273,6.6302
000598,兴蓉环境,4.18,4.51,14.5186,30.7869,0.1017,682.6265,2.2568
000599,青岛双星,2.04,1.05,9.6432,21.5212,0.0472,2048.9339,4.5028
000600,建投能源,7.21,8.69,30.4765,195.6705,0.2355,2249.9571,2.7088
000601,韶能股份,2.3,6.88,28.1104,68.3515,0.0812,992.5033,1.1795
000603,盛达矿业,2.75,22.23,64.5813,2.4144,0.0172,10.8586,0.0773
000605,渤海股份,-28.16,-91.28,29.5517,-10.9071,-0.1169,11.9485,0.1281
000606,神州易桥,1.54,6.3,34.5656,6.8114,0.0304,107.9937,0.482
000607,华媒控股,-11.2,-6.17,11.3505,-77.4189,-0.1587,1253.0272,2.569
000608,阳光股份,3.52,13.48,45.3913,57.898,0.1405,429.472,1.0423
000609,绵石投资,8.72,26.76,38.6697,49.6913,0.3333,185.6426,1.2455
000610,西安旅游,2.34,7.1,36.5046,9.0302,0.0538,127.0421,0.758
000611,*ST天首,3.93,11.62,44.7067,14.5521,0.0671,125.2304,0.5782
000612,焦作万方,28.15,15.87,26.1453,373.5485,0.7779,2352.8106,4.8998
000613,*ST东海A,,-18.38,88.6646,-2.479,-0.0068,13.4814,0.037
000615,京汉股份,1.15,2.22,15.9246,6.9936,0.033,314.371,1.4851
000616,海航投资,11.43,13.41,48.0165,105.9621,0.3096,789.7474,2.3081
000617,中油资本,9.41,12.03,22.2016,60.2901,0.2516,500.8246,2.0901
000619,海螺型材,4.75,3.47,11.9035,74.0811,0.2057,2131.7837,5.9216
000620,新华联,12.45,,,0.2623,0.0008,0.0,0.0
000622,*ST恒立,,-32.4,11.9794,-18.8238,-0.1328,58.0942,0.4098
000623,吉林敖东,33.24,253.52,66.5681,977.7748,1.7053,385.6786,0.6726
000625,长安汽车,5.73,5.59,15.174,433.1661,0.2672,7743.1153,4.7771
000626,远大控股,7.3,0.26,3.3874,15.5915,0.0769,5962.1149,29.4425
000627,天茂集团,3.66,7.42,17.2012,27.1566,0.0456,365.5968,0.6146
000628,高新发展,-4.89,-6.95,29.6622,-18.5816,-0.0846,267.1594,1.2172
000629,*ST钒钛,5.26,4.68,16.653,469.9639,0.1536,10026.1721,3.2786
000630,铜陵有色,7.93,3.19,7.3218,315.547,0.365,9872.2806,11.4214
000631,顺发恒业,,,,-325.8394,-1.3555,,
000632,三木集团,8.13,2.89,9.3196,42.8982,0.0921,1482.7338,3.1851
000633,*ST合金,-294.28,-29.59,6.6542,-20.7574,-0.0539,70.1402,0.1821
000635,英力特,16.34,6.69,25.5877,50.7384,0.369,758.3201,5.516
000636,风华高科,3.92,9.86,15.6441,84.0011,0.1251,851.7814,1.2694
000637,茂化实华,11.3,4.92,4.6205,80.4995,0.178,1636.0208,3.6189
000638,万方发展,,0.67,11.9281,0.7445,0.0048,109.8134,0.7098
000639,西王食品,1.13,2.37,20.7994,1.4246,0.0195,59.8552,0.8214
000650,仁和药业,10.53,6.83,39.3262,22.9038,0.104,335.0382,1.5221
000651,格力电器,13.02,2.42,18.2751,485.5095,0.6028,20051.5657,24.896
000652,泰达股份,4.95,13.05,13.5888,85.9492,0.0815,658.3161,0.6245
000655,金岭矿业,12.45,24.53,52.6577,84.063,0.2616,342.6119,1.0664
000656,金科股份,4.11,273.26,27.7431,16.7429,0.0669,6.127,0.0245
000657,中钨高新,-4.42,-2.99,3.0495,-22.7408,-0.1021,758.2253,3.4066
000659,珠海中富,3.38,5.15,24.5462,65.103,0.0945,1261.8114,1.8332
000661,长春高新,0.55,0.59,63.0329,1.7903,0.0136,299.575,2.2811
000662,天夏智慧,4.45,13.36,39.3079,38.1115,0.1588,285.2364,1.1885
000663,永安林业,1.0,2.25,24.2751,4.6703,0.023,206.9601,1.0207
000665,湖北广电,3.33,1.11,17.523,3.7473,0.0211,337.3973,1.9009
000666,经纬纺机,3.36,3.31,14.8069,97.3729,0.1612,2935.4939,4.8616
000667,美好置业,10.05,23.31,38.7108,127.8355,0.167,548.2626,0.7164
000668,荣丰控股,4.07,1.16,6.5716,18.4631,0.1257,1578.5161,10.7497
000669,金鸿能源,2.93,9.57,37.3855,3.0778,0.0499,32.1485,0.5212
000670,盈方微,-17.47,-13.68,4.7894,-53.8906,-0.1979,393.6619,1.4461
000671,阳光城,-3.46,-8.24,7.0671,-7.9999,-0.084,97.0837,1.02
000672,上峰水泥,,-142.53,2.7423,-6.7852,-0.0314,4.7605,0.022
000673,当代东方,-11.82,-20.96,10.3379,-12.7263,-0.0611,60.714,0.2917
000676,智度股份,1.8,2.34,18.7549,8.3269,0.0264,354.3625,1.1264
000677,恒天海龙,9.86,6.66,21.7554,94.0391,0.2286,1410.0516,3.4278
000678,襄阳轴承,3.75,8.68,22.2343,17.7163,0.0588,203.8724,0.6771
000679,大连友谊,2.07,1.47,26.2796,12.2456,0.0515,831.5853,3.4999
000680,山推股份,13.97,11.13,17.4022,249.0803,0.3596,2236.286,3.2291
000681,视觉中国,-4.78,-134.77,-5.5707,-13.2455,-0.0666,9.8281,0.0494
000682,东方电子,0.67,2.58,26.7861,8.773,0.0089,338.7801,0.3463
000683,远兴能源,9.46,9.78,33.4627,49.7422,0.106,508.5016,1.0842
000685,中山公用,4.02,35.91,62.7544,14.5542,0.0645,40.5183,0.1797
000686,东北证券,-1.52,-6.16,13.9473,-7.3093,,118.6216,
000687,华讯方舟,3.38,7.48,18.6918,30.0209,0.0935,401.0029,1.25
000688,建新矿业,,-322.81,27.7269,-26.7498,-0.0768,8.2864,0.0237
000690,宝新能源,8.99,28.65,43.7429,209.0237,0.2821,729.5454,0.9849
000691,ST亚太,9.09,41.03,-0.6796,37.2505,0.1152,90.775,0.2808
000692,惠天热电,-0.33,-0.77,4.725,-3.4539,-0.0129,443.5669,1.6649
000693,ST华泽,,-130.2,-29.5942,-57.0094,-0.2958,43.7842,0.2272
000695,滨海能源,-1.74,-3.18,9.2996,-5.9242,-0.0266,186.2301,0.8383
000697,炼石有色,-3.95,-4.23,3.5844,-19.0892,-0.1022,451.2046,2.4178
000698,沈阳化工,5.29,3.02,13.9931,82.5073,0.1953,2726.5689,6.4548
000700,模塑科技,2.79,4.84,20.8579,25.9197,0.0838,534.7392,1.7303
000701,厦门信达,4.06,0.68,5.1091,23.0723,0.096,3376.3019,14.0532
000702,正虹科技,0.36,0.31,11.5087,1.8295,0.0068,576.1298,2.1607
000703,恒逸石化,-6.78,-10.59,12.2851,-12.5901,-0.0874,118.8216,0.8256
000705,浙江震元,0.41,0.4,12.6517,1.912,0.0152,477.5184,3.8101
000707,双环科技,2.34,6.27,23.2567,37.4321,0.0806,596.5162,1.2851
000708,大冶特钢,11.45,6.09,9.4728,171.0693,0.3806,2808.5625,6.2494
000709,河钢股份,11.97,5.92,13.1021,1155.654,0.5099,19513.616,8.6103
000710,*ST天仪,1.22,1.36,12.5522,1.3275,0.0087,97.1592,0.6425
000711,京蓝科技,4.9,9.35,19.3797,16.3034,0.1519,174.1981,1.6239
000712,锦龙股份,8.78,33.42,19.8974,39.8295,0.2614,119.1546,0.7823
000713,丰乐种业,5.09,5.2,23.6862,25.0039,0.1111,480.4971,2.1355
000715,中兴商业,5.55,3.61,19.3039,44.6109,0.1598,1232.9728,4.4191
000716,黑芝麻,-0.94,-2.12,40.5524,-2.2772,-0.0127,107.0136,0.6003
000717,韶钢松山,8.03,6.94,12.3297,460.7408,0.3435,6637.389,4.9491
000718,苏宁环球,9.65,11.65,28.4703,60.7968,0.1238,521.4963,1.0621
000719,大地传媒,,-5490.3,-36.7428,-24.4675,-0.1891,0.4456,0.0034
000720,新能泰山,-0.67,-0.88,16.7505,-8.6976,-0.01,979.9668,1.1349
000721,西安饮食,2.56,3.82,60.2088,9.01,0.0451,235.6271,1.1809
000722,湖南发展,-7.1,-22.01,18.6161,-47.732,-0.178,216.8124,0.8086
000723,美锦能源,7.49,7.37,25.1826,24.6417,0.1765,333.9347,2.392
000725,京东方A,2.08,1.59,2.7566,74.6704,0.026,4689.1923,1.6329
000726,鲁泰A,10.58,12.25,25.0074,212.9018,0.2519,1736.6843,2.0555
000727,华东科技,1.1,3.41,26.627,10.9502,0.0304,321.0974,0.894
000728,国元证券,-46.37,-41.32,-26.9143,-170.6612,-0.4943,412.9561,1.1962
000729,燕京啤酒,3.65,5.11,37.9873,193.4483,0.1758,3783.8809,3.4391
000731,四川美丰,10.24,13.8,21.8614,126.9742,0.4064,919.6179,2.9437
000732,泰禾集团,,-0.05,18.4028,-0.1312,-0.0006,238.9573,1.204
000733,振华科技,0.8,1.61,18.3804,15.0988,0.0421,933.4155,2.6064
000735,罗牛山,6.22,19.01,17.1238,73.8542,0.0839,388.4147,0.4413
000736,中房地产,,-122.4,63.0018,-0.9933,-0.015,0.8115,0.0122
000737,南风化工,2.13,2.0,19.8886,31.6335,0.0576,1575.7644,2.8715
000738,中航动控,0.98,3.4,6.74,4.4944,0.0112,132.1303,0.3321
000739,普洛药业,1.89,2.64,18.9309,13.3516,0.078,505.475,2.9532
000750,国海证券,-9.65,-27.08,13.9463,-27.0996,-0.126,100.0617,0.4652
000751,锌业股份,3.67,2.38,8.385,116.5854,0.105,4889.0725,4.404
000752,西藏发展,1.98,8.67,37.8597,9.8872,0.0374,113.9232,0.4319
000753,漳州发展,1.47,2.51,13.8109,6.6133,0.0209,263.2061,0.8321
000755,*ST三维,8.76,12.76,28.6997,179.3328,0.4585,1405.4042,3.5938
000756,新华制药,1.31,1.94,16.6472,18.846,0.0412,968.877,2.1186
000757,浩物股份,,-6.22,17.4254,-16.1686,-0.0529,259.7318,0.8508
000758,中色股份,11.67,9.59,30.9805,170.6337,0.2937,1777.6832,3.0607
000759,中百集团,5.78,1.45,16.8609,53.1976,0.1586,3659.3834,10.9148
000760,斯太尔,1.76,2.19,12.9924,4.9333,0.0352,224.9377,1.6049
000761,本钢板材,5.59,5.63,13.5249,904.7777,0.2885,16064.6163,5.1226
000762,西藏矿业,3.41,12.95,40.9499,18.752,0.0748,144.7617,0.5775
000766,通化金马,1.98,14.95,52.9856,11.1216,0.0247,74.3649,0.1656
000767,漳泽电力,8.65,14.96,14.5109,282.1031,0.2131,1885.6434,1.4244
000768,中航飞机,2.74,5.47,12.8886,56.0961,0.0895,1025.1235,1.6365
000776,广发证券,3.67,29.91,57.2812,9.4285,0.0512,31.5136,0.1711
000777,中核科技,36.71,82.98,21.5997,179.5556,1.0687,216.3737,1.2879
000778,新兴铸管,7.0,5.09,17.1784,316.8999,0.2698,6219.2302,5.2951
000779,三毛派神,1.79,3.71,15.9263,4.4387,0.0238,119.5598,0.6412
000780,平庄能源,19.92,36.23,36.3768,143.4597,0.2335,395.9285,0.6445
000782,美达股份,1.72,1.37,7.2542,16.3779,0.0404,1190.9186,2.944
000783,长江证券,,0.23,7.8025,13.5785,0.0117,5715.6088,4.9509
000785,武汉中商,3.27,1.18,17.8848,16.3743,0.0651,1380.6304,5.4956
000786,北新建材,4.78,5.74,17.6514,77.0972,0.134,1342.8569,2.3347
000788,北大医药,3.02,2.91,16.7704,8.3746,0.0385,287.2291,1.3218
000789,万年青,1.87,2.16,18.2135,11.4874,0.0337,531.3057,1.5603
000790,泰合健康,-1.18,-4.1,26.1067,-4.5577,-0.0296,110.9389,0.7223
000791,甘肃电投,0.45,1.28,14.387,1.1671,0.0061,91.048,0.4817
000792,盐湖股份,25.97,32.49,72.3928,494.5513,0.6443,1522.1333,1.9831
000793,华闻传媒,2.92,17.41,29.8912,60.5325,0.0445,347.5441,0.2555
000795,英洛华,1.74,2.8,13.4678,7.0997,0.0256,253.064,0.9142
000796,凯撒旅游,-0.28,-0.26,21.891,-0.9548,-0.0038,355.6069,1.4423
000797,中国武夷,1.72,2.5,25.732,16.0987,0.0413,641.4309,1.647
000798,中水渔业,0.19,1.15,13.7106,1.2781,0.004,110.5285,0.3459
000799,酒鬼酒,0.48,3.08,61.8549,2.5026,0.0082,80.9928,0.2672
000800,一汽轿车,3.03,2.79,21.5227,165.2835,0.1015,5921.8335,3.6386
000801,四川九洲,1.12,0.3,3.4983,1.4017,0.0106,453.9151,3.4378
000802,北京文化,-1.76,-7.1,53.0972,-5.1406,-0.0373,72.3471,0.5261
000803,*ST金宇,-4.66,-14.33,15.141,-4.4693,-0.0349,31.1846,0.2441
000806,银河生物,0.73,1.04,21.901,8.1775,0.0128,779.5792,1.2264
000807,云铝股份,13.5,7.57,15.4,261.8253,0.2997,3455.6141,3.9556
000809,铁岭新城,1.17,3.62,73.5309,1.4847,0.0129,40.9571,0.3574
000810,创维数字,6.89,5.08,13.223,24.1194,0.186,474.3918,3.6585
000811,烟台冰轮,6.27,6.2,19.8994,32.2204,0.1837,519.42,2.9617
000812,陕西金叶,9.09,27.83,25.9052,44.7497,0.132,160.7813,0.4743
000813,德展健康,1.63,4.19,19.2723,7.283,0.02,173.67,0.4778
000815,美利云,2.94,4.86,12.636,24.9052,0.1572,512.3921,3.2347
000816,智慧农业,4.69,5.85,10.2881,58.0545,0.1029,991.6602,1.7582
000818,方大化工,0.79,0.84,8.7156,9.4366,0.0277,1116.3163,3.2832
000819,岳阳兴长,4.88,2.09,10.4457,17.6704,0.0912,842.3897,4.3486
000820,神雾节能,27.25,35.7,27.4177,128.0096,0.4447,358.5675,1.2457
000821,京山轻机,2.48,9.47,18.3406,28.022,0.0811,295.8207,0.8568
000822,山东海化,4.87,3.89,13.5874,170.6068,0.2008,4382.9484,5.1588
000823,超声电子,5.15,4.89,17.0953,50.0511,0.129,1021.5703,2.6333
000825,太钢不锈,17.66,6.82,13.6376,2740.5294,0.7923,40126.7295,11.6022
000826,启迪桑德,8.81,28.89,54.944,33.3808,0.1672,115.5198,0.5786
000828,东莞控股,4.2,43.64,66.256,106.898,0.1028,244.9401,0.2356
000829,天音控股,15.44,1.16,9.3549,86.8775,0.1723,7473.8199,14.829
000830,鲁西化工,3.16,3.21,11.8621,64.4324,0.0615,2002.0354,1.9135
000831,*ST五稀,11.44,9.61,7.889,142.3721,0.3922,1480.0004,4.0771
000833,贵糖股份,4.31,4.05,18.0495,27.9724,0.0944,690.4451,2.332
000835,长城动漫,17.42,10.62,23.5241,41.6183,0.2569,391.6945,2.4178
000836,鑫茂科技,4.1,4.75,30.3349,10.7557,0.0876,226.3575,1.8439
000837,秦川机床,5.82,11.13,27.9774,41.8222,0.1798,375.552,1.6154
000838,财信发展,1.47,1.93,16.1603,1.4268,0.0219,73.6971,1.1317
000839,中信国安,2.16,10.76,40.7012,95.2997,0.1221,885.6637,1.1354
000848,承德露露,8.55,5.17,25.1742,42.6948,0.2246,825.4598,4.3425
000850,华茂股份,2.48,5.43,12.5926,37.2311,0.0591,684.7868,1.0885
000851,高鸿股份,1.18,3.76,14.2066,5.5541,0.0213,147.6077,0.5679
000852,石化机械,4.9,8.1,35.0014,42.5237,0.138,524.5792,1.7031
000856,冀东装备,-3.74,-6.76,24.9117,-13.8039,-0.0608,203.9599,0.8985
000858,五粮液,12.35,26.35,60.2552,1144.3564,0.3014,4342.8805,1.144
000859,国风塑业,0.73,1.38,10.3128,7.6509,0.0181,553.7401,1.3169
000860,顺鑫农业,3.81,2.64,17.0652,58.821,0.1478,2220.1149,5.5818
000861,海印股份,5.61,7.9,32.643,14.4626,0.1299,182.9777,1.6446
000862,银星能源,4.78,6.62,39.961,8.304,0.0352,125.3407,0.5313
000863,三湘印象,,-19.33,7.6113,-29.3156,-0.1678,151.6442,0.8684
000868,安凯客车,1.56,2.03,11.881,9.4001,0.0316,462.3633,1.5565
000869,张裕A,14.54,18.97,67.5897,273.1387,0.518,1439.1966,2.7294
000875,吉电股份,2.01,6.91,18.2561,48.7504,0.0625,705.0257,0.9049
000876,新希望,7.42,8.16,10.078,165.3257,0.2621,2024.6601,3.2107
000877,天山股份,3.37,2.09,24.8396,19.4758,0.0936,931.7909,4.4792
000878,云南铜业,10.64,4.36,10.0127,773.5266,0.6155,17714.2492,14.0959
000880,潍柴重机,10.85,7.8,13.9704,35.7293,0.1294,457.8587,1.6583
000881,中广核技,9.44,9.66,15.2098,80.8307,0.2616,836.0411,2.7063
000882,华联股份,2.73,2.48,29.1078,16.1846,0.0649,652.5772,2.6186
000883,湖北能源,1.62,0.89,13.6017,14.7805,0.0517,1648.0547,5.7747
000885,同力水泥,10.48,7.14,26.9957,17.6639,0.1103,247.2578,1.5453
000886,海南高速,0.25,5.23,46.3936,5.6737,0.0057,108.3452,0.1095
000887,中鼎股份,10.29,13.58,29.6223,41.2623,0.1311,303.7874,0.9655
000888,峨眉山A,2.08,6.55,38.3827,12.1582,0.0516,185.353,0.7881
000889,茂业通信,0.2,0.43,25.2468,1.4178,0.0041,327.0698,0.9656
000890,法尔胜,1.96,1.74,14.4843,19.7608,0.052,1133.1836,2.9848
000892,欢瑞世纪,,-2444.55,100.0,-35.1059,-0.0848,1.4361,0.0034
000893,东凌国际,4.46,2.92,11.7059,21.3994,0.0963,732.385,3.299
000895,双汇发展,12.94,2.64,10.1138,240.2414,0.3964,9074.16,14.9739
000897,津滨发展,1.63,5.48,24.1142,35.1004,0.0303,639.8255,0.5538
000898,鞍钢股份,15.25,14.54,30.264,4804.0,0.8097,33036.0,5.5681
000899,赣能股份,0.8,3.4,8.3917,12.367,0.0225,363.44,0.6631
000900,现代投资,7.98,34.07,81.1033,234.2279,0.5867,687.4877,1.7223
000901,航天科技,-5.29,-26.6,23.8746,-18.5734,-0.0837,69.8047,0.3147
000902,新洋丰,-1.67,-0.64,4.8596,-5.5589,-0.0258,859.1742,3.9961
000903,云内动力,11.75,12.65,20.4513,130.8582,0.4366,1034.264,3.4509
000905,厦门港务,5.02,9.2,20.0041,67.4673,0.127,732.9923,1.3803
000906,浙商中拓,-6.03,-2.23,6.2928,-19.9735,-0.084,892.5141,3.7579
000908,景峰医药,0.05,0.17,26.4486,0.1679,0.0005,94.2039,0.3364
000909,数源科技,0.14,0.22,13.859,0.7804,0.0039,349.0516,1.7808
000910,大亚圣象,4.93,3.57,23.6774,84.0389,0.1593,2350.3758,4.4556
000911,南宁糖业,3.34,2.6,17.5494,31.6737,0.1205,1214.7195,4.625
000912,泸天化,12.37,8.82,20.7117,265.0122,0.453,3003.7061,5.1345
000913,*ST钱江,4.08,2.26,18.187,49.5404,0.1092,2187.2999,4.8227
000915,山大华特,2.6,3.59,55.2172,7.7714,0.0431,215.882,1.1976
000916,华北高速,4.58,42.16,66.4863,151.433,0.1389,359.1148,0.3294
000917,电广传媒,1.73,2.6,28.5801,32.8658,0.097,1260.2872,3.7215
000918,嘉凯城,0.58,0.08,45.1839,0.5622,0.002,701.8062,2.5801
000919,金陵药业,9.09,20.49,28.9987,155.2191,0.3079,757.3253,1.5026
000920,南方汇通,1.08,0.95,14.0372,6.7695,0.016,712.3776,1.688
000921,海信科龙,,2.41,12.2415,117.375,0.1183,4854.8053,4.8939
000922,*ST佳电,-11.52,-24.95,22.8564,-20.4182,-0.0684,81.8273,0.2741
000923,河北宣工,1.27,1.81,17.3597,4.8836,0.0295,269.4138,1.6328
000925,众合科技,,13.38,37.9702,9.0976,0.101,67.9603,0.7551
000926,福星股份,5.21,6.61,22.9802,98.1703,0.1869,1484.2376,2.8258
000927,一汽夏利,3.58,2.89,8.4532,116.1112,0.0727,4015.4036,2.5172
000928,中钢国际,0.15,0.17,14.5976,1.3793,0.0048,800.627,2.83
000929,兰州黄河,4.92,4.04,35.9188,19.1069,0.1028,472.068,2.5411
000930,中粮生化,-20.29,-16.21,-11.3637,-304.5577,-0.3157,1878.1498,1.9474
000931,中关村,-9.8,-6.02,23.7268,-49.3512,-0.0731,819.1707,1.2138
000932,华菱钢铁,6.17,3.22,12.7094,650.0566,0.2931,20138.9252,9.0812
000933,*ST神火,19.21,17.2,36.5912,335.6509,0.6713,1950.3363,3.9006
000935,四川双马,-18.73,-20.64,4.3859,-60.8493,-0.1905,294.6872,0.9225
000936,华西股份,3.3,2.51,7.1324,37.0148,0.0841,1471.1335,3.3434
000937,冀中能源,8.74,11.68,37.5886,293.7814,0.3728,2514.7794,3.1917
000938,紫光股份,1.42,0.51,5.9881,9.2256,0.0447,1784.0147,8.6569
000939,凯迪生态,24.09,30.12,14.5891,268.8831,0.9562,892.5649,3.1742
000948,南天信息,1.27,1.0,17.5852,6.239,0.0388,618.925,3.855
000949,新乡化纤,10.62,12.28,24.6451,161.4403,0.329,1313.6521,2.6777
000950,*ST建峰,18.34,11.54,36.9985,56.9562,0.3674,493.406,3.1832
000951,中国重汽,20.52,3.98,13.6399,339.8923,1.0534,8528.4678,26.4337
000952,广济药业,5.47,10.69,39.1352,28.2396,0.1121,264.007,1.0488
000953,*ST河化,1.81,1.73,10.0193,7.0129,0.0238,404.3254,1.3749
000955,欣龙控股,-1.29,-4.68,9.8036,-5.6663,-0.0193,120.8936,0.4123
000957,中通客车,1.51,1.44,12.9047,7.2435,0.0303,501.2659,2.1017
000958,东方能源,-1.39,-3.08,15.1901,-15.2525,-0.0509,494.2916,1.6504
000959,首钢股份,5.02,3.01,5.8088,387.1316,0.1304,12859.8412,4.3349
000960,锡业股份,13.12,7.23,17.5811,259.8613,0.484,3593.4931,6.6935
000961,中南建设,0.87,0.66,8.2124,10.0657,0.0334,1507.0144,5.0145
000962,东方钽业,2.2,5.64,21.1279,25.4315,0.0713,450.9116,1.2651
000963,华东医药,17.88,3.74,20.8067,86.7906,0.1999,2315.4654,5.3344
000965,天保基建,2.98,12.09,4.8016,15.197,0.0636,125.6617,0.5264
000966,长源电力,3.37,1.41,12.5097,30.3973,0.0821,2144.3195,5.7932
000967,盈峰环境,5.26,3.11,9.5882,19.9562,0.1458,639.6377,4.6761
000968,*ST煤气,6.02,6.5,28.4494,99.1859,0.2509,1524.4673,3.8575
000969,安泰科技,3.02,4.57,15.2187,53.4121,0.1331,1166.6811,2.9083
000970,中科三环,5.65,6.06,23.6825,55.4589,0.1092,913.7675,1.8001
000971,高升控股,-11.3,-22.96,5.7335,-28.2859,-0.1163,123.1891,0.5067
000972,中基健康,1.49,1.96,24.6338,16.51,0.0512,838.6695,2.6016
000973,佛塑科技,0.13,0.07,5.9302,1.8008,0.0029,2565.6817,4.1884
000975,银泰资源,1.1,27.93,20.631,10.6634,0.02,38.1656,0.0716
000976,春晖股份,-0.21,-0.2,3.5686,-2.1867,-0.0037,1087.5484,1.8538
000977,浪潮信息,0.35,0.86,14.3777,3.4323,0.0159,395.1705,1.838
000978,桂林旅游,4.7,13.48,40.5721,20.6123,0.1164,152.892,0.8637
000979,中弘股份,-1843.64,-76.47,4.7596,-119.3555,-0.9625,156.0663,1.2585
000980,金马股份,3.94,7.28,21.5897,17.298,0.0768,237.5556,1.0558
000981,银亿股份,-4.25,-52.39,6.1729,-16.5908,-0.103,31.6652,0.1966
000982,中银绒业,-15.85,-22.15,15.3212,-15.1348,-0.1022,68.3203,0.4616
000983,西山煤电,11.18,15.98,40.8985,590.3769,0.4871,3693.8975,3.0477
000985,大庆华科,2.03,2.08,7.6656,8.6315,0.0665,414.5375,3.1976
000987,越秀金控,10.3,8.43,24.8763,90.6944,0.3789,1075.1377,4.4927
000988,华工科技,2.74,4.43,21.4874,21.1115,0.0706,476.3714,1.5932
000989,九芝堂,4.33,9.51,49.2835,46.6924,0.1783,490.7441,1.8741
000990,诚志股份,1.76,1.65,9.119,15.3665,0.0635,930.3862,3.8447
000993,闽东电力,0.27,3.09,42.0963,3.4768,0.0093,112.1769,0.3007
000995,*ST皇台,-3.01,-19.87,13.3934,-10.5498,-0.0594,53.0886,0.2992
000996,中国中期,1.44,6.75,26.3427,5.5232,0.048,81.7295,0.7106
000997,新大陆,5.47,12.18,27.1038,40.8141,0.0902,334.9034,0.7402
000998,隆平高科,2.85,8.64,23.1051,24.7025,0.1568,285.5902,1.8132
000999,华润三九,3.47,5.66,47.307,88.173,0.09,1556.0972,1.5896
001696,宗申动力,20.56,9.4,13.8088,108.1483,0.5065,1150.4716,5.3884
001896,豫能控股,-4.53,-15.33,-3.2591,-32.7768,-0.0762,213.6929,0.4969
002001,新和成,0.75,0.7,15.112,5.7326,0.0167,814.8087,2.382
002002,鸿达兴业,0.55,0.85,8.824,1.7007,0.0132,199.8771,1.5569
002003,伟星股份,6.72,6.33,32.121,29.9699,0.2781,472.9607,4.3898
002004,华邦健康,14.02,30.95,60.0805,74.3258,0.563,240.0895,1.8188
002005,德豪润达,-4.83,-4.55,15.2219,-29.169,-0.1805,640.0976,3.961
002006,精功科技,1.55,2.18,3.0474,5.3972,0.0562,247.1638,2.5746
002007,华兰生物,8.49,30.1,47.7974,51.581,0.2851,171.3319,0.9471
002008,大族激光,8.5,12.19,41.9392,75.5108,0.1986,619.4375,1.6297
002009,天奇股份,4.56,9.06,32.9386,15.4674,0.1399,170.5867,1.5436
002010,传化智联,6.18,6.6,24.6758,32.4218,0.2078,490.9575,3.1471
002011,盾安环境,2.23,7.03,29.225,11.1554,0.1567,158.5833,2.2278
002012,凯恩股份,-0.45,-0.93,19.5001,-1.5673,-0.008,166.8042,0.8563
002013,中航机电,5.17,8.38,23.5232,11.0089,0.1834,131.3344,2.1889
002014,永新股份,7.02,5.0,15.5438,25.2879,0.2461,505.4559,4.9197
002015,霞客环保,5.57,4.85,13.3696,16.4807,0.1637,339.2603,3.371
002016,世荣兆业,-6.56,-88.33,24.8067,-14.6065,-0.2307,16.5347,0.2612
002017,东信和平,3.84,4.51,22.5976,15.4237,0.1306,341.6355,2.8942
002018,华信国际,5.28,6.78,21.3654,24.3818,0.1941,359.1961,2.8602
002019,亿帆医药,22.81,26.33,60.2569,88.0301,0.9212,334.2922,3.4986
002020,京新药业,0.64,0.71,23.8564,1.9325,0.019,270.3601,2.6623
002021,中捷资源,9.6,9.83,28.0733,48.6186,0.2264,494.2635,2.3025
002022,科华生物,13.44,29.07,58.0432,53.0389,0.2521,182.4286,0.8671
002023,海特高新,4.53,19.01,32.5338,21.3988,0.1819,112.5498,0.9571
002024,苏宁云商,15.49,3.04,13.5626,578.3738,0.4012,18983.0915,13.1689
002025,航天电器,4.46,26.07,52.1329,43.1582,0.2615,165.5376,1.0032
002026,山东威达,2.43,7.32,23.2631,11.2239,0.0831,153.3041,1.1355
002027,分众传媒,0.84,0.36,5.8495,5.8344,0.0192,1585.9735,5.2457
002028,思源电气,2.73,11.28,42.8335,50.7352,0.4431,449.4797,3.9255
002029,七匹狼,7.59,8.74,34.6359,29.3682,0.1771,335.7435,2.0256
002030,达安基因,4.82,13.98,58.1925,13.6736,0.109,97.7525,0.7795
002031,巨轮智能,7.63,30.63,44.4811,44.9277,0.2451,146.6727,0.8001
002032,苏泊尔,8.58,5.11,27.5418,68.6763,0.3901,1343.0671,7.6301
002033,丽江旅游,9.28,44.33,79.5657,28.6228,0.2881,64.5603,0.65
002034,美欣达,3.37,2.84,12.2071,14.7638,0.1819,518.3603,6.39
002035,华帝股份,2.4,1.43,27.976,7.7951,0.0453,544.3479,3.169
002036,联创电子,4.37,9.59,21.3501,14.5605,0.1079,151.8122,1.1259
002037,久联发展,3.8,5.9,31.0367,15.7439,0.1431,266.4846,2.4225
002038,双鹭药业,11.17,54.54,61.0886,52.5425,0.423,96.3258,0.7755
002039,黔源电力,-5.11,-23.22,40.7836,-24.2752,-0.173,104.5048,0.7451
002040,南京港,2.66,19.15,50.5468,13.7894,0.056,71.9976,0.2928
002041,登海种业,1.21,4.32,39.0008,8.0252,0.0455,185.3798,1.0532
002042,华孚色纺,-5.4,-5.66,4.088,-13.8832,-0.1388,245.1572,2.4515
002043,兔宝宝,5.15,4.06,14.392,18.6389,0.1527,458.0177,3.7542
002044,美年健康,2.34,2.65,9.4636,6.4503,0.0516,242.7606,1.942
002045,国光电器,3.15,6.09,24.6727,20.2751,0.1013,332.5981,1.6629
002046,轴研科技,5.8,17.54,33.9002,17.9761,0.1843,102.462,1.0508
002047,宝鹰股份,3.48,2.94,13.5974,24.7524,0.1003,840.253,3.4079
002048,宁波华翔,6.42,6.57,20.7517,58.1594,0.212,884.358,3.224
002049,紫光国芯,3.85,12.68,29.1375,13.792,0.1532,108.7143,1.2079
002050,三花智控,6.75,5.77,17.3074,28.288,0.2503,489.9057,4.3354
002051,中工国际,9.19,11.92,15.698,82.5728,0.4345,692.2835,3.6435
002052,同洲电子,7.77,7.01,21.7523,48.6872,0.2154,693.5869,3.0699
002053,云南能投,6.0,9.11,27.4852,60.509,0.3255,663.6194,3.5707
002054,德美化工,6.21,9.85,30.9287,32.0019,0.2388,324.6012,2.4223
002055,得润电子,5.22,3.71,12.1385,13.4737,0.1695,362.6759,4.5639
002056,横店东磁,6.16,9.25,28.8132,69.0158,0.3834,745.6275,4.1423
002057,中钢天源,1.57,2.89,17.4195,3.7699,0.0448,130.0111,1.5477
002058,威尔泰,3.09,8.92,37.3438,4.8987,0.0785,54.875,0.8798
002059,云南旅游,0.11,0.54,34.8724,0.5961,0.0027,108.8664,0.5063
002060,粤水电,4.47,3.51,9.8088,39.1569,0.1779,1115.3745,5.0698
002061,江山化工,6.77,6.59,16.6172,32.0267,0.2287,485.5249,3.4685
002062,宏润建设,6.47,2.63,8.2369,40.574,0.244,1542.6875,9.2804
002063,远光软件,5.11,27.97,76.4444,15.6402,0.1424,55.899,0.509
002064,华峰氨纶,19.23,26.28,44.8347,186.0499,1.0078,707.9508,3.835
002065,东华软件,7.03,11.54,21.8023,41.5095,0.3208,359.6341,2.7802
002066,瑞泰科技,4.05,6.98,21.5935,8.3303,0.1388,119.2803,1.988
002067,景兴纸业,6.12,8.46,19.9376,41.8282,0.1398,494.0479,1.6523
002068,黑猫股份,6.15,4.79,20.068,28.1704,0.3165,587.8094,6.6045
002069,獐子岛,6.44,24.46,41.884,68.268,0.6036,279.0664,2.4674
002070,众和股份,4.87,10.31,22.4934,21.9633,0.1694,212.915,1.6428
002071,长城影视,2.12,4.55,15.4719,7.0925,0.0578,155.6144,1.2684
002072,凯瑞德,2.8,2.85,15.114,13.2558,0.0828,464.4281,2.9026
002073,软控股份,4.8,17.66,45.4893,41.0822,0.2883,232.5001,1.6319
002074,国轩高科,4.73,9.05,27.0263,14.7157,0.1777,162.573,1.9634
002075,沙钢股份,4.73,1.7,4.418,30.9748,0.0782,1817.6947,4.5901
002076,雪莱特,7.51,17.33,35.7619,25.3159,0.1373,146.0103,0.7923
002077,大港股份,5.1,6.8,13.672,33.1544,0.1315,487.0517,1.9327
002078,太阳纸业,6.99,6.85,15.8473,153.6945,0.4282,2241.6651,6.2466
002079,苏州固锝,3.57,6.97,16.2392,15.9739,0.1157,228.9368,1.6589
002080,中材科技,4.98,7.98,23.9269,30.4769,0.2031,381.6118,2.544
002081,金螳螂,6.19,1.65,10.5518,32.2051,0.3426,1944.7805,20.6891
002082,栋梁新材,7.44,1.28,3.0822,27.8784,0.2094,2176.4768,16.3497
002083,孚日股份,7.24,5.98,24.5152,84.5808,0.1609,1412.7571,2.6876
002084,海鸥卫浴,9.68,6.55,18.1987,58.8324,0.3332,896.9804,5.0806
002085,万丰奥威,3.08,2.72,11.4257,24.0873,0.0847,885.4948,3.1141
002086,东方海洋,3.08,7.03,17.4417,12.4905,0.1447,177.6415,2.0584
002087,新野纺织,2.75,4.04,16.8979,27.0187,0.1152,668.4412,2.8519
002088,鲁阳节能,9.33,18.42,40.3187,53.1885,0.3962,288.7175,2.1509
002089,新海宜,2.62,11.46,40.1746,8.136,0.0957,70.9535,0.8351
002090,金智科技,6.53,16.38,35.6498,25.1077,0.2461,153.2688,1.5026
002091,江苏国泰,6.65,2.7,9.9729,35.174,0.2198,1299.5878,8.1224
002092,中泰化学,7.32,8.51,23.7682,92.2935,0.391,1083.5757,4.5914
002093,国脉科技,8.11,25.49,51.873,26.7819,0.4012,105.0325,1.5735
002094,青岛金王,2.76,5.99,23.9116,12.0176,0.1119,200.5555,1.869
002095,生意宝,5.94,51.85,91.991,19.0585,0.3176,36.7536,0.6125
002096,南岭民爆,7.02,14.23,37.9868,18.2043,0.3098,127.9064,2.1769
002097,山河智能,10.19,11.13,25.1792,59.1033,0.4458,530.667,4.0027
002098,浔兴股份,6.4,8.13,23.9841,32.855,0.2119,404.0232,2.6066
002099,海翔药业,4.25,4.37,13.2891,22.3819,0.1394,511.1754,3.1848
002100,天康生物,5.63,8.57,100.0,20.3001,0.2114,236.6352,2.4649
002101,广东鸿图,5.18,6.89,18.2585,16.9057,0.2523,245.2387,3.6602
002102,冠福股份,5.73,9.8,34.475,22.1641,0.1949,226.0183,1.9883
002103,广博股份,6.38,9.83,24.5175,35.356,0.1618,359.4147,1.6454
002104,恒宝股份,4.96,12.76,34.6069,19.7037,0.1006,154.346,0.7881
002105,信隆健康,2.4,2.03,14.4331,11.2606,0.042,552.1866,2.0603
002106,莱宝高科,7.48,36.63,53.6131,103.7172,0.4087,283.0786,1.1155
002107,沃华医药,5.37,29.6,79.9265,17.3916,0.2484,58.7357,0.8392
002108,沧州明珠,2.87,6.29,18.4402,8.4599,0.123,134.4476,1.9556
002109,兴化股份,5.64,13.63,26.5614,42.9488,0.2684,315.0838,1.9692
002110,三钢闽光,8.66,4.42,11.0614,208.1939,0.3893,4706.1439,8.8014
002111,威海广泰,6.87,14.73,30.4121,21.3427,0.2519,144.8412,1.71
002112,三变科技,3.84,3.53,18.6235,14.1564,0.1769,400.999,5.0124
002113,天润数娱,3.07,7.7,18.0904,12.9624,0.1751,168.182,2.2727
002114,罗平锌电,8.82,7.91,12.7938,44.0023,0.4308,556.1743,5.4452
002115,三维通信,5.76,16.12,38.706,17.3638,0.217,107.6739,1.3459
002116,中国海诚,5.45,3.9,19.2881,19.9611,0.175,510.7421,4.4801
002117,东港股份,6.84,13.44,33.0868,32.5343,0.2957,241.9927,2.1999
002118,紫鑫药业,3.57,18.65,77.8234,10.2597,0.1519,54.9942,0.8144
002119,康强电子,3.53,5.99,12.3546,18.1983,0.1874,303.5823,3.1264
002120,韵达股份,6.93,6.33,18.9076,19.1612,0.1657,302.6439,2.618
002121,科陆电子,3.25,10.27,35.2618,10.7193,0.1786,104.2879,1.7381
002122,天马股份,7.62,18.36,34.2173,110.6463,0.8135,602.5705,4.4306
002123,梦网荣信,6.22,17.86,51.9168,28.8739,0.4511,161.6289,2.5254
002124,天邦股份,1.38,3.05,14.8286,3.7755,0.0551,123.5948,1.8043
002125,湘潭电化,1.14,2.07,19.7028,3.3634,0.0446,162.287,2.1523
002126,银轮股份,3.99,4.24,19.9117,17.2123,0.1721,405.7827,4.0578
002127,南极电商,4.44,3.15,10.9258,20.0904,0.1846,636.2225,5.8483
002128,露天煤业,16.19,24.38,40.3933,309.7099,0.4734,1270.0321,1.9413
002129,中环股份,4.35,14.42,37.8572,44.1447,0.1217,305.9325,0.8435
002130,沃尔核材,6.28,17.09,34.6757,21.6423,0.3982,126.5661,2.3287
002131,利欧股份,5.86,5.37,18.9531,22.7592,0.3023,423.3573,5.6237
002132,恒星科技,6.57,10.92,19.3278,37.5502,0.2302,343.5887,2.1068
002133,广宇集团,-1.56,-20.16,34.4355,-15.1645,-0.0608,75.2137,0.3016
002134,天津普林,4.31,15.4,27.0278,28.8783,0.1468,187.4486,0.953
002135,东南网架,3.31,3.32,15.8029,29.1576,0.1457,877.6774,4.3883
002136,安纳达,4.49,6.76,16.8609,10.483,0.1328,154.9952,1.9639
002137,麦达数字,4.92,5.4,10.1006,23.4213,0.1755,433.2154,3.2474
002138,顺络电子,4.74,33.32,54.7456,21.8155,0.232,65.4716,0.6965
002139,拓邦股份,1.38,2.02,14.3652,3.6116,0.0722,178.5081,3.5701
002140,东华科技,12.57,8.73,25.4527,27.334,0.5443,312.8633,6.2307
002141,贤丰控股,8.86,3.66,9.8638,11.2379,0.1845,306.6266,5.0349
002142,宁波银行,11.34,38.33,50.4576,382.811,0.1867,998.4951,0.487
002143,印纪传媒,11.83,2.38,8.606,20.7659,0.2595,872.2297,10.9028
002144,宏达高科,8.06,7.37,18.9989,12.0913,0.1505,163.8524,2.0395
002145,中核钛白,0.76,1.55,6.3347,2.7675,0.0212,178.0167,1.3693
002146,荣盛发展,7.64,11.43,29.3265,49.2245,0.1491,430.6251,1.3049
002147,新光圆成,19.86,17.65,41.0502,19.6967,0.2813,111.547,1.5935
002148,北纬通信,12.26,28.36,62.6598,15.0251,0.3974,52.9793,1.4015
002149,西部材料,10.83,6.07,16.8193,14.1308,0.2065,232.6528,3.4003
002150,通润装备,18.59,12.9,26.4123,26.8125,0.5156,207.8239,3.9966
002151,北斗星通,19.01,20.78,40.571,15.0326,0.3758,72.3313,1.8082
002152,广电运通,32.77,33.09,44.9579,103.3751,0.9701,312.4026,2.9317
002153,石基信息,18.69,28.88,61.362,32.6874,0.7782,113.1548,2.6941
002154,报喜鸟,14.64,17.14,42.8248,27.3614,0.38,159.6335,2.2171
002155,湖南黄金,12.08,11.17,27.5215,69.4758,0.2371,621.9362,2.1226
002156,通富微电,7.67,6.15,15.5079,29.6481,0.1482,481.4169,2.407
002157,正邦科技,7.78,1.69,9.3757,10.3929,0.1846,614.8814,10.9221
002158,汉钟精机,15.35,14.44,22.2593,24.4307,0.2171,169.0767,1.5029
002159,三特索道,2.47,7.76,56.3666,5.3879,0.1077,69.4123,1.3882
002160,常铝股份,9.51,3.54,10.8434,32.9422,0.2583,927.9941,7.2783
002161,远望谷,4.15,16.4,56.5343,5.8482,0.1215,35.6536,0.7412
002162,悦心健康,6.69,7.22,33.7161,25.8026,0.0905,357.3695,1.2539
002163,中航三鑫,6.57,3.46,18.0514,15.0078,0.1471,433.1679,4.2467
002164,宁波东力,9.57,10.63,36.5536,17.7959,0.1977,167.2615,1.8584
002165,红宝丽,19.54,8.15,20.2644,32.4316,0.5791,397.5855,7.0997
002166,莱茵生物,17.66,21.79,39.2887,15.5001,0.3211,71.1318,1.4737
002167,东方锆业,12.19,16.37,27.2932,13.2968,0.3545,81.1882,2.165
002168,深圳惠程,6.41,19.82,41.9172,13.7256,0.3702,69.2447,1.8677
002169,智光电气,6.95,7.67,30.6116,7.8433,0.1535,102.1271,1.9993
002170,芭田股份,12.81,3.69,10.4617,28.8642,0.4123,780.9261,11.156
002171,楚江新材,16.76,2.59,7.1924,31.8005,0.3153,1223.8192,12.135
002172,澳洋科技,49.31,19.45,31.6014,174.3844,1.3414,896.162,6.8935
002173,*ST创疗,16.61,12.52,30.8294,22.0173,0.4403,175.7864,3.5157
002174,游族网络,13.49,9.83,19.4115,13.8475,0.2235,140.8259,2.2735
002175,东方网络,11.03,17.04,40.3429,11.5544,0.2723,67.7808,1.5973
002176,江特电机,11.64,9.8,27.4113,15.1625,0.2985,154.6566,3.0456
002177,御银股份,28.53,33.22,67.6247,35.4713,0.6383,106.7654,1.9213
002178,延华智能,12.86,14.45,28.1748,15.2788,0.2546,105.7066,1.7617
002179,中航光电,11.33,13.39,31.5381,39.9525,0.4489,298.3223,3.3519
002180,艾派克,10.71,29.25,55.5589,12.2187,0.294,41.7668,1.0052
002181,粤传媒,4.39,19.92,28.2531,34.5817,0.1734,173.5348,0.8704
002182,云海金属,9.46,4.3,12.2168,31.0029,0.2152,719.8233,4.9987
002183,怡亚通,17.18,36.9,65.8521,60.7138,0.6558,164.5075,1.777
002184,海得控制,12.31,6.18,19.2895,24.6265,0.3003,397.9959,4.8536
002185,华天科技,11.66,11.48,22.31,35.2269,0.2709,306.6668,2.3589
002187,广百股份,21.6,5.33,24.0136,71.496,0.5958,1341.3199,11.1776
002189,利达光电,6.77,7.72,27.7121,13.3471,0.0894,172.7049,1.1572
002190,成飞集成,6.33,18.84,31.6164,13.3707,0.1662,70.9667,0.8825
002191,劲嘉股份,16.51,12.19,28.1833,89.7491,0.4487,736.1575,3.6807
002193,山东如意,4.66,6.62,30.4572,13.0528,0.2175,196.8863,3.2814
002194,武汉凡谷,19.58,20.2,28.5987,91.4558,0.5715,452.6358,2.8289
002195,二三四五,14.06,15.07,42.2715,12.0365,0.2805,79.835,1.8609
002196,方正电机,16.18,8.46,19.3406,19.886,0.3479,235.0532,4.1129
002197,证通电子,11.57,12.28,35.6422,10.2672,0.1569,83.5491,1.2769
002198,嘉应制药,10.83,34.5,59.0591,10.0374,0.1632,29.0873,0.4729
002199,东晶电子,11.08,13.09,27.563,11.2191,0.2438,85.7012,1.863
002200,云投生态,11.46,25.18,36.6958,33.432,0.5311,132.7454,2.1091
002201,九鼎新材,12.6,8.57,25.5932,18.982,0.3163,221.3786,3.6896
002202,金风科技,20.32,22.45,31.2926,128.3337,0.2851,571.5936,1.2702
002203,海亮股份,15.21,2.79,6.0506,92.5285,0.2681,3305.8093,9.5792
002205,国统股份,8.05,10.12,31.5037,9.8641,0.1644,97.4637,1.6243
002206,海利得,11.56,7.85,18.8586,31.9047,0.343,406.0229,4.3658
002207,准油股份,2.28,4.53,20.6775,3.5391,0.0475,77.9558,1.0469
002209,达意隆,8.64,8.6,27.3745,13.8147,0.1625,160.54,1.8887
002210,飞马国际,15.96,9.48,17.2028,21.1245,0.2091,222.7871,2.2058
002211,宏达新材,10.85,9.3,18.6524,26.329,0.1455,283.0353,1.5647
002213,特尔佳,10.0,16.53,37.1926,9.0107,0.117,54.5073,0.7078
002215,诺普信,27.95,9.46,32.4225,45.9693,0.5107,485.5004,5.3944
002216,三全食品,15.03,6.15,35.6472,39.601,0.5657,643.5856,9.194
002217,合力泰,14.12,10.15,21.3579,24.639,0.2652,242.5222,2.6111
002218,拓日新能,22.64,33.89,42.2693,36.7178,0.3059,108.3273,0.9027
002219,恒康医疗,14.26,18.84,47.6335,18.1175,0.2588,96.1162,1.373
002220,天宝股份,16.5,11.83,15.9376,24.1193,0.4638,203.8481,3.9201
002224,三力士,,3.56,14.7326,9.4749,0.1722,266.1143,4.8384
002226,江南化工,,14.52,32.8052,10.1943,0.2527,70.1666,1.7397
002227,奥特迅,,24.79,48.5349,18.4807,0.2279,74.5464,0.9194
002228,合兴包装,,7.45,19.7391,14.6202,0.1949,196.1974,2.6159
002229,鸿博股份,,28.62,43.1115,19.2174,0.3202,67.1435,1.119
002233,塔牌集团,,8.63,25.873,64.7461,0.2158,749.8816,2.4996
002234,民和股份,,17.23,26.9343,43.5086,0.5404,252.3915,3.1352
002235,安妮股份,,10.96,20.0606,19.726,0.263,179.9518,2.3993
002237,恒邦股份,,7.4,15.0357,49.5163,0.6896,668.3386,9.3083
002239,奥特佳,,7.97,17.5541,25.3696,0.2536,318.1367,3.1813
002240,威华股份,,21.3,36.3411,73.8205,0.3209,346.5562,1.5067
002241,歌尔股份,,11.8,28.028,27.2235,0.3024,230.5508,2.5616
002243,通产丽星,,10.42,23.1406,23.7439,0.1965,227.8037,1.8858
002244,滨江集团,,-1.33,48.177,-1.823,-0.0039,136.6372,0.297
002245,澳洋顺昌,,4.91,9.4982,14.5575,0.3192,296.0729,6.4928
002246,北化股份,,8.27,24.5887,20.5496,0.1384,248.4077,1.674
002247,帝龙文化,,11.45,27.0154,9.9108,0.1982,86.534,1.7306
002248,华东数控,,6.05,19.3353,9.1514,0.1016,151.1847,1.6798
002249,大洋电机,,10.5,18.8808,96.9044,1.0308,922.5426,9.8142
002250,联化科技,,6.36,20.997,29.4934,0.3045,463.0844,4.7819
002253,川大智胜,,11.73,35.4576,6.1609,0.1579,52.4882,1.3458
002254,泰和新材,,19.68,39.0467,164.1388,1.7554,833.7566,8.9171
002256,兆新股份,,13.85,25.2795,18.0373,0.2774,130.1878,2.0028
002258,利尔化学,,39.34,48.8668,74.0968,0.7339,188.334,1.8653
002259,升达林业,,8.51,33.6558,18.1716,0.1135,213.5064,1.3344
002260,德奥通航,,3.12,19.2379,8.2168,0.0912,262.6811,2.9186
002261,拓维信息,,27.26,59.5992,26.3411,0.44,96.624,1.614
002263,大东南,,2.79,8.7107,18.8236,0.1039,674.115,3.7233
002264,新华都,,6.89,18.4793,52.535,0.656,762.1621,9.5175
002265,西仪股份,,6.52,22.3024,12.3404,0.0566,189.1863,0.8677
002266,浙富控股,,11.96,24.2291,24.5907,0.2289,205.5839,1.9143
002267,陕天然气,,16.67,28.2403,135.7949,0.3324,814.1934,1.9935
002268,卫士通,,0.61,80.9574,0.3305,0.0065,53.3419,1.0647
002269,美邦服饰,,2.76,34.6299,31.524,0.0525,1139.0785,1.8984
002500,山西证券,19.84,51.68,76.9437,416.4503,0.3194,805.7785,0.618
002594,比亚迪,11.18,7.43,21.1194,640.996,0.2817,8622.007,3.7897
002673,西部证券,38.37,52.25,76.4289,760.2771,,1454.8638,
002736,国信证券,47.01,52.03,60.192,2907.4192,1.4537,5587.8143,2.7939
300271,华宇软件,13.05,14.37,34.2157,11.576,0.2085,80.5205,1.4508
300318,博晖创新,11.98,56.91,77.8698,10.4779,0.1364,18.4092,0.2397
600000,浦发银行,9.78,21.99,47.3689,2553.7926,0.5864,11612.8953,2.6666
600004,白云机场,4.42,14.66,47.4865,186.8794,0.1868,1274.7348,1.2747
600006,东风汽车,5.7,4.13,15.0075,283.9578,0.1419,6858.9695,3.4294
600007,中国国贸,3.86,34.07,64.367,149.9401,0.1488,440.0131,0.4368
600008,首创股份,5.58,39.68,43.6492,252.6359,0.1148,636.5706,0.2893
600009,上海机场,7.8,55.53,58.5538,834.7109,0.4331,1502.9666,0.7799
600010,包钢股份,5.59,4.95,9.3268,453.7312,0.1337,9161.6598,2.7015
600011,华能国际,6.92,12.65,19.3818,2936.589,0.2435,23199.7922,1.9244
600012,皖通高速,7.02,36.98,72.2645,308.0059,0.1857,832.7773,0.502
600015,华夏银行,8.4,15.43,27.1396,1010.0178,0.2404,6541.8848,1.5575
600016,民生银行,6.57,24.98,40.293,2821.278,0.1948,11289.759,0.7797
600017,日照港,3.4,13.22,28.7856,75.5459,0.1199,571.0594,0.9064
600018,上港集团,7.49,24.02,50.634,1828.8885,0.0871,7612.4289,0.3626
600019,宝钢股份,9.79,8.68,17.6226,8159.7226,0.4659,93976.0135,5.3663
600020,中原高速,7.05,40.98,70.5861,352.7186,0.2239,860.6354,0.5464
600021,上海电力,3.29,5.36,12.8098,211.3821,0.1336,3940.1658,2.4908
600022,山东钢铁,13.87,4.29,11.1253,670.2381,0.4951,15601.9211,11.5262
600026,中远海能,16.23,38.3,44.8481,2226.7966,0.6695,5812.697,1.7476
600027,华电国际,4.01,6.37,19.0462,546.408,0.0907,8575.132,1.4241
600028,中国石化,12.32,6.16,17.9463,34925.0,0.4028,566830.0,6.5376
600029,南方航空,2.98,1.22,12.8481,308.0,0.0704,25210.0,5.7633
600030,中信证券,24.87,39.55,65.1486,4208.2115,1.4114,10639.0869,3.5683
600031,三一重工,24.07,18.76,35.6096,824.4877,0.8588,4393.6328,4.5767
600033,福建高速,9.78,38.81,83.1091,317.112,0.2143,816.9146,0.5521
600035,楚天高速,5.68,38.55,66.7239,131.1821,0.1408,340.2404,0.3652
600036,招商银行,10.33,34.99,60.1555,6120.0,0.4162,17488.0,1.1893
600037,歌华有线,4.35,33.16,40.71,164.1911,0.1548,495.1274,0.467
600038,中直股份,1.28,2.59,11.9347,14.7491,0.0437,567.7839,1.683
600039,四川路桥,1.07,1.09,13.1507,8.0311,0.0264,732.3023,2.4088
600048,保利地产,7.13,13.23,39.8021,277.8279,0.2525,2098.832,1.908
600050,中国联通,2.74,2.61,38.7274,1296.0219,0.0611,49629.084,2.3413
600051,宁波联合,0.13,0.1,7.606,1.5847,0.0052,1525.2634,5.0438
600052,浙江广厦,6.19,5.39,25.6938,86.6167,0.0993,1606.9194,1.8432
600053,九鼎投资,18.37,19.65,44.4034,88.1621,0.2928,448.4659,1.4895
600054,黄山旅游,8.32,16.55,44.6019,68.5141,0.1507,413.8854,0.9109
600055,万东医疗,2.22,4.81,34.3482,10.0697,0.0697,209.0285,1.4485
600056,中国医药,10.47,6.8,11.5544,74.0217,0.3094,1087.1818,4.5451
600057,象屿股份,-118.03,-22.89,6.151,-351.9748,-0.8188,1537.1978,3.5762
600058,五矿发展,11.07,1.02,4.2671,385.0478,0.4656,37384.5431,45.2064
600059,古越龙山,3.93,9.26,38.7542,46.3438,0.199,500.3579,2.1493
600060,海信电器,2.92,1.33,16.5638,78.4459,0.1588,5857.8494,11.8635
600061,国投安信,1.4,1.17,7.1193,7.3201,0.017,620.5724,1.4462
600062,华润双鹤,7.69,6.82,29.0758,147.7465,0.3349,2163.432,4.9048
600063,皖维高新,4.98,3.54,14.5301,32.6479,0.1438,919.7986,4.054
600064,南京高科,3.64,14.93,19.6076,94.9271,0.2758,635.5448,1.8467
600066,宇通客车,7.21,3.7,16.4442,104.6577,0.2616,2824.6695,7.0631
600067,冠城大通,11.64,4.44,12.7834,103.0469,0.2322,2320.5093,5.2298
600068,葛洲坝,1.24,4.78,35.0892,43.6842,0.0415,912.1371,0.8673
600069,银鸽投资,12.27,11.36,15.6001,101.3484,0.2727,891.5268,2.3991
600070,浙江富润,2.36,3.84,15.2218,9.4228,0.0669,244.789,1.74
600071,凤凰光学,3.39,4.03,19.8469,17.533,0.0738,434.3158,1.8289
600072,中船科技,4.66,11.36,7.1397,57.2079,0.1578,503.3641,1.3887
600073,上海梅林,0.2,0.24,16.0358,1.6747,0.0046,673.7265,1.8903
600074,保千里,-5.69,-6.22,10.394,-56.2392,-0.085,903.8552,1.3669
600075,新疆天业,9.89,7.64,25.7445,141.627,0.3229,1852.0876,4.2228
600076,康欣新材,-26.63,-1078.47,48.0642,-56.7126,-0.1551,5.2586,0.0143
600077,宋都股份,2.47,3.46,5.0207,8.0615,0.0506,232.6422,1.462
600078,澄星股份,3.35,4.97,19.2344,42.166,0.0659,847.9288,1.3252
600079,人福医药,2.92,8.12,47.458,26.4607,0.068,325.7632,0.8372
600080,金花股份,-5.33,-23.78,16.2498,-35.4504,-0.1161,149.048,0.4882
600081,东风科技,0.37,0.28,12.3781,1.4783,0.0047,512.7672,1.6353
600082,海泰发展,4.17,8.43,23.7898,23.0712,0.086,273.6615,1.0204
600083,博信股份,106.5,147.64,-6.3613,41.1601,0.1789,27.8771,0.1212
600084,中葡股份,,-31.37,27.7273,-99.6518,-0.2118,317.5895,0.6752
600085,同仁堂,6.25,10.72,40.0365,163.0002,0.3755,1519.6978,3.5014
600086,东方金钰,1.97,8.58,36.3154,7.0614,0.02,82.2726,0.2335
600088,中视传媒,3.15,7.56,21.497,24.8025,0.1047,327.7995,1.3846
600089,特变电工,10.48,5.29,21.1805,204.7967,0.4795,3865.1126,9.0513
600090,同济堂,14.69,8.73,50.6809,37.1522,0.1009,425.0858,1.1553
600091,ST明科,0.12,0.74,1.2024,2.2932,0.0068,305.7759,0.9086
600093,禾嘉股份,0.72,2.33,28.3249,2.57,0.0079,109.865,0.3407
600094,大名城,,-62.88,8.3984,-446.3233,-0.709,709.7419,1.1275
600095,哈高科,1.78,4.25,21.1363,12.4021,0.0343,291.1539,0.8059
600096,云天化,10.94,10.83,22.6455,329.5105,0.6143,3040.8953,5.6696
600097,开创国际,2.55,4.79,13.0267,4.5695,0.0395,95.3038,0.8254
600098,广州发展,8.26,21.36,19.0799,681.4195,0.3309,3188.8125,1.5485
600099,林海股份,0.95,2.0,10.6557,4.616,0.021,230.5638,1.0522
600100,同方股份,4.78,2.66,15.1792,157.7954,0.2746,5915.1181,10.2941
600101,明星电力,0.71,1.9,27.1717,5.9938,0.0184,314.9898,0.9716
600103,青山纸业,1.22,2.98,18.8839,20.4019,0.0192,683.049,0.6432
600104,上汽集团,7.76,5.33,13.9261,2715.8995,0.4145,50859.6396,7.7636
600105,永鼎股份,1.96,3.84,15.0221,20.4017,0.0749,529.9773,1.9476
600106,重庆路桥,4.69,39.57,50.4022,57.1627,0.1676,144.4272,0.4235
600107,美尔雅,0.47,1.9,37.4758,2.0024,0.0055,104.9784,0.2916
600108,亚盛集团,0.88,3.23,19.5752,14.3236,0.0099,442.9422,0.3073
600109,国金证券,21.54,538.05,98.2305,212.429,1.496,39.4806,0.278
600110,诺德股份,7.08,21.91,38.2723,60.0863,0.1198,274.1689,0.547
600111,北方稀土,6.14,7.22,34.132,79.667,0.1973,1102.2362,2.7305
600112,天成控股,3.48,7.13,28.7058,13.5045,0.0522,189.2226,0.7325
600113,浙江东日,2.87,33.27,41.484,11.0198,0.0933,33.1162,0.2806
600114,东睦股份,1.72,2.9,16.6593,10.111,0.0517,347.5456,1.7777
600115,东方航空,1.83,0.29,11.017,58.2117,0.0119,19596.1922,4.0263
600116,三峡水利,3.23,6.54,34.4376,14.7524,0.0703,225.4263,1.0756
600117,西宁特钢,5.35,4.86,18.9129,126.3731,0.1704,2596.3661,3.5028
600118,中国卫星,12.7,10.43,10.5715,47.5757,0.2092,456.0513,2.0054
600119,长江投资,1.09,0.79,15.1907,4.6787,0.0181,586.7709,2.2796
600120,浙江东方,3.61,1.68,9.4143,40.2861,0.0796,2391.0017,4.7302
600121,郑州煤电,7.96,6.57,23.0157,116.287,0.1848,1767.589,2.8095
600122,宏图高科,2.32,0.97,10.903,25.4913,0.0798,2605.3017,8.1619
600123,兰花科创,11.59,18.38,44.6181,300.8558,0.7373,1636.4099,4.0108
600125,铁龙物流,7.45,23.21,44.878,96.031,0.1236,413.653,0.5324
600126,杭钢股份,5.58,2.52,7.7209,186.1697,0.2884,7360.3422,11.4054
600127,金健米业,0.54,0.91,13.7188,4.0962,0.0075,445.8714,0.8189
600128,弘业股份,2.68,1.87,7.6327,18.0623,0.0905,964.0162,4.8334
600129,太极集团,4.37,2.41,26.5208,54.5485,0.2159,2259.5839,8.9453
600130,波导股份,-21.23,-11.14,3.9425,-237.2406,-0.3089,2128.2718,2.7711
600131,岷江水电,5.97,14.13,18.766,50.4343,0.1,356.7384,0.7076
600132,重庆啤酒,8.96,7.96,48.2017,75.4474,0.2026,947.0104,2.5437
600133,东湖高新,3.14,24.82,17.4393,25.3127,0.0918,101.973,0.37
600135,乐凯胶片,5.61,12.19,21.7558,55.8882,0.1634,458.4685,1.3405
600136,当代明诚,39.66,18.37,33.1687,11.3193,0.1083,61.6093,0.5898
600137,浪莎股份,384.48,711.01,26.1104,336.5491,4.7523,47.3337,0.6683
600138,中青旅,3.99,4.8,20.6704,71.0228,0.2222,1477.7157,4.625
600139,西部资源,,149.47,10.3529,36.5115,0.4458,24.426,0.2982
600141,兴发集团,2.15,2.16,18.3063,17.1519,0.0816,790.6704,3.765
600143,金发科技,14.84,7.25,100.0,202.2789,0.3175,2787.9727,4.3767
600145,*ST新亿,0.62,2.12,21.7333,3.2774,0.0086,154.4842,0.409
600146,商赢环球,-2.02,-13.99,18.8137,-7.056,-0.0352,50.4235,0.2521
600148,长春一东,2.03,3.36,23.5917,5.8832,0.0415,174.8354,1.2354
600149,廊坊发展,2.1,24.49,65.1386,12.7765,0.0336,52.1585,0.1372
600150,中国船舶,14.35,14.81,23.1714,199.3355,0.7592,1345.6355,5.1251
600151,航天机电,5.3,13.06,15.1994,68.4788,0.0914,524.0681,0.7001
600152,维科精华,10.77,7.97,8.7712,88.0012,0.2998,1102.8003,3.7574
600153,建发股份,11.2,2.44,5.5846,320.3047,0.5186,13126.3567,21.2538
600155,宝硕股份,,-20.41,12.3001,-147.1646,-0.3567,720.7264,1.7472
600156,华升股份,1.51,2.34,8.9501,8.406,0.0209,359.1127,0.893
600157,永泰能源,0.36,0.17,7.006,1.229,0.0072,699.1622,4.1019
600158,中体产业,0.97,2.94,55.5906,8.5108,0.0186,288.5949,0.632
600159,大龙地产,1.71,5.12,27.2264,5.4437,0.0178,106.2179,0.3482
600160,巨化股份,4.05,2.92,15.1579,71.7873,0.1289,2453.2719,4.406
600161,天坛生物,9.11,24.09,68.2321,54.231,0.1666,225.0933,0.6915
600162,香江控股,0.14,1.47,52.9571,0.8966,0.0023,60.5877,0.1568
600163,中闽能源,0.26,0.44,13.4305,3.074,0.01,698.5356,2.2831
600165,新日恒力,0.25,0.27,6.271,1.1998,0.0061,443.6816,2.2875
600166,福田汽车,13.68,1.66,8.7021,237.4636,0.2926,14252.1945,17.5647
600167,联美控股,1.0,6.25,28.5488,4.5039,0.0213,71.9945,0.3412
600168,武汉控股,2.59,32.41,31.417,37.098,0.084,114.4484,0.2594
600169,太原重工,12.57,5.5,14.5603,133.4481,0.3585,2424.9135,6.5155
600170,上海建工,5.24,1.58,5.5176,182.1843,0.2532,11460.0253,15.9322
600171,上海贝岭,0.72,6.57,28.7575,12.841,0.0209,195.2628,0.3187
600172,黄河旋风,2.76,7.56,27.5411,26.9328,0.1004,356.0894,1.3286
600173,卧龙地产,-10.35,-36.18,11.2561,-40.314,-0.1752,111.4043,0.4843
600175,美都能源,2.57,1.11,7.1069,12.7076,0.0763,1142.2289,6.8634
600176,中国巨石,8.66,6.3,30.9223,89.8166,0.2101,1423.9618,3.3317
600177,雅戈尔,15.3,38.22,39.5205,1301.4779,0.5845,3404.6824,1.529
600178,东安动力,5.74,8.9,10.189,96.8317,0.2095,1087.222,2.3528
600179,安通控股,0.84,1.11,7.3065,7.5934,0.0194,678.8775,1.7407
600180,瑞茂通,-19.3,-243.2,-20.7567,-132.4638,-0.5277,54.4657,0.217
600182,S佳通,10.58,2.52,13.2519,32.403,0.0953,1282.7188,3.7727
600183,生益科技,12.18,11.22,17.4083,217.5328,0.2273,1937.9736,2.025
600184,光电股份,-1.14,-2.37,11.1572,-3.6812,-0.035,155.0589,1.4767
600185,格力地产,-4.51,-9.14,9.2873,-23.9622,-0.0922,262.0052,1.0089
600186,莲花健康,0.43,0.63,13.3228,6.9531,0.0065,1091.2453,1.0275
600187,国中水务,391.56,3563354.95,100.0,420.8679,1.2861,0.0118,0.0
600188,兖州煤业,6.18,14.25,45.3621,1108.9185,0.2254,7778.2103,1.5814
600189,吉林森工,1.43,2.62,24.7634,19.1034,0.0615,726.8435,2.3408
600190,锦州港,2.78,14.97,52.5552,38.1258,0.0361,254.5764,0.2411
600191,华资实业,-1.42,-16.98,8.0933,-28.4907,-0.094,167.7599,0.5535
600192,长城电工,2.62,3.66,19.2742,26.2451,0.0921,715.6675,2.5129
600193,创兴资源,31.96,294.33,24.7765,86.5507,0.5157,29.4051,0.1752
600195,中牧股份,5.14,7.32,33.6946,50.7309,0.13,692.8513,1.7765
600196,复星医药,6.21,11.08,26.0799,202.6481,0.1637,1827.4199,1.4763
600197,伊力特,5.64,18.76,49.4558,49.2255,0.1116,262.3728,0.5949
600198,大唐电信,6.72,2.43,26.0648,28.2494,0.0643,1157.998,2.6378
600199,金种子酒,3.75,4.5,14.6619,21.749,0.0834,483.132,1.853
600200,江苏吴中,0.81,0.64,8.9012,7.135,0.0114,1099.2677,1.7624
600201,生物股份,6.59,21.2,51.646,42.7394,0.1521,201.5716,0.7178
600202,哈空调,15.04,17.29,23.1287,87.3524,0.3554,505.0169,2.0551
600203,福日电子,-12.23,-5.8,2.6672,-38.0234,-0.158,654.9263,2.7226
600206,有研新材,4.56,9.43,21.5235,32.0877,0.2212,340.0445,2.3451
600207,安彩高科,-5.39,-8.13,10.9449,-68.6338,-0.1559,843.6131,1.9173
600208,新湖中宝,2.39,5.68,21.431,47.6368,0.0286,837.954,0.5035
600209,罗顿发展,0.46,3.03,21.281,3.3107,0.0075,109.0017,0.2482
600210,紫江企业,8.24,8.62,20.9466,217.0732,0.151,2517.5033,1.7522
600211,西藏药业,-13.45,-11.71,12.089,-46.1039,-0.376,393.4836,3.2094
600212,江泉实业,-16.38,-41.04,10.1046,-184.122,-0.3598,448.5732,0.8766
600213,亚星客车,2.55,2.89,10.2127,7.7021,0.0405,266.4748,1.4024
600215,长春经开,-2.05,-35.19,-9.2452,-46.3201,-0.1294,131.6105,0.3679
600216,浙江医药,0.47,0.36,12.4151,3.706,0.0082,1010.3478,2.2449
600217,中再资环,-3.37,-4.25,19.4689,-16.5943,-0.0251,389.677,0.5897
600218,全柴动力,1.32,1.99,9.2209,11.8305,0.0417,591.6251,2.0875
600219,南山铝业,8.18,15.26,25.6804,585.1251,0.4436,3832.302,2.9059
600220,江苏阳光,2.86,5.57,16.1631,72.4559,0.0751,1300.7742,1.3493
600221,海南航空,2.63,2.9,18.0161,189.7148,0.0537,6534.9937,1.8511
600222,太龙药业,1.87,5.56,23.7196,9.3592,0.0324,168.1604,0.583
600223,鲁商置业,-13.68,-13.43,2.8961,-84.9625,-0.1584,632.5894,1.1796
600225,*ST松江,,-90.98,-1.6799,-12.9281,-0.0584,14.2097,0.0642
600226,升华拜克,2.65,2.53,11.1151,25.2549,0.0934,996.6047,3.6861
600227,赤天化,7.42,17.47,34.4935,91.9513,0.5408,526.3304,3.096
600228,*ST昌九,1.55,1.05,10.7108,5.3552,0.0221,507.1884,2.1017
600229,城市传媒,3.05,3.09,21.1368,30.3698,0.1029,982.6841,3.3297
600230,沧州大化,10.62,11.9,34.5088,103.7001,0.3998,871.1411,3.3591
600231,凌钢股份,7.21,6.15,12.2779,196.5848,0.3752,3194.5917,6.0977
600232,金鹰股份,2.69,4.19,14.4352,27.1225,0.1184,646.9434,2.8253
600233,圆通速递,9.18,13.26,20.1204,48.3873,0.2932,364.8659,2.2113
600234,ST山水,,-1.23,18.3655,-0.7582,-0.0052,61.5837,0.4258
600235,民丰特纸,0.73,1.06,18.6108,6.1263,0.0232,575.1945,2.1837
600236,桂冠电力,3.2,6.88,28.1243,110.2993,0.0781,1601.7784,1.1354
600237,铜峰电子,1.23,3.43,18.0728,10.043,0.0251,292.6773,0.7316
600238,海南椰岛,4.28,7.25,44.9599,23.3053,0.1403,321.2839,1.9354
600239,云南城投,-2.43,-70.76,-7.1316,-7.4235,-0.0418,10.4899,0.0591
600240,华业资本,2.62,9.52,29.2924,19.5525,0.0558,205.3372,0.5866
600241,时代万恒,1.26,0.74,7.0469,5.9979,0.0565,803.4904,7.58
600242,中昌数据,,-4701.26,57.4984,-19.0366,-0.1093,0.4049,0.0023
600243,青海华鼎,2.8,3.58,21.0889,13.1204,0.0702,366.1905,1.9598
600246,万通地产,8.05,6.86,39.5415,72.9852,0.2534,1063.4354,3.6924
600247,ST成城,1.81,8.04,39.4435,8.3902,0.0249,104.3067,0.31
600248,延长化建,,-105.88,36.1246,-24.1497,-0.1704,22.807,0.1609
600249,两面针,6.1,79.97,22.1204,163.6362,1.0909,204.62,1.3641
600250,南纺股份,1.77,0.39,5.0209,14.4848,0.0559,3669.376,14.1843
600251,冠农股份,0.36,0.74,11.3579,1.3263,0.0073,178.6832,0.9926
600252,中恒集团,5.39,16.72,58.4325,20.6877,0.0951,123.6637,0.5687
600255,鑫科材料,5.3,1.48,4.9264,31.5425,0.1702,2122.244,11.4561
600256,广汇能源,5.41,15.88,30.3023,112.4108,0.1297,707.5594,0.8169
600257,大湖股份,1.4,5.7,33.2631,8.8975,0.0312,155.9453,0.5477
600258,首旅酒店,6.96,7.93,38.9419,62.3057,0.2692,785.4377,3.3942
600259,广晟有色,,-11.09,-1.5264,-34.1505,-0.16,307.9101,1.4428
600260,凯乐科技,5.37,12.68,26.7992,63.7794,0.2417,502.9607,1.9064
600261,阳光照明,5.51,5.81,13.6822,46.9652,0.2444,806.9792,4.2001
600262,北方股份,1.81,2.18,24.4643,12.0358,0.0707,550.0669,3.2356
600265,ST景谷,-3.26,-9.04,7.9218,-11.0108,-0.0848,121.6822,0.9374
600266,北京城建,1.52,7.37,37.4156,47.6501,0.0643,646.323,0.8722
600267,海正药业,4.24,4.03,24.7782,54.093,0.1203,1339.3094,2.981
600268,国电南自,2.51,3.09,26.0909,15.2031,0.0858,491.8132,2.7786
600269,赣粤高速,9.25,49.24,72.8429,530.5969,0.4544,1077.453,0.9227
600270,外运发展,7.71,25.82,15.3567,283.5007,0.313,1097.9682,1.2125
600271,航天信息,9.35,10.72,25.2063,225.2835,0.7319,2100.7371,6.825
600272,开开实业,-2.09,-0.47,26.2789,-1.7497,-0.0072,367.5376,1.5125
600273,嘉化能源,1.06,1.47,5.077,6.7539,0.0314,458.8585,2.1342
600275,武昌鱼,-2.3,-327.44,-17.7878,-11.3014,-0.0222,3.4514,0.0067
600276,恒瑞医药,11.33,17.08,82.5964,153.7554,0.3566,900.1512,2.0881
600277,亿利洁能,1.4,1.56,13.5455,12.1164,0.0697,775.6496,4.4628
600278,东方创业,4.24,1.73,7.3852,47.6069,0.1487,2738.4273,8.5575
600279,重庆港九,3.33,13.5,41.8131,25.5126,0.1117,188.9771,0.8274
600280,中央商场,3.8,1.48,18.7412,26.9886,0.188,1822.2137,12.6946
600281,太化股份,3.08,2.66,13.0539,40.0144,0.0816,1500.5656,3.0629
600282,南钢股份,12.51,4.66,10.218,478.9989,0.5117,10258.8341,10.9602
600283,钱江水利,0.71,3.05,31.552,6.458,0.0226,211.5352,0.7413
600284,浦东建设,8.7,24.66,12.1734,67.348,0.298,273.0196,1.208
600285,羚锐制药,7.5,17.14,47.1389,39.7304,0.3958,231.7469,2.3091
600287,江苏舜天,3.61,1.35,4.3862,30.4083,0.0696,2245.8357,5.1416
600288,大恒科技,2.19,1.35,11.1285,19.2073,0.0571,1415.2941,4.2121
600289,亿阳信通,3.37,9.16,34.0904,41.7186,0.1422,455.0966,1.5515
600290,华仪电气,13.21,12.23,25.9618,39.3592,0.2258,321.5797,1.8449
600291,西水股份,0.86,13.11,26.8581,26.8342,0.1677,204.6485,1.279
600292,远达环保,6.47,4.53,15.0759,59.4479,0.1777,1312.3097,3.9231
600293,三峡新材,0.18,0.34,10.4151,1.3853,0.004,399.2016,1.1587
600295,鄂尔多斯,3.66,4.77,33.3662,116.7236,0.1131,2443.2965,2.3675
600297,广汇汽车,1.61,2.07,12.7471,9.6195,0.0702,463.8136,3.3855
600298,安琪酵母,8.94,14.34,33.0491,69.3427,0.511,483.3165,3.5616
600299,安迪苏,10.75,5.77,14.8101,144.8153,0.4022,2508.6275,6.9684
600300,维维股份,4.27,3.66,16.6956,63.602,0.0963,1736.9585,2.6317
600301,ST南化,3.06,3.71,14.6267,28.8096,0.1225,775.8203,3.2992
600302,标准股份,6.65,10.63,24.8128,76.378,0.2207,718.1824,2.0756
600303,曙光股份,5.97,3.74,16.8925,68.4741,0.3084,1830.8016,8.2468
600305,恒顺醋业,4.87,6.38,29.8436,21.7053,0.1707,339.7306,2.6718
600306,*ST商城,1.69,1.0,15.356,8.379,0.047,830.8908,4.6642
600307,酒钢宏兴,7.5,3.67,11.348,320.4533,0.3668,8719.7073,9.9813
600308,华泰股份,7.9,9.16,22.5053,270.3672,0.4927,2951.482,5.3795
600309,万华化学,20.15,17.17,37.3846,606.1693,0.5102,3528.5898,2.9699
600310,桂东电力,7.15,10.52,31.862,46.1353,0.2943,438.1359,2.7951
600311,荣华实业,-5.03,-303.09,2.2873,-44.5294,-0.1338,14.6918,0.0441
600312,平高电气,7.62,13.96,21.3372,89.2483,0.2443,639.1235,1.7501
600313,农发种业,-4.63,-13.0,10.2929,-23.429,-0.0928,180.1751,0.7144
600315,上海家化,8.68,6.03,47.3453,70.1503,0.4002,1161.9856,6.63
600316,洪都航空,1.32,2.74,11.1709,19.7238,0.0782,719.6802,2.8558
600317,营口港,5.42,18.96,36.4739,102.3839,0.2935,539.9039,1.5479
600318,新力金融,-0.09,-0.16,20.8564,-0.4508,-0.0022,273.4536,1.3672
600319,亚星化学,0.78,0.88,11.3363,8.2663,0.0261,938.1068,2.9725
600320,振华重工,15.8,10.7,14.8044,990.2175,0.3213,9253.3003,3.0025
600321,国栋建设,2.84,14.13,18.4617,31.9262,0.1401,225.8294,0.9915
600322,天房发展,1.08,1.79,15.9386,18.4558,0.0217,1027.2054,1.2121
600323,瀚蓝环境,5.56,25.39,51.558,46.6276,0.2236,183.602,0.8805
600325,华发股份,6.46,15.46,35.1704,111.5392,0.353,721.0516,2.2821
600326,西藏天路,1.44,4.96,16.6895,6.8632,0.0381,138.3221,0.7684
600327,大东方,8.08,3.16,13.344,53.3594,0.1636,1685.2605,5.1684
600328,兰太实业,2.75,5.88,37.4863,24.0182,0.0668,407.9353,1.1359
600329,中新药业,4.44,5.1,34.8019,60.493,0.1636,1185.753,3.2077
600330,天通股份,6.2,13.03,21.7035,67.4459,0.1535,517.5061,1.1784
600331,宏达股份,20.93,14.48,42.2604,353.067,0.8487,2437.649,5.8597
600332,白云山,5.47,2.63,15.415,157.7976,0.1945,5987.4813,7.3837
600333,长春燃气,1.65,2.9,13.4486,18.1485,0.0393,624.6423,1.3534
600335,国机汽车,0.3,0.42,25.7396,0.8478,0.0061,198.9626,1.4419
600336,澳柯玛,-2.69,-2.61,18.7984,-23.8496,-0.0699,912.238,2.6749
600337,美克家居,2.18,2.92,36.0437,16.737,0.0841,571.3474,2.8726
600338,西藏珠峰,,-12.57,-4.2277,-42.9233,-0.271,341.4621,2.1566
600339,*ST油工,1.45,3.25,20.5348,16.6822,0.0412,512.672,1.268
600340,华夏幸福,-1.32,-3.15,22.959,-4.4257,-0.0304,140.3169,0.9655
600343,航天动力,2.84,7.25,25.3507,13.0086,0.0703,179.1845,0.9685
600345,长江通信,2.06,7.74,21.9728,19.5926,0.0989,252.8618,1.277
600346,恒力股份,0.73,1.2,21.5995,2.4509,0.0233,203.7397,1.9403
600348,阳泉煤业,8.68,5.42,16.2022,268.7686,0.5587,4952.4366,10.2961
600350,山东高速,7.13,38.49,65.7585,549.3667,0.1633,1427.1769,0.4242
600351,亚宝药业,5.4,4.12,34.6051,18.915,0.142,458.5565,3.4445
600352,浙江龙盛,10.98,9.54,20.1182,143.041,0.2423,1499.0652,2.5399
600353,旭光股份,0.82,2.39,22.9069,2.9815,0.0263,124.6844,1.101
600354,敦煌种业,-4.69,-9.06,12.0646,-25.865,-0.139,285.3696,1.5345
600355,精伦电子,0.61,3.61,42.1433,3.9407,0.016,108.9267,0.4427
600356,恒丰纸业,2.29,3.91,23.836,16.7373,0.1195,426.9829,3.0498
600358,国旅联合,3.16,25.89,61.2618,16.3639,0.0378,63.193,0.1462
600359,新农开发,-1.06,-4.55,17.7913,-11.5514,-0.0359,253.3694,0.7893
600360,华微电子,6.46,13.21,29.4079,59.4889,0.252,450.1696,1.9074
600361,华联综超,5.51,2.33,19.8211,84.3471,0.2261,3616.4545,9.6974
600362,江西铜业,14.98,11.52,15.6766,1993.57,0.6886,17300.5663,5.9759
600363,联创光电,3.22,2.84,22.0398,25.0253,0.0674,878.935,2.3703
600365,通葡股份,-61.83,-468.72,37.6201,-174.3554,-1.2453,37.1979,0.2656
600366,宁波韵升,7.74,3.01,9.9325,59.5716,0.1602,1973.3767,5.308
600367,红星发展,2.55,5.39,34.4544,26.1549,0.0898,485.2364,1.6663
600368,五洲交通,3.03,45.82,76.9085,41.7862,0.0945,91.1767,0.2062
600369,西南证券,,-135.92,15.2842,-50.7046,-0.207,37.3043,0.1523
600370,三房巷,3.11,5.09,9.7035,33.9186,0.1063,666.2977,2.0893
600371,万向德农,9.41,6.67,26.9234,26.9383,0.1737,403.6284,2.604
600372,中航电子,-10.16,-6.18,3.0688,-106.0284,-0.2586,1713.8715,4.1801
600373,中文传媒,1.43,1.57,10.2366,4.268,0.0341,270.2118,2.1616
600375,华菱星马,5.52,2.33,8.8406,26.0001,0.1386,1114.3358,5.9437
600376,首开股份,-1.0,-56.23,48.6011,-7.3702,-0.0283,13.1066,0.0504
600377,宁沪高速,5.27,31.22,60.4581,784.7122,0.1557,2513.3302,0.4988
600378,天科股份,3.59,7.24,19.6975,13.2789,0.054,183.1805,0.7458
600379,宝光股份,0.07,0.15,25.032,0.2404,0.0015,157.9875,0.9999
600380,健康元,10.8,21.17,49.3797,250.8423,0.4112,1184.4641,1.9419
600381,青海春天,,-201.68,-144.7035,-1.1065,-0.0036,0.5486,0.0017
600382,广东明珠,2.3,5.57,20.9906,15.1112,0.0884,270.8237,1.5849
600383,金地集团,6.45,11.03,41.744,205.6078,0.3087,1863.314,2.7977
600385,山东金泰,,-1474.17,66.0958,-9.2213,-0.0622,0.6255,0.0042
600386,北巴传媒,4.29,3.68,6.872,33.175,0.0822,899.5324,2.2309
600387,海越股份,5.06,9.32,3.978,32.1949,0.1084,345.3456,1.1627
600388,龙净环保,5.61,5.43,18.1631,47.949,0.2871,882.4215,5.2839
600389,江山股份,6.56,2.94,12.5108,40.8425,0.2062,1385.4642,6.9972
600390,*ST金瑞,4.05,4.01,18.8016,25.9265,0.1619,646.0138,4.0363
600391,成发科技,7.28,11.44,25.0808,35.1642,0.2678,307.1219,2.3391
600392,盛和资源,3.71,7.7,21.6162,16.4035,0.1518,213.0164,1.9723
600393,粤泰股份,6.55,9.0,29.073,34.2842,0.1142,380.5363,1.2684
600395,盘江股份,3.02,3.96,11.736,42.2891,0.1138,1066.7696,2.873
600396,金山股份,7.23,10.29,34.5764,67.537,0.2577,656.0474,2.5039
600397,安源煤业,1.14,1.58,21.2888,9.0299,0.0335,568.4287,2.1112
600398,海澜之家,4.33,9.37,30.2438,63.143,0.2225,673.6813,2.374
600399,抚顺特钢,0.8,0.54,7.053,12.5211,0.024,2312.6106,4.4473
600400,红豆股份,2.57,4.39,15.9754,30.4326,0.0705,691.9229,1.6051
600401,海润光伏,-1.09,-2.13,20.1206,-4.0237,-0.0155,188.3785,0.73
600403,*ST大有,0.02,0.09,36.5155,0.0686,0.0005,70.8349,0.5557
600405,动力源,-0.99,-1.56,22.5411,-3.4383,-0.0164,219.6139,1.0523
600406,国电南瑞,5.11,10.09,27.4485,41.8518,0.164,414.403,1.6247
600408,安泰集团,7.28,5.62,18.7128,99.2946,0.2539,1765.9999,4.5166
600409,三友化工,10.51,8.96,24.0507,151.414,0.2773,1688.5082,3.0925
600410,华胜天成,10.33,7.86,19.9897,81.4728,0.2469,1036.0143,3.14
600415,小商品城,10.91,17.35,54.5614,141.8543,1.1351,817.5727,6.5422
600416,湘电股份,3.58,3.04,19.1683,38.8894,0.1654,1276.0046,5.4298
600418,江淮汽车,5.74,3.26,15.8646,227.1278,0.2114,6952.6847,6.4739
600419,天润乳业,0.56,0.52,10.6586,1.0458,0.013,200.0481,2.4956
600420,现代制药,8.64,12.28,35.3007,40.6871,0.1555,331.2248,1.2662
600421,仰帆控股,-11.0,-57.04,27.9156,-47.641,-0.2435,83.5108,0.4269
600422,昆药集团,2.25,2.18,34.6578,12.4213,0.0395,567.293,1.8056
600423,柳化股份,4.77,10.1,21.0393,57.8213,0.2606,572.1948,2.579
600425,*ST青松,4.92,10.35,26.6344,26.8645,0.1452,259.3101,1.4022
600426,华鲁恒升,8.17,12.27,24.3512,149.7502,0.4531,1219.7476,3.6906
600428,中远海特,13.38,14.45,26.8174,354.6689,0.5413,2453.8915,3.7452
600429,三元股份,0.33,0.54,20.1488,2.7189,0.0042,500.7901,0.7886
600432,*ST吉恩,26.29,26.19,46.3592,325.8671,1.4292,1244.0774,5.4564
600433,冠豪高新,1.09,1.61,16.2357,4.5459,0.0284,280.9071,1.7556
600435,北方导航,0.47,1.36,23.6863,2.6485,0.0183,193.3332,1.3425
600436,片仔癀,9.01,17.39,36.7537,53.6908,0.3835,308.7161,2.2051
600438,通威股份,6.14,2.39,10.0458,54.9007,0.0798,2290.9216,3.3321
600439,瑞贝卡,7.95,11.72,23.5135,76.2772,0.3216,650.8187,2.7447
600444,国机通用,0.92,2.51,26.0063,2.6668,0.038,106.1273,1.5161
600446,金证股份,3.42,3.23,17.5876,11.524,0.0838,356.0553,2.5906
600448,华纺股份,1.61,1.09,5.3439,9.996,0.0312,909.2145,2.843
600449,宁夏建材,4.09,7.34,29.3597,25.9776,0.1801,353.4949,2.4511
600452,涪陵电力,1.95,3.01,11.7089,8.7915,0.0549,291.9139,1.8244
600455,博通股份,0.51,0.95,32.842,0.9819,0.0157,103.2083,1.6524
600456,宝钛股份,12.31,22.52,33.3344,242.9651,0.5975,1078.7811,2.653
600458,时代新材,2.9,3.52,100.0,11.0724,0.0541,314.3385,1.5381
600459,贵研铂业,13.2,12.36,22.8143,74.5743,0.8676,602.9484,7.0151
600460,士兰微,8.85,15.13,18.5963,61.2273,0.1515,404.5591,1.0011
600461,洪城水业,2.91,15.75,36.2329,13.5155,0.0965,85.7924,0.6128
600462,九有股份,-43.23,-30.28,-12.6867,-105.3599,-0.2565,347.8458,0.8471
600463,空港股份,4.22,7.71,35.2889,20.3101,0.145,263.4238,1.8815
600466,蓝光发展,0.46,2.24,37.596,2.194,0.0124,97.561,0.5555
600467,好当家,9.22,29.65,36.1511,91.517,0.2311,308.6445,0.7794
600468,百利电气,3.12,3.3,16.6167,12.5717,0.0396,380.3149,1.2004
600469,风神股份,6.95,1.98,12.7471,60.4414,0.237,3041.3764,11.9269
600470,六国化工,2.02,2.71,10.1214,18.5481,0.082,683.1304,3.0227
600475,华光股份,9.92,6.36,17.6047,82.446,0.322,1295.5058,5.0605
600476,湘邮科技,1.76,4.83,22.413,5.7198,0.0461,118.3576,0.9552
600477,杭萧钢构,2.46,1.26,12.2183,13.7721,0.0556,1090.1433,4.4033
600478,科力远,2.79,2.04,7.6078,8.9385,0.0722,436.2482,3.5267
600479,千金药业,6.69,13.88,55.5357,45.0216,0.2977,324.2872,2.1447
600480,凌云股份,6.89,4.52,22.2921,37.6984,0.1208,832.3203,2.6676
600481,双良节能,5.11,3.53,12.7696,46.9438,0.1534,1328.3126,4.3408
600482,中国动力,3.26,2.32,11.5468,25.8628,0.1186,1114.041,5.1102
600483,福能股份,0.65,0.87,8.8509,4.073,0.0141,465.7552,1.6144
600485,信威集团,2.95,9.17,59.1928,8.217,0.0601,89.5172,0.6551
600486,扬农化工,8.76,4.99,13.7355,40.6085,0.406,813.2189,8.1321
600487,亨通光电,3.28,6.22,20.6412,33.5284,0.2018,538.9615,3.2444
600488,天药股份,1.25,5.03,22.959,17.8952,0.0329,355.0769,0.654
600489,中金黄金,13.78,4.28,15.6819,123.0463,0.4394,2871.111,10.2539
600490,鹏欣资源,1.08,3.07,25.9084,3.1599,0.0239,102.7099,0.7781
600491,龙元建设,6.72,3.06,10.9277,88.4007,0.2273,2884.4095,7.4187
600493,凤竹纺织,2.88,5.48,16.9432,15.6217,0.0918,284.9149,1.6759
600495,晋西车轴,4.37,3.59,12.3945,19.1033,0.1856,531.7285,5.1669
600496,精工钢构,6.35,4.04,17.3906,44.2128,0.1922,1092.9582,4.7519
600497,驰宏锌锗,27.61,22.93,35.0005,664.4219,1.7036,2896.5898,7.4271
600498,烽火通信,1.98,4.58,28.4203,45.2082,0.1102,986.5063,2.4061
600499,科达洁能,8.75,7.3,21.7086,42.29,0.2832,579.0606,3.8782
600500,中化国际,9.85,3.65,7.4809,311.7559,0.2478,8529.4058,6.7817
600501,航天晨光,1.49,2.93,23.6459,15.2059,0.0468,518.4152,1.598
600502,安徽水利,2.29,1.72,14.0534,12.5107,0.0801,724.0927,4.6416
600503,华丽家族,-4.32,-7.07,2.1106,-4.6119,-0.0419,65.2064,0.5927
600505,西昌电力,9.71,10.2,52.6024,14.1473,0.0388,138.6401,0.3802
600506,香梨股份,-1.77,-114.28,4.9876,-6.9281,-0.0469,6.062,0.041
600507,方大特钢,7.79,2.03,5.8155,123.9278,0.181,6094.0214,8.903
600508,上海能源,11.67,11.8,29.4998,305.5153,0.4227,2588.525,3.5816
600509,天富能源,4.17,6.01,27.4242,29.4707,0.1161,489.6442,1.9305
600510,黑牡丹,3.5,7.44,15.1415,35.8945,0.0818,482.2047,1.0999
600511,国药股份,12.05,4.33,10.0076,73.6155,0.5535,1696.533,12.7558
600512,腾达建设,5.46,4.47,16.1495,29.4424,0.0921,657.604,2.0584
600513,联环药业,1.88,5.21,46.3772,4.9432,0.0823,94.8771,1.5812
600515,海航基础,,-6.64,30.2036,-9.1217,-0.0308,137.3327,0.4646
600516,方大炭素,6.9,6.35,26.2882,43.1801,0.1079,679.8428,1.6996
600517,置信电气,22.02,14.05,22.3544,71.5431,0.3584,508.918,2.55
600518,康美药业,5.19,10.55,25.531,63.0663,0.1437,597.5043,1.3622
600519,贵州茅台,13.85,32.32,85.1958,849.7237,0.9003,2629.0889,2.7856
600520,*ST中发,2.07,4.51,27.2276,5.7866,0.0511,128.2119,1.1342
600521,华海药业,8.22,20.77,50.3855,74.244,0.3225,357.4464,1.5529
600522,中天科技,5.98,5.16,16.7877,41.0563,0.1516,794.8824,2.9352
600523,贵航股份,3.87,3.93,20.2011,19.1027,0.0892,485.8988,2.2706
600525,长园集团,7.02,14.82,34.8923,50.3828,0.3931,339.9546,2.6529
600526,菲达环保,0.78,0.62,15.2736,3.7724,0.0269,602.9557,4.3068
600527,江南高纤,4.61,8.48,15.3424,27.9593,0.1193,329.3527,1.4063
600528,中铁工业,4.1,1.71,7.0048,142.4956,0.1562,8307.976,9.1096
600529,山东药玻,4.28,11.08,31.0225,53.687,0.2085,484.5374,1.8825
600530,交大昂立,1.6,4.73,39.2971,15.1734,0.0632,320.3703,1.3348
600531,豫光金铅,8.71,2.53,7.4279,74.2481,0.3252,2933.7762,12.8522
600532,宏达矿业,1.76,1.79,17.8619,6.7254,0.0574,374.9055,3.2043
600533,栖霞建设,11.26,15.28,36.4037,163.2007,0.4029,1067.7388,2.6363
600535,天士力,3.94,5.17,32.8631,67.2059,0.1377,1297.4868,2.6587
600536,中国软件,5.15,3.62,34.795,26.5887,0.1648,734.4334,4.5529
600537,亿晶光电,2.48,6.53,25.2218,12.1243,0.0527,185.6127,0.8068
600538,国发股份,0.17,0.2,23.76,0.805,0.0028,395.6961,1.4171
600539,ST狮头,0.81,3.57,18.2363,7.2663,0.0315,203.1689,0.8833
600540,新赛股份,4.72,6.4,12.6174,27.7668,0.1542,433.4689,2.4081
600543,莫高股份,3.06,7.5,36.9418,15.7807,0.114,210.3808,1.52
600545,新疆城建,0.86,1.87,23.3775,5.3862,0.0335,287.9169,1.7934
600546,*ST山煤,1.95,0.98,7.5364,12.4154,0.0413,1263.3502,4.2111
600547,山东黄金,13.05,3.1,10.0065,92.6092,0.5788,2984.3117,18.6519
600548,深高速,6.66,85.71,70.5218,444.4069,0.2037,518.4487,0.2377
600549,厦门钨业,4.68,3.65,13.1237,78.5152,0.1496,2149.9137,4.0981
600550,保变电气,8.08,12.41,16.8675,183.941,0.2519,1481.037,2.0288
600551,时代出版,0.62,1.61,34.2896,0.8298,0.011,51.5019,0.6866
600552,凯盛科技,3.98,2.8,18.6896,6.9723,0.0595,248.4756,2.1237
600555,海航创新,2.58,10.69,22.5047,51.7023,0.1189,483.4411,1.1126
600556,ST慧球,-5.31,-109.42,10.9158,-38.2686,-0.126,34.9722,0.1151
600557,康缘药业,7.37,8.02,54.5862,35.8383,0.2296,446.3736,2.8602
600558,大西洋,7.04,5.07,13.6688,42.8123,0.3567,843.8419,7.032
600559,老白干酒,0.45,0.79,44.4977,1.5092,0.0107,188.7556,1.3482
600560,金自天正,3.66,6.84,17.3459,14.8741,0.1496,217.2048,2.1852
600561,江西长运,10.19,12.64,31.3487,45.3317,0.244,358.3972,1.9297
600562,国睿科技,0.33,0.89,19.5062,1.1727,0.0139,131.2568,1.5609
600563,法拉电子,8.0,23.19,39.2628,62.7442,0.2788,270.4621,1.202
600565,迪马股份,17.96,27.77,27.4463,77.5332,0.4845,279.1226,1.7445
600566,济川药业,1.28,6.51,27.375,6.3582,0.0598,97.531,0.9174
600567,山鹰纸业,2.86,3.87,14.4799,34.689,0.0812,894.4964,2.0961
600568,中珠医疗,3.04,1.08,9.7538,11.1999,0.0892,1030.1816,8.2108
600569,安阳钢铁,6.35,4.12,11.239,431.0226,0.2135,10455.8301,5.1806
600570,恒生电子,9.28,20.35,50.4171,37.6052,0.2025,184.7673,0.9952
600571,信雅达,1.56,3.88,41.1595,5.5384,0.0284,142.7154,0.7335
600572,康恩贝,5.51,7.2,53.4246,30.4333,0.2218,422.5089,3.0795
600573,惠泉啤酒,1.67,3.27,28.6884,16.3241,0.0652,498.2417,1.9929
600575,皖江物流,3.32,21.05,51.2566,16.8895,0.0949,80.2019,0.4508
600576,万家文化,0.55,2.68,76.0643,2.4778,0.0113,92.1566,0.4225
600577,精达股份,4.71,1.07,5.8412,29.8819,0.1826,2778.2015,16.9816
600578,京能电力,5.85,11.31,22.4434,94.2213,0.1643,832.7502,1.4524
600579,天华院,1.09,0.46,7.3189,3.8514,0.015,835.1727,3.2674
600580,卧龙电气,4.89,6.59,17.9809,43.7174,0.1543,662.5919,2.3387
600581,*ST八钢,5.41,2.25,11.8693,134.5337,0.2281,5967.8557,10.1222
600582,天地科技,10.28,9.01,29.316,108.4991,0.4826,1204.1519,5.3565
600583,海油工程,13.22,16.92,19.5376,443.0391,0.4661,2618.0249,2.7546
600584,长电科技,3.26,4.8,22.1216,48.717,0.1307,1014.3796,2.7224
600585,海螺水泥,9.42,10.54,29.2456,881.1161,0.5624,8355.053,5.3338
600586,金晶科技,11.93,14.47,27.3901,91.2561,0.4094,630.2946,2.8283
600587,新华医疗,2.03,4.42,24.3563,11.671,0.1128,263.9732,2.5534
600588,用友网络,11.57,28.47,91.5421,149.9238,0.6673,526.4885,2.3436
600589,广东榕泰,6.67,15.36,24.2111,69.7202,0.1961,453.822,1.2765
600590,泰豪科技,3.29,4.22,21.577,28.5541,0.1454,676.3919,3.4451
600592,龙溪股份,7.34,16.54,35.6527,48.9066,0.326,295.6314,1.9708
600593,大连圣亚,-2.53,-19.15,19.9333,-6.4693,-0.0703,33.7665,0.367
600594,益佰制药,11.43,12.57,74.2985,54.0847,0.4484,430.2563,3.5676
600595,中孚实业,16.51,11.57,21.4506,330.4238,1.0054,2854.4782,8.686
600596,新安股份,15.62,11.26,27.528,182.0102,0.6346,1616.3068,5.6359
600597,光明乳业,4.56,2.62,32.1125,101.7817,0.0976,3874.1272,3.7183
600598,北大荒,7.52,10.96,30.1301,275.0164,0.1682,2508.8941,1.5351
600599,熊猫金控,2.38,5.32,23.7053,4.6086,0.0365,86.5734,0.687
600600,青岛啤酒,6.91,5.36,41.1326,366.806,0.2803,6833.519,5.2235
600601,方正科技,3.47,2.37,8.8186,89.5498,0.0721,3777.9874,3.0436
600602,云赛智联,0.3,0.86,-1.9892,8.8658,0.0077,1022.8172,0.8922
600603,广汇物流,,54.08,73.5351,2.9086,0.0149,5.3774,0.0276
600604,市北高新,0.62,0.92,9.6598,4.0528,0.0071,439.4598,0.7758
600605,汇通能源,0.79,0.36,3.9248,1.9413,0.0131,533.9266,3.6236
600606,绿地控股,4.48,11.5,30.4906,56.6601,0.1597,492.5026,1.3882
600608,*ST沪科,50.99,39.06,15.7586,93.9804,0.2857,240.5509,0.7314
600609,金杯汽车,4.51,1.84,10.6409,30.3454,0.0277,1645.4471,1.5058
600610,中毅达,38.11,93.44,8.4178,92.7255,0.2596,99.2286,0.2778
600611,大众交通,8.72,10.43,20.6801,304.6992,0.2899,2920.6078,2.7796
600612,老凤祥,8.32,1.66,8.8105,53.5366,0.2126,3211.8914,12.7567
600613,神奇制药,6.96,33.1,53.8814,12.8117,0.0866,38.6987,0.2616
600614,鹏起科技,43.91,4.67,27.4086,32.7543,0.2307,700.5061,4.9356
600615,丰华股份,-10.17,-292.95,37.3854,-15.7302,-0.0836,5.3696,0.0285
600616,金枫酒业,10.73,3.05,17.4474,80.2329,0.2194,2626.1695,7.1839
600617,国新能源,-21.44,-4.68,14.6074,-3.4868,-0.0208,74.4216,0.4451
600618,氯碱化工,1.04,1.18,11.7161,28.1129,0.0243,2368.69,2.0483
600619,海立股份,4.45,2.37,11.8097,65.2837,0.1429,2753.6119,6.0303
600620,天宸股份,3.5,34.08,26.2133,18.3758,0.0574,53.9165,0.1684
600621,华鑫股份,6.56,10.1,9.6907,64.3705,0.1228,637.1412,1.2157
600622,嘉宝集团,12.95,18.82,35.923,102.5754,0.3073,544.9647,1.6331
600623,华谊集团,5.04,2.14,15.5319,80.1068,0.09,3741.6104,4.2065
600624,复旦复华,2.32,4.96,36.6021,11.5525,0.0334,232.736,0.6742
600626,申达股份,6.52,4.64,7.916,105.2301,0.2222,2266.5917,4.7869
600628,新世界,4.73,7.88,34.2431,73.8341,0.1388,935.933,1.7599
600629,华建集团,88.44,15.92,41.9757,15.66,0.1034,98.3371,0.6496
600630,龙头股份,1.01,0.76,13.0428,13.0486,0.0307,1707.6085,4.0192
600633,浙报传媒,1.18,1.32,13.7118,2.1431,0.014,161.2343,1.0603
600634,富控互动,0.1,1.78,30.6151,0.2183,0.0025,12.2151,0.14
600635,大众公用,6.68,9.78,11.4497,132.4187,0.1062,1353.3508,1.086
600636,*ST爱富,6.87,3.87,13.6574,52.3739,0.1659,1350.5569,4.2784
600637,东方明珠,0.34,0.44,8.6239,8.1844,0.0127,1839.9854,2.8552
600638,新黄浦,4.32,25.6,28.8243,100.8338,0.1796,393.8771,0.7018
600639,浦东金桥,3.96,23.42,47.1156,107.247,0.127,457.8346,0.5422
600640,号百控股,4.87,57.66,0.3508,56.9637,0.1419,98.7779,0.2461
600641,万业企业,12.41,145.01,32.6373,285.8548,0.6382,197.1205,0.4401
600642,申能股份,8.63,26.72,28.7896,1072.2655,0.371,4012.243,1.3884
600643,爱建集团,22.87,80.81,12.8401,220.5837,0.4788,272.9504,0.5924
600644,乐山电力,6.01,11.06,36.4817,32.5297,0.0996,294.0315,0.9006
600645,中源协和,-2.76,-1.03,43.5752,-2.0638,-0.0063,199.7879,0.6146
600647,同达创业,-1.34,-2.64,22.509,-0.6881,-0.0128,26.0373,0.4865
600648,外高桥,-1.89,-10.07,22.5099,-21.2095,-0.0284,210.4958,0.2825
600649,城投控股,3.98,49.19,45.1669,265.4771,0.1408,539.6275,0.2863
600650,锦江投资,10.84,20.75,28.3337,163.4406,0.2962,787.4295,1.4275
600651,飞乐音响,3.93,4.54,17.8497,31.1052,0.0555,684.5166,1.2225
600652,游久游戏,1.75,2.1,31.8778,15.2163,0.039,721.6436,1.8526
600653,申华控股,0.74,0.72,7.4819,9.9769,0.0068,1371.9564,0.9427
600654,中安消,1.45,2.5,15.937,18.1197,0.0239,724.1542,0.959
600655,豫园商城,8.08,7.48,17.0753,205.449,0.3396,2743.3897,4.535
600657,信达地产,-70.18,-19.09,15.9649,-93.2957,-0.1877,488.6421,0.9831
600658,电子城,-6.12,-5.04,14.0464,-10.2719,-0.0615,203.4783,1.2182
600660,福耀玻璃,14.07,18.33,37.6881,416.704,0.416,2272.8388,2.2694
600661,新南洋,2.07,3.12,16.2975,7.7728,0.0447,248.631,1.4315
600662,强生控股,6.57,13.33,31.6873,90.1984,0.1441,676.2634,1.0806
600663,陆家嘴,4.46,32.26,52.2055,324.9121,0.1739,1007.0611,0.5392
600664,哈药股份,4.35,4.6,30.1358,202.6222,0.1631,4397.9759,3.541
600665,天地源,2.86,11.18,31.9295,39.3252,0.0546,351.5914,0.4882
600666,奥瑞德,7.08,9.22,34.97,22.284,0.1497,241.5721,1.6235
600667,太极实业,2.4,2.12,15.0059,13.6412,0.0369,642.5553,1.7422
600668,尖峰集团,0.39,0.5,12.7863,3.3477,0.0097,658.5854,1.914
600671,天目药业,2.41,3.78,32.5424,5.3316,0.0437,140.9922,1.1577
600673,东阳光科,5.91,3.18,7.2754,15.1118,0.1192,475.018,3.7481
600674,川投能源,5.86,28.6,25.5933,51.6802,0.1338,180.6426,0.4677
600675,中华企业,12.6,20.7,60.0127,348.038,0.3838,1680.7129,1.8536
600676,交运股份,3.59,6.36,18.2615,40.6274,0.1045,637.8001,1.6412
600677,航天通信,67.43,30.21,11.8459,421.7494,1.293,1395.7618,4.2792
600678,四川金顶,2.23,4.75,30.4369,9.2298,0.0396,194.0879,0.8342
600679,上海凤凰,-0.16,-0.11,8.6675,-1.0139,-0.0028,873.9317,2.4713
600680,ST上普,0.57,1.22,18.8701,4.617,0.0151,378.0643,1.2398
600681,百川能源,,-414.44,37.2163,-18.8823,-0.0907,4.556,0.0218
600682,南京新百,5.48,6.19,23.2436,50.8603,0.2209,820.4826,3.564
600683,京投发展,2.48,4.66,12.3268,11.5723,0.0492,247.8341,1.0536
600684,珠江实业,0.49,3.03,32.0781,3.321,0.0177,109.5857,0.5858
600685,中船防务,25.84,19.28,17.1798,465.135,0.9402,2412.3914,4.8766
600686,金龙汽车,8.87,1.56,11.9778,92.8136,0.3145,5942.1658,20.1385
600687,刚泰控股,2.9,2.82,11.1604,5.9396,0.0468,210.3107,1.6574
600688,上海石化,8.28,6.51,11.9208,1751.897,0.2433,26883.431,3.7338
600689,上海三毛,-15.25,-5.98,3.4414,-37.349,-0.1858,623.7261,3.1032
600690,青岛海尔,5.87,2.12,21.2119,363.7555,0.2717,17115.6546,12.787
600691,阳煤化工,,82.11,17.0401,14.4977,0.1266,17.6563,0.1542
600692,亚通股份,2.72,6.52,23.2081,13.0889,0.045,200.4744,0.6895
600693,东百集团,6.05,4.95,22.2515,25.667,0.1944,518.3512,3.9266
600694,大商股份,9.57,3.52,20.1,264.2197,0.8995,7505.1346,25.5521
600695,绿庭投资,5.89,2.92,12.5768,12.59,0.0186,429.7154,0.6353
600696,*ST匹凸,0.94,2.67,16.3648,4.1622,0.0122,155.3113,0.456
600697,欧亚集团,4.99,2.87,14.3238,33.4258,0.2101,1161.7115,7.3023
600698,湖南天雁,0.53,0.26,10.4137,2.6341,0.0027,1009.8706,1.0391
600699,均胜电子,-10.21,-20.68,10.5068,-26.6048,-0.1432,128.6076,0.6924
600701,工大高新,-0.48,-3.83,26.6616,-4.274,-0.0085,111.5684,0.2236
600702,沱牌舍得,1.59,6.35,42.6226,27.251,0.0807,428.5071,1.2704
600703,三安光电,,-6224.33,32.1248,-27.5793,-0.2307,0.4431,0.0037
600704,物产中大,3.47,2.58,13.6092,41.9286,0.1118,1621.1533,4.3259
600705,中航资本,,-245.59,3.8183,-149.7539,-0.1528,60.9748,0.0622
600706,曲江文旅,-344.12,-8.93,27.3157,-7.9528,-0.091,88.9793,1.0188
600707,彩虹股份,-2.68,-5.28,2.4178,-36.3633,-0.0863,688.0498,1.6337
600708,光明地产,6.95,7.13,24.1484,62.0487,0.1337,869.1828,1.8733
600710,*ST常林,5.7,5.76,12.3789,58.5147,0.1564,1015.6245,2.7155
600711,盛屯矿业,,52.96,80.5325,11.1045,0.1634,20.9653,0.3086
600712,南宁百货,2.65,0.76,16.0683,4.4395,0.0306,583.3543,4.0322
600713,南京医药,4.06,0.44,6.8747,20.2319,0.0806,4595.606,18.3262
600714,金瑞矿业,-6.53,-81.34,-14.8095,-8.9468,-0.0592,10.9989,0.0728
600715,文投控股,7.46,24.64,5.5835,14.4366,0.0643,58.5726,0.2611
600716,凤凰股份,1.16,0.81,9.4516,5.3403,0.0095,655.0767,1.1754
600717,天津港,6.17,21.06,42.5107,273.6018,0.1888,1298.9994,0.8965
600718,东软集团,5.69,7.28,33.2146,85.4506,0.3036,1173.762,4.1703
600719,大连热电,3.64,7.43,25.5494,26.73,0.1321,359.5014,1.777
600720,祁连山,1.53,2.72,26.0595,13.7403,0.0347,504.7533,1.2749
600721,百花村,-2.34,-3.53,68.3496,-0.6597,-0.0069,18.6491,0.1967
600722,金牛化工,,-61.86,-10.6087,-141.7926,-0.3364,229.2083,0.5438
600723,首商股份,1.02,1.1,22.7213,11.089,0.027,1001.1009,2.4433
600724,宁波富达,1.93,1.94,16.6362,13.4257,0.0301,689.7332,1.551
600725,ST云维,4.31,4.29,13.9912,21.8729,0.1325,508.7416,3.0832
600726,华电能源,0.92,1.94,11.1246,32.0024,0.0233,1643.5884,1.2005
600727,鲁北化工,0.02,0.16,3.9417,0.642,0.0018,392.9053,1.1194
600728,佳都科技,,-10.18,47.2009,-8.9167,-0.0428,87.5303,0.4204
600729,重庆百货,8.32,2.06,15.012,59.6158,0.2922,2892.3443,14.1781
600730,中国高科,7.62,4.47,4.1681,50.0118,0.1704,1118.7849,3.8141
600731,湖南海利,0.64,1.19,22.138,3.9079,0.0152,326.7417,1.2747
600732,*ST新梅,-1.71,-108.75,68.1436,-7.1056,-0.0286,6.5338,0.0263
600733,S*ST前锋,1.53,8.99,73.6334,3.965,0.02,44.0603,0.2229
600734,实达集团,,-9.1,18.3477,-19.857,-0.0564,217.9952,0.62
600735,新华锦,70.35,25.35,6.5885,111.7802,0.722,440.8246,2.8474
600736,苏州高新,4.95,6.68,26.1555,83.667,0.1828,1250.9009,2.7343
600737,中粮糖业,7.79,6.04,28.6895,87.656,0.1088,1450.7978,1.8008
600738,兰州民百,-0.84,-0.96,25.6118,-2.6051,-0.0099,271.3305,1.0325
600739,辽宁成大,36.36,46.63,15.1289,1053.1444,1.1738,2258.1419,2.5168
600740,山西焦化,5.31,4.6,18.8056,58.1449,0.2866,1262.0025,6.2213
600741,华域汽车,3.06,4.53,19.2713,114.3304,0.0931,2523.039,2.056
600742,一汽富维,1.33,0.94,1.1946,15.2116,0.0719,1612.1592,7.6216
600743,华远地产,-24.0,-1.08,8.0649,-0.9971,,91.5862,
600744,华银电力,-3.15,-5.16,9.0905,-81.1211,-0.1139,1570.2104,2.2064
600745,中茵股份,,-3201.66,13.3223,-7.8591,-0.0645,0.2455,0.002
600746,江苏索普,1.1,1.31,11.4967,4.3717,0.0142,331.2716,1.081
600747,大连控股,-6.13,-36.1,17.1613,-70.0105,-0.0657,193.885,0.1821
600748,上实发展,2.19,7.92,44.1965,29.5233,0.0502,372.4753,0.6339
600749,西藏旅游,1.64,7.64,29.7435,5.3136,0.0483,69.5082,0.6318
600750,江中药业,10.29,13.96,66.0378,84.1818,0.384,602.7191,2.75
600751,天海投资,,1.59,26.4984,2.8075,0.0056,176.2467,0.3577
600753,东方银星,4.4,22.56,30.4518,6.3599,0.0496,28.1791,0.2201
600754,锦江股份,6.49,32.35,69.573,132.7296,0.22,410.194,0.6799
600755,厦门国贸,9.62,1.97,6.1618,147.3772,0.3207,7462.802,16.2416
600756,浪潮软件,0.35,1.07,30.0485,1.9811,0.0106,184.7398,0.9941
600757,长江传媒,,-32.01,6.8896,-468.0308,-0.8476,1461.9238,2.6475
600758,红阳能源,28.54,79.97,32.6939,58.0238,0.3632,72.553,0.4541
600759,洲际油气,,1.3,2.5168,1.2214,0.0058,93.7076,0.4493
600760,中航黑豹,-0.22,-0.3,10.353,-0.9858,-0.0036,320.804,1.175
600761,安徽合力,9.03,9.62,22.2646,169.7061,0.4754,1763.9929,4.9417
600763,通策医疗,3.5,15.41,55.3195,5.8859,0.0367,38.181,0.2381
600764,中电广通,4.78,2.59,14.9272,25.0352,0.0759,965.639,2.9286
600765,中航重机,7.18,12.59,41.3199,13.6177,0.1254,108.1391,0.9962
600766,园城黄金,23.83,331.44,47.4019,39.5242,0.2309,11.9247,0.0696
600767,运盛医疗,1.43,18.71,44.0527,5.2249,0.0153,27.9124,0.0818
600768,宁波富邦,0.85,0.31,5.1171,1.6539,0.0123,517.3547,3.8681
600769,祥龙电业,0.57,0.95,10.8084,4.5415,0.0121,476.9792,1.272
600770,综艺股份,6.36,11.54,20.6096,44.0894,0.1088,382.0004,0.9432
600771,广誉远,4.2,5.91,62.8137,12.5286,0.0513,211.7754,0.8686
600773,西藏城投,-5.1,-20.17,59.2229,-3.2315,-0.0141,16.0211,0.07
600774,汉商集团,0.38,0.61,28.8838,1.6592,0.0095,270.1169,1.5472
600775,南京熊猫,2.31,10.14,17.2243,32.3327,0.0493,318.5543,0.4863
600776,东方通信,1.7,0.51,1.6877,37.1174,0.0295,7156.4505,5.6978
600777,新潮能源,-2.13,-6.01,1.4102,-30.3371,-0.0679,504.0511,1.1283
600778,友好集团,1.67,1.88,20.4286,12.6758,0.0406,672.5953,2.1592
600779,水井坊,5.82,13.94,73.8632,67.6593,0.1384,485.1779,0.9931
600780,通宝能源,11.24,16.07,22.8498,177.951,0.2038,1106.9322,1.268
600781,辅仁药业,7.65,7.83,39.1001,9.2126,0.0518,117.63,0.6623
600782,新钢股份,6.43,4.36,14.4199,22.3459,0.1156,511.9132,2.6493
600783,鲁信创投,1.73,1.25,15.4372,5.5718,0.0275,445.1566,2.2007
600784,鲁银投资,3.61,0.68,6.9537,12.7324,0.0512,1845.7337,7.4332
600785,新华百货,9.14,4.18,19.2036,56.8218,0.4602,1359.2783,11.0088
600787,中储股份,3.02,1.02,6.5118,48.8816,0.0787,4775.3783,7.6938
600789,鲁抗医药,0.82,1.66,16.6039,11.7943,0.0202,708.7505,1.2186
600790,轻纺城,4.65,11.32,39.3312,51.0117,0.1071,450.5532,0.9465
600791,京能置业,3.09,6.43,29.4322,18.5318,0.0654,288.1711,1.018
600792,云煤能源,-52.74,-9.48,4.2319,-54.3542,-0.4306,572.9041,4.5387
600793,宜宾纸业,-22.95,-10.37,-0.2007,-29.4524,-0.2797,283.9072,2.6961
600794,保税科技,5.11,20.37,67.8376,10.0551,0.0648,49.3493,0.3183
600795,国电电力,6.31,7.61,22.4231,590.4507,0.2318,7757.5556,3.0458
600796,钱江生化,5.38,12.54,20.8088,26.4087,0.0963,210.439,0.768
600797,浙大网新,5.14,2.83,11.0769,70.7798,0.087,2495.1357,3.0688
600798,宁波海运,7.26,14.8,29.194,76.8996,0.1502,519.4626,1.0148
600800,天津磁卡,5.56,10.49,17.8569,9.6803,0.0175,92.2663,0.1672
600801,华新水泥,7.57,5.26,22.6944,109.5883,0.3337,2079.6677,6.3327
600802,福建水泥,1.99,6.29,27.4559,36.1744,0.0947,574.595,1.5046
600803,新奥股份,4.88,4.24,20.912,18.0975,0.0765,426.0907,1.802
600804,鹏博士,2.34,7.46,20.068,32.3938,0.111,433.7361,1.4864
600805,悦达投资,1.74,3.65,31.1278,29.1222,0.0533,796.8422,1.4609
600806,*ST昆机,13.33,17.12,31.6378,94.3439,0.333,550.9801,1.9452
600807,天业股份,2.64,9.29,48.8386,8.0676,0.0502,86.7862,0.5404
600808,马钢股份,5.14,5.16,11.5713,1086.0828,0.1682,21026.712,3.2572
600809,山西汾酒,17.29,20.51,78.1253,194.6858,0.4496,948.8864,2.1918
600810,神马股份,0.6,0.83,7.816,16.2858,0.0368,1946.9284,4.402
600811,东方集团,2.06,7.45,17.9863,84.9901,0.0954,1140.0965,1.2804
600812,华北制药,0.99,0.65,22.9669,12.8692,0.0125,1976.4499,1.9215
600814,杭州解百,7.28,5.07,20.1648,34.6554,0.1116,682.7727,2.1997
600815,厦工股份,9.68,3.6,14.5251,102.4486,0.1899,2842.275,5.2703
600816,安信信托,0.38,8.48,0.2805,1.2022,0.0026,14.1634,0.0311
600817,*ST宏盛,10.17,1.25,5.1918,34.1504,0.2652,2712.9736,21.0752
600818,中路股份,5.12,2.63,17.4231,14.1544,0.0532,536.608,2.0199
600819,耀皮玻璃,2.54,4.54,15.906,51.5927,0.0705,1136.0519,1.5535
600820,隧道股份,3.99,2.35,11.747,82.6523,0.1398,3507.1244,5.9329
600821,津劝业,0.74,0.56,5.5353,4.8963,0.0117,867.7681,2.0846
600822,上海物贸,4.98,0.22,1.3906,36.698,0.1452,16304.0424,64.5141
600823,世茂股份,2.44,5.65,43.1666,22.694,0.0474,401.4487,0.8392
600824,益民集团,3.91,10.08,43.4773,41.5625,0.0817,412.265,0.811
600825,新华传媒,3.38,3.95,24.814,29.1746,0.111,738.449,2.8117
600826,兰生股份,1.82,1.16,5.0146,10.942,0.039,936.4094,3.3392
600827,百联股份,5.68,1.3,20.3333,148.0091,0.3448,11327.9117,26.3932
600828,茂业商业,13.33,3.94,17.7097,27.9704,0.1376,709.3379,3.4917
600829,人民同泰,9.26,10.22,45.0247,100.991,0.2612,988.054,2.5558
600830,香溢融通,6.51,5.79,8.0584,37.0316,0.1016,639.0587,1.7541
600831,广电网络,1.09,8.61,22.8317,11.9362,0.0572,138.5108,0.6647
600833,第一医药,4.07,2.27,19.5149,10.1619,0.0637,446.3089,2.8008
600834,申通地铁,6.52,14.47,23.3671,60.623,0.1269,418.76,0.8772
600835,上海机电,7.8,7.07,20.8448,297.8042,0.3494,4210.7497,4.9405
600836,界龙实业,1.02,1.64,22.2106,4.0955,0.0235,249.6954,1.4333
600837,海通证券,30.55,42.93,69.2023,2040.8352,0.6021,4753.2597,1.4024
600838,上海九百,0.53,2.7,37.9058,3.0072,0.0075,111.2989,0.2776
600839,四川长虹,2.07,1.81,12.8291,192.7052,0.1015,10643.1402,5.6069
600841,上柴股份,0.18,0.19,16.0945,3.3103,0.0068,1738.0986,3.6187
600843,上工申贝,2.25,1.0,24.1832,12.3939,0.0276,1238.5481,2.7591
600844,丹化科技,6.28,8.23,29.0879,8.6391,0.0283,104.8929,0.3444
600845,宝信软件,10.01,6.88,24.9769,58.3871,0.2226,848.0987,3.234
600846,同济科技,2.72,4.49,25.413,14.2491,0.0512,316.6562,1.1386
600847,万里股份,-34.62,-18.24,3.4798,-7.9555,-0.0897,43.6057,0.4918
600848,上海临港,3.48,0.99,19.0379,5.1616,0.0129,521.2232,1.3053
600850,华东电脑,-0.34,-0.11,11.1229,-0.7628,-0.0044,659.7157,3.8572
600851,海欣股份,0.17,0.59,16.72,3.5852,0.0029,606.5106,0.5024
600853,龙建股份,-1.19,-1.54,13.046,-8.3295,-0.0155,540.7202,1.0072
600854,春兰股份,0.33,0.61,21.9203,8.1438,0.0156,1326.5899,2.5537
600855,航天长峰,1.02,4.46,29.1151,6.0568,0.0206,135.5563,0.4632
600856,中天能源,2.86,3.88,28.5799,5.2719,0.0224,135.7285,0.5779
600857,宁波中百,5.34,4.16,20.5964,20.8385,0.0928,500.2289,2.2299
600858,银座股份,18.17,4.32,17.9231,59.3541,0.4891,1371.7373,11.3042
600859,王府井,6.49,2.67,19.0924,113.7366,0.2894,4252.7727,10.822
600860,*ST京城,0.96,2.02,22.2765,11.2212,0.0265,555.3008,1.3158
600861,北京城乡,1.87,4.18,21.0822,34.5173,0.1089,825.3167,2.6051
600862,中航高科,37.05,29.48,19.9788,65.2891,0.2738,221.4084,0.9285
600863,内蒙华电,3.01,3.56,13.1088,125.5093,0.0633,3518.9062,1.7761
600864,哈投股份,11.67,93.11,23.6771,274.196,1.0036,294.4697,1.0778
600865,百大集团,6.26,5.96,18.1927,45.8225,0.1698,767.7724,2.8466
600866,*ST星湖,0.68,1.7,19.5654,6.1005,0.0117,357.1719,0.6854
600867,通化东宝,3.6,24.38,48.5437,47.2946,0.1283,193.9341,0.5261
600868,梅雁吉祥,1.48,8.95,33.198,31.5991,0.0166,353.0365,0.1859
600869,智慧能源,2.13,4.04,21.6209,3.1869,0.0265,78.7971,0.6566
600870,厦华电子,-123.38,-5.72,5.951,-177.2472,-0.4779,3094.8095,8.3458
600871,石化油服,0.59,0.58,5.7034,50.029,0.0125,8482.657,2.1206
600872,中炬高新,2.57,6.55,25.1124,36.2041,0.0499,552.6874,0.7631
600873,梅花生物,2.09,1.31,21.1925,4.2876,0.0396,325.6102,3.0083
600874,创业环保,4.06,23.28,58.2503,110.585,0.0788,474.882,0.3385
600875,东方电气,15.87,16.03,25.3338,436.6648,0.9703,2723.0501,6.0512
600876,洛阳玻璃,-25.57,-9.25,5.8742,-63.875,-0.1277,689.827,1.3796
600877,中国嘉陵,0.49,0.23,8.0677,4.336,0.0063,1871.3362,2.7228
600879,航天电子,4.82,15.81,37.7609,115.9489,0.2144,733.3342,1.3562
600880,博瑞传播,13.62,19.37,54.2743,64.6381,0.3546,333.5757,1.8302
600881,亚泰集团,10.62,17.12,26.0719,303.7259,0.262,1773.9483,1.5305
600882,广泽股份,1.66,1.93,15.824,9.2855,0.0434,479.4986,2.2435
600883,博闻科技,5.3,32.8,24.3937,15.6041,0.066,47.562,0.2014
600884,杉杉股份,3.9,5.68,19.8972,57.1053,0.1389,1004.099,2.4439
600885,宏发股份,0.8,0.57,16.2984,1.1421,0.0074,198.1924,1.2891
600886,国投电力,11.48,8.98,26.9655,307.7272,0.3782,3425.7051,4.2111
600887,伊利股份,8.11,2.43,27.227,227.3533,0.4402,9354.1496,18.1117
600888,新疆众和,8.75,10.05,33.7171,48.8295,0.2948,485.6026,2.9325
600889,南京化纤,2.25,4.16,21.8882,15.3631,0.072,368.925,1.73
600890,中房股份,-3.96,-892.03,44.808,-14.5044,-0.025,1.626,0.0028
600891,秋林集团,-10.07,-18.73,37.1535,-15.0293,-0.0617,80.2055,0.3292
600892,大晟文化,,-5.78,1.4786,-3.8758,-0.0767,67.0371,1.3274
600893,中航动力,4.55,4.73,18.5116,29.3278,0.1248,619.3949,2.6367
600894,广日股份,1.32,0.77,,21.4873,0.0281,2778.7096,3.6446
600895,张江高科,5.87,43.5,37.8961,157.2735,0.1293,361.494,0.2973
600896,览海投资,8.78,24.92,33.1509,101.0823,0.226,405.5541,0.9069
600897,厦门空港,7.13,41.78,58.0565,80.7619,0.2711,193.2733,0.6489
600898,三联商社,-0.54,-0.22,5.472,-1.8733,-0.0086,821.8865,3.7836
600900,长江电力,6.32,66.2,67.5675,2252.4722,0.2393,3402.3984,0.3614
600958,东方证券,29.13,51.79,68.9849,1570.7989,0.51,3032.921,0.9847
600960,渤海活塞,2.39,2.09,16.8456,14.3392,0.132,685.4704,6.3148
600961,株冶集团,9.04,2.49,7.5357,183.5526,0.3479,7368.3756,13.9695
600962,国投中鲁,11.92,9.08,22.3549,68.337,0.4141,752.041,4.5578
600963,岳阳林纸,1.14,3.53,17.5216,33.1199,0.0761,936.8732,2.1547
600965,福成股份,1.12,2.37,11.7181,5.6402,0.0201,237.7001,0.8507
600966,博汇纸业,4.19,4.33,16.5579,61.5697,0.2192,1420.8459,5.0599
600967,北方创业,2.0,1.21,5.3266,9.9021,0.0761,813.8363,6.2602
600969,郴电国际,4.92,5.36,24.8123,30.7422,0.1462,573.0981,2.7255
600970,中材国际,13.02,1.84,10.0381,109.2649,0.6503,5913.9943,35.2023
600971,恒源煤电,11.0,18.08,36.432,110.8803,0.5885,613.1526,3.2545
600973,宝胜股份,7.61,3.2,13.6671,57.5157,0.3686,1792.0234,11.4873
600975,新五丰,1.11,2.2,7.7509,5.0634,0.0505,229.4752,2.2912
600976,健民集团,0.83,0.73,10.354,6.0222,0.0392,820.3371,5.3477
600978,宜华生活,4.51,13.48,25.9206,101.79,0.2203,754.5643,1.6335
600979,广安爱众,2.57,5.54,34.8626,10.5126,0.053,189.667,0.9569
600980,北矿科技,-4.1,-10.39,6.077,-14.5631,-0.112,140.1433,1.078
600981,汇鸿集团,4.21,1.48,7.076,30.3095,0.1115,2045.0306,7.5285
600982,宁波热电,5.11,4.63,11.7993,18.7196,0.1114,403.9883,2.4046
600983,惠而浦,6.29,12.21,46.2193,34.2108,0.1027,280.0896,0.8411
600984,建设机械,0.65,1.07,17.2032,2.3092,0.0163,214.7081,1.5167
600985,雷鸣科化,3.56,10.73,32.9918,10.3178,0.1146,96.1044,1.0678
600986,科达股份,1.35,2.97,24.0156,7.8858,0.0564,265.145,1.898
600987,航民股份,5.08,6.68,13.7208,52.7178,0.1618,789.1362,2.4221
600988,赤峰黄金,,-3499.76,81.5379,-8.4589,-0.0848,0.2417,0.0024
600990,四创电子,1.7,5.55,32.3053,5.3602,0.0911,96.4306,1.6399
600992,贵绳股份,2.86,4.45,16.5843,21.6238,0.1315,485.8239,2.9556
600993,马应龙,13.29,33.71,43.4461,89.1449,1.4517,264.3724,4.3054
600995,文山电力,4.0,6.59,23.203,23.5374,0.0885,356.9621,1.3427
600997,开滦股份,10.82,12.44,23.6873,287.9325,0.513,2312.7436,4.121
600999,招商证券,38.85,54.71,69.1822,2414.7831,1.006,4413.0525,1.8385
601001,大同煤业,6.87,10.52,51.9246,244.3613,0.292,2320.6961,2.7731
601002,晋亿实业,1.7,4.04,13.1709,25.6179,0.0346,633.5201,0.8578
601003,柳钢股份,10.48,5.06,14.8018,466.0488,0.3273,9206.4702,6.4662
601005,*ST重钢,5.24,4.59,11.5103,263.9258,0.1522,5741.8522,3.313
601006,大秦铁路,8.6,30.66,52.849,2957.6439,0.2279,9646.3453,0.7433
601007,金陵饭店,2.89,12.1,47.2345,24.4228,0.0814,201.7601,0.6725
601008,连云港,3.85,14.06,39.6884,58.3406,0.1302,414.7758,0.9258
601009,南京银行,12.77,42.34,55.7196,349.3863,0.2895,825.0967,0.6837
601088,中国神华,14.11,25.58,52.0023,9806.0,0.542,38331.0,2.1189
601099,太平洋,15.27,56.73,80.0436,255.2315,0.1698,449.8572,0.2993
601107,四川成渝,4.43,37.38,61.6294,226.2067,0.0884,605.0146,0.2365
601111,中国国航,4.44,5.71,15.9708,1300.297,0.1061,22744.019,1.8564
601118,海南橡胶,6.5,19.21,43.7161,225.5819,0.0717,1174.2355,0.3733
601166,兴业银行,10.52,36.29,50.6631,3642.7023,0.7285,10035.9512,2.0071
601168,西部矿业,26.33,24.7,45.1973,854.6817,0.4444,3459.8162,1.7991
601169,北京银行,,41.7,73.5234,1310.297,0.2606,3142.146,0.6249
601186,中国铁建,,1.7,9.552,1248.719,0.156,73353.069,9.1691
601211,国泰君安,48.92,58.94,72.5004,3921.2033,0.8342,6652.358,1.4153
601229,上海银行,,,,,,,
601318,中国平安,8.63,9.59,10.0974,8063.0,1.0977,84051.0,11.4432
601328,交通银行,7.36,32.77,51.9369,8918.0,0.182,27208.0,0.5553
601333,广深铁路,3.49,15.54,26.5799,735.4038,0.1038,4729.3655,0.6676
601377,兴业证券,56.07,52.69,70.1477,993.151,1.0937,1884.5422,2.0754
601390,中国中铁,16.47,1.81,11.1752,1376.855,0.1075,75678.003,5.9123
601398,工商银行,8.19,35.06,49.4257,40844.0,0.1222,116492.0,0.3487
601555,东吴证券,57.65,57.77,61.9695,613.2589,0.6132,1061.4856,1.0614
601588,北辰实业,2.2,10.65,38.5185,177.9316,0.0528,1669.196,0.4957
601600,中国铝业,10.91,17.47,28.788,6396.641,0.4963,36613.848,2.8412
601601,中国太保,15.11,8.45,10.3641,3823.0,0.5705,45204.0,6.7468
601607,上海医药,3.45,0.88,7.9684,55.8402,0.1177,6315.8631,13.3158
601628,中国人寿,12.32,10.41,12.3049,16873.0,0.5969,162008.0,5.7318
601666,平煤股份,10.74,11.75,22.7131,593.7345,0.5524,5050.9395,4.6997
601688,华泰证券,33.75,46.36,65.9569,1733.6425,0.788,3739.365,1.6997
601699,潞安环能,11.53,10.19,30.8809,460.6623,0.7206,4520.2312,7.0718
601788,光大证券,31.37,67.23,67.6767,2104.49,0.7261,3130.1381,1.0801
601857,中国石油,12.87,19.32,43.1818,75882.0,0.4238,392726.0,2.1937
601866,中远海发,7.19,7.0,11.5943,1223.083,0.1308,17457.9606,1.8678
601872,招商轮船,5.38,39.26,42.9212,470.0297,0.1368,1197.1029,0.3486
601898,中煤能源,7.85,13.45,43.34,2278.083,0.1941,16929.878,1.4428
601899,紫金矿业,,17.82,39.9559,1201.4521,0.0914,6738.6173,0.5127
601918,新集能源,11.99,12.7,30.1896,246.4744,0.1644,1940.2783,1.2949
601919,中远海控,2.64,4.18,11.9568,853.8085,0.0957,20407.2478,2.2879
601939,建设银行,10.5,34.45,50.6384,34221.0,0.1523,99312.0,0.4419
601988,中国银行,7.46,33.66,56.6818,29887.0,0.1177,88771.0,0.3497
601991,大唐发电,7.13,11.98,29.2295,1853.803,0.3178,15465.022,2.6512
601998,中信银行,4.05,26.98,46.8558,3205.0,0.0821,11879.0,0.3043
601999,出版传媒,7.2,9.53,23.4864,40.9711,0.0997,429.5418,1.0453
