code,name,cf_sales,rateofreturn,cf_nm,cf_liabilities,cashflowratio
000001,平安银行,0.7197,0.0052,2.4119,0.0054,
000002,万科A,0.4513,0.0295,4.1468,0.0433,5.5606
000004,国农科技,0.2413,0.0156,,0.0319,3.6657
000005,世纪星源,-0.4133,-0.0031,-1.1526,-0.0068,-0.6855
000006,深振业A,-0.6317,-0.018,-1.9681,-0.0247,-3.9826
000007,全新好,-0.1305,-0.0073,,-0.0064,-0.6956
000008,神州高铁,-0.5054,-0.0155,,-0.2445,-24.4502
000009,中国宝安,0.4729,0.0653,3.7294,0.1177,16.6536
000010,美丽生态,0.1409,0.016,1.3014,0.0246,2.5666
000011,深物业A,1.3781,0.074,9.782,0.0975,15.9891
000012,南玻A,0.2781,0.0225,3.4807,0.0413,5.2866
000014,沙河股份,-0.3384,-0.0114,,-0.0155,-2.0537
000016,深康佳A,0.3075,0.0813,21.9479,0.1376,13.8886
000017,深中华A,0.1325,0.0376,,0.0035,0.3842
000018,神州长城,-0.0969,-0.0033,,-0.0102,-1.2834
000019,深深宝A,0.1879,0.0136,,0.045,4.6103
000020,深华发A,-0.073,-0.0132,-3.239,-0.0257,-5.4618
000021,深科技,0.0193,0.0089,0.9449,0.0475,5.1645
000022,深赤湾A,0.4998,0.0333,1.2437,0.1035,14.5484
000023,深天地A,0.0294,0.0025,,0.0036,0.4824
000025,特力A,0.1124,0.0174,,0.0247,3.2898
000026,飞亚达A,0.2896,0.0564,7.6412,0.1082,12.2081
000027,深圳能源,0.4149,0.0267,3.6867,0.0539,8.7448
000028,国药一致,0.03,0.0157,1.5413,0.019,1.9322
000029,深深房A,-0.2041,-0.0136,-34.7143,-0.031,-4.8196
000030,富奥股份,0.0001,0.0,,0.0,0.0
000031,中粮地产,0.4646,0.0059,,0.0093,1.2344
000032,深桑达A,-0.0292,-0.0071,-0.474,-0.0211,-2.1509
000033,*ST新都,0.0491,0.0015,,0.0046,1.0109
000034,神州数码,0.074,0.0296,,0.0044,0.6724
000035,中国天楹,-0.2932,-0.0008,,-0.0002,-0.0271
000036,华联控股,0.2317,0.0416,0.7128,0.0925,13.885
000037,*ST南电A,0.0554,0.004,,0.0065,0.7097
000038,深大通,,-0.0786,,-0.1079,-14.7809
000039,中集集团,0.2425,0.0301,2.3344,0.0539,8.8425
000040,东旭蓝天,-1.7092,-0.049,,-0.0773,-11.4638
000042,中洲控股,1.0941,0.0363,,0.0529,7.9333
000043,中航地产,-0.7567,-0.0316,,-0.051,-6.3438
000045,深纺织A,0.1055,0.0109,0.6376,0.0508,5.5196
000046,泛海控股,-1.7308,-0.0144,-29.4378,-0.0253,-4.0264
000048,康达尔,0.5941,0.0804,61.929,0.0754,8.2236
000049,德赛电池,-0.35,-0.0758,,-0.1139,-11.3866
000050,深天马A,0.1507,0.0102,,0.017,5.6906
000055,方大集团,-0.015,-0.0016,-0.2534,-0.0029,-0.3705
000056,皇庭国际,-2.0413,-0.0068,-1.5476,-0.0079,-1.4186
000058,深赛格,0.2049,0.0087,2.7246,0.0522,5.2908
000059,华锦股份,0.2133,0.0096,1.6982,0.0148,5.9828
000060,中金岭南,0.1596,0.0218,19.1814,0.0416,7.4125
000061,农产品,0.3386,0.0162,2.3362,0.034,4.1015
000062,深圳华强,0.0126,0.0016,,0.0055,0.5651
000063,中兴通讯,-0.3844,-0.0825,-42.3099,-0.1148,-13.7083
000065,北方国际,0.57,0.0518,117.6553,0.0642,8.455
000066,中国长城,-0.0762,-0.0246,-4.0609,-0.0468,-4.7411
000068,华控赛格,1.4568,0.0817,,0.2044,41.4378
000069,华侨城A,0.8109,0.0229,2.7795,0.0441,4.4541
000070,特发信息,-0.3524,-0.0522,-9.8297,-0.1442,-19.9147
000078,海王生物,-0.1066,-0.0191,-35.7147,-0.0258,-2.8358
000088,盐田港,0.8672,0.0167,0.6999,0.2141,52.1484
000089,深圳机场,0.2872,0.02,0.7419,0.1498,22.0512
000090,天健集团,-0.0262,-0.0027,-0.3008,-0.0046,-0.5573
000096,广聚能源,-0.1993,-0.0214,-5.1829,-0.3681,-36.8108
000099,中信海直,0.1199,0.0088,0.3779,0.0241,8.9843
000100,TCL集团,0.0584,0.021,79.7279,0.0294,3.032
000150,宜华健康,-0.6609,-0.0054,-7.7262,-0.0112,-1.42
000151,中成股份,-1.0023,-0.0914,-15.8393,-0.4665,-48.1366
000153,丰原药业,0.1009,0.018,6.9222,0.0393,3.9585
000155,*ST川化,0.1389,0.0298,1.4674,0.0803,10.7242
000156,华数传媒,0.06,0.0191,0.935,0.0075,0.9178
000157,中联重科,-0.1828,-0.0262,-2.1163,-0.034,-4.6014
000158,常山股份,-0.0609,-0.0068,,-0.0135,-1.733
000159,国际实业,-0.469,-0.0191,-2.1599,-0.0407,-6.3531
000301,东方市场,0.1711,0.0099,1.4553,0.0266,4.0595
000333,美的集团,0.0743,0.0252,1.6854,0.0361,3.7264
000338,潍柴动力,0.1152,0.023,1.7409,0.037,4.0017
000400,许继电气,-0.6875,-0.0537,-25.1197,-0.109,-11.1132
000401,冀东水泥,-0.1072,-0.0048,,-0.0091,-1.5827
000402,金融街,0.498,0.0049,0.9173,0.0101,1.8659
000403,ST生化,0.0689,0.0051,,0.0059,0.7354
000404,华意压缩,-0.0738,-0.0236,-3.6866,-0.0342,-3.7686
000407,胜利股份,-0.1118,-0.0132,-4.1282,-0.0237,-2.5708
000408,*ST金源,2.1471,0.0682,,0.1093,10.9278
000409,山东地矿,,-0.0137,,-0.0706,-7.1105
000410,沈阳机床,-0.221,-0.0268,,-0.0313,-3.4173
000411,英特集团,-0.1857,-0.1235,-22.4778,-0.1511,-15.1719
000413,东旭光电,-0.4751,-0.0307,-81.0815,-0.0915,-9.5427
000415,渤海金控,0.2033,0.0021,,0.0032,0.3583
000416,民生控股,-0.0936,-0.0176,-0.2709,-0.0819,-8.2261
000417,合肥百货,0.0337,0.0174,0.911,0.0281,2.8482
000418,小天鹅A,0.0256,0.0074,0.6953,0.0152,1.5405
000419,通程控股,0.0145,0.0032,0.6046,0.0054,0.6674
000420,吉林化纤,0.2634,0.0427,,0.0682,8.1018
000421,南京公用,0.2164,0.0297,6.9789,0.0455,5.5484
000422,湖北宜化,0.4134,0.0686,9.4015,0.094,13.6223
000423,东阿阿胶,0.176,0.0392,0.9112,0.2652,27.4223
000425,徐工机械,0.066,0.0117,,0.017,1.7097
000426,兴业矿业,-0.0593,-0.0036,,-0.0072,-2.5515
000428,华天酒店,0.1163,0.0072,0.6195,0.0115,1.6827
000429,粤高速A,0.2232,0.0067,0.4033,0.0129,4.2061
000430,张家界,0.2471,0.0063,,0.0056,0.6841
000488,晨鸣纸业,-0.0519,-0.0054,-27.6607,-0.0109,-1.626
000498,山东路桥,0.0,0.0,,0.0,0.0
000501,鄂武商A,0.0536,0.0219,1.1683,0.0317,3.9296
000502,绿景控股,0.4432,0.026,6.093,0.0432,4.3261
000503,海虹控股,-0.0648,-0.0028,,-0.0147,-1.4967
000504,*ST生物,-0.045,-0.0035,,-0.0066,-0.6605
000505,*ST珠江,0.2492,0.0035,,0.0067,0.8129
000506,中润资源,-0.9763,-0.0304,-4.4948,-0.0356,-3.9544
000507,珠海港,-0.3905,-0.0079,,-0.0238,-2.4358
000509,华塑控股,0.1173,0.0135,,0.0139,1.4172
000510,金路集团,0.3686,0.0471,,0.0758,8.1429
000511,*ST烯碳,0.1352,0.0077,1.7891,0.0222,4.5233
000513,丽珠集团,0.3125,0.0602,1.3685,0.1905,22.13
000514,渝开发,-2.3353,-0.065,-9.5618,-0.2052,-44.6474
000516,国际医学,0.0322,0.0115,0.8686,0.0189,2.2386
000517,荣安地产,,0.0675,,0.0067,0.6677
000518,四环生物,0.7065,0.0356,6.6696,0.3305,33.0491
000519,中兵红箭,-0.0986,-0.0134,,-0.0513,-5.4516
000520,长航凤凰,-0.0224,-0.0017,,-0.0022,-0.4087
000521,美菱电器,-0.0393,-0.0103,-5.8416,-0.015,-1.5309
000523,广州浪奇,0.016,0.0045,1.7003,0.0124,1.2936
000524,岭南控股,-0.3115,-0.0214,,-0.0939,-14.7411
000525,红太阳,-0.059,-0.0112,,-0.0139,-1.4679
000526,*ST紫学,-1.7708,-0.01,,-0.0489,-5.0043
000528,柳工,0.242,0.0728,3.5233,0.1177,13.8178
000529,广弘控股,0.0732,0.019,1.1037,0.0653,6.5325
000530,大冷股份,-0.0898,-0.0089,-1.2536,-0.0247,-2.6757
000531,穗恒运A,-0.3721,-0.0429,-3.2092,-0.0629,-13.0384
000532,力合股份,0.1448,0.0034,0.1564,0.0192,2.9107
000533,万家乐,0.0168,0.0038,1.1287,0.0052,0.5219
000534,万泽股份,2.5884,0.0271,,0.048,7.6798
000536,华映科技,-1.3522,-0.1647,-14.305,-0.2281,-25.5991
000537,广宇发展,127.768,0.0526,,0.0686,7.8456
000538,云南白药,0.0597,0.0172,0.7996,0.0457,4.6213
000539,粤电力A,0.1712,0.0167,8.8718,0.0298,6.0672
000540,中天金融,0.3991,0.0435,2.2322,0.0599,9.7213
000541,佛山照明,0.4378,0.056,3.5596,0.6578,65.7793
000543,皖能电力,0.2864,0.0192,5.5796,0.0365,8.0618
000544,中原环保,-0.1628,-0.0246,-0.7959,-0.074,-8.4753
000545,金浦钛业,0.1942,0.0144,,0.0154,1.6169
000546,金圆股份,-0.3067,-0.0302,-12.9935,-0.0424,-4.3637
000547,航天发展,1.545,0.0694,10.8385,0.2194,26.0565
000548,湖南投资,-0.0601,-0.0016,-0.1737,-0.0049,-0.5392
000550,江铃汽车,0.5126,0.169,5.8428,0.5018,54.6743
000551,创元科技,0.0582,0.0118,1.8592,0.0235,2.5074
000552,靖远煤电,0.9541,0.1495,4.9015,0.5035,51.377
000553,沙隆达A,0.0111,0.0025,0.1804,0.0049,0.7445
000554,泰山石油,0.0533,0.0281,,0.6464,96.8151
000555,神州信息,0.0037,0.0006,,0.0001,0.0117
000557,西部创业,-3.7357,-0.0291,-0.0169,-0.0111,-1.2105
000558,莱茵体育,1.4497,0.052,,0.069,8.5148
000559,万向钱潮,0.0596,0.0108,0.7896,0.0161,1.7451
000560,昆百大A,-0.0949,-0.0108,-3.1057,-0.0143,-1.9379
000561,烽火电子,-1.0267,-0.0516,,-0.0412,-4.2721
000563,陕国投A,,-0.0161,-2.0907,-0.0246,-2.5039
000564,供销大集,-0.1031,-0.0292,-2.8522,-0.0628,-6.2831
000565,渝三峡A,0.2467,0.0164,2.91,0.0255,3.9975
000566,海南海药,-0.0091,-0.0017,-0.0527,-0.0041,-0.4834
000567,海德股份,0.6182,0.0299,2.7911,0.0922,9.2154
000568,泸州老窖,0.255,0.0606,0.616,0.2393,23.9568
000570,苏常柴A,0.2829,0.0811,5.1907,0.2065,24.6728
000571,新大洲A,0.1735,0.0098,0.8046,0.0249,3.1302
000572,海马汽车,1.5338,0.1903,,0.4654,58.4246
000573,粤宏远A,0.4416,0.0191,9.4597,0.0434,5.6507
000576,广东甘化,-0.1044,-0.0184,,-0.0286,-2.9259
000581,威孚高科,0.0934,0.0105,,0.0262,2.6478
000582,北部湾港,0.0069,0.0006,0.0644,0.0009,0.1187
000584,友利控股,-0.2026,-0.0126,,-0.0331,-3.308
000585,东北电气,-0.3434,-0.0157,,-0.0256,-3.4412
000586,汇源通信,-0.1892,-0.022,,-0.0285,-3.4607
000587,金洲慈航,0.1031,0.0059,,0.0032,0.3426
000589,黔轮胎A,0.2999,0.0694,9.5163,0.101,12.8148
000590,启迪古汉,0.0369,0.0033,0.9892,0.0074,0.7816
000591,太阳能,0.0452,0.0232,13.8702,0.0294,2.9547
000592,平潭发展,-0.4259,-0.0208,-11.3398,-0.0476,-6.9173
000593,大通燃气,-0.0017,-0.0002,-0.643,-0.0004,-0.066
000595,*ST宝实,0.2174,0.0105,,0.0217,2.2172
000596,古井贡酒,0.0876,0.0261,1.2787,0.0684,7.2992
000597,东北制药,0.1262,0.0407,1.1192,0.0678,7.0218
000598,兴蓉环境,0.0803,0.0124,,0.0182,1.8674
000599,青岛双星,0.2364,0.0403,12.3882,0.0578,6.661
000600,建投能源,-0.0465,-0.0049,-0.8611,-0.0081,-1.5236
000601,韶能股份,0.1619,0.0071,,0.0113,8.7863
000603,盛达矿业,0.063,0.0011,,0.002,0.3222
000605,渤海股份,0.0486,0.0032,3.2829,0.0064,0.6798
000606,神州易桥,-0.0613,-0.0073,,-0.0187,-2.6923
000607,华媒控股,-0.37,-0.0839,-24.8845,-0.1277,-15.652
000608,阳光股份,0.4185,0.0145,1.7036,0.0226,2.8507
000609,绵石投资,113.6608,0.0204,3.4975,0.087,8.7013
000610,西安旅游,0.1231,0.0074,,0.0161,1.6145
000611,*ST天首,2.9336,0.1405,19.6563,1.2977,129.7871
000612,焦作万方,0.1393,0.0397,,0.0674,15.0242
000613,*ST东海A,0.0641,0.0057,1.3398,0.0184,1.8388
000615,京汉股份,0.6371,0.0685,,0.1476,21.0593
000616,海航投资,0.088,0.0064,0.825,0.013,1.9057
000617,中油资本,-0.2632,-0.0338,-2.3572,-0.0549,-6.7066
000619,海螺型材,-0.0757,-0.0199,-1.8808,-0.0574,-6.2705
000620,新华联,,-0.0615,,-0.136,-13.6024
000622,*ST恒立,-0.1152,-0.0064,,-0.0045,-0.4528
000623,吉林敖东,0.0768,0.0029,0.055,0.0279,2.8821
000625,长安汽车,0.0871,0.0259,15.3079,0.0491,5.2903
000626,远大控股,0.0566,0.0632,16.7083,0.0765,7.661
000627,天茂集团,0.1422,0.0102,6.6478,0.0384,5.3876
000628,高新发展,-0.241,-0.0224,,-0.0242,-2.6229
000629,*ST钒钛,-0.0033,-0.0008,,-0.0015,-0.2404
000630,铜陵有色,0.2314,0.0598,5.1804,0.0914,11.3066
000631,顺发恒业,-0.1859,-0.048,-0.9466,-0.0685,-9.1425
000632,三木集团,-0.0213,-0.0037,-1.8322,-0.0046,-0.5153
000633,*ST合金,-0.0185,-0.0013,,-0.0028,-0.3826
000635,英力特,-0.0701,-0.006,-1.1948,-0.0074,-1.1778
000636,风华高科,0.2249,0.0233,,0.0544,8.3836
000637,茂化实华,0.434,0.2281,7.2617,1.3266,135.614
000638,万方发展,0.7511,0.0628,4.8315,0.0723,7.273
000639,西王食品,-0.0307,-0.0019,,-0.0041,-0.4087
000650,仁和药业,0.0191,0.0103,0.2477,0.0399,3.9942
000651,格力电器,1.3783,0.363,22.5708,0.4782,47.8284
000652,泰达股份,-0.0803,-0.0053,-1.3891,-0.0083,-1.0632
000655,金岭矿业,0.2937,0.0363,1.2944,0.4524,45.9007
000656,金科股份,-3.0354,-0.0013,-0.282,-0.0312,-3.1231
000657,中钨高新,0.2216,0.0932,,0.3475,38.096
000659,珠海中富,0.2566,0.0278,5.8886,0.0512,7.5195
000661,长春高新,0.1944,0.0198,2.1793,0.032,4.2597
000662,天夏智慧,-0.2671,-0.0159,-18.2304,-0.0425,-4.4128
000663,永安林业,0.0799,0.004,4.1575,0.0062,1.4312
000665,湖北广电,-0.1317,-0.0133,-23.9641,-0.0194,-1.9385
000666,经纬纺机,-0.0442,-0.0045,,-0.0096,-1.381
000667,美好置业,2.2924,0.0342,8.5354,0.1443,25.1896
000668,荣丰控股,27.8408,0.1089,,0.2385,23.8498
000669,金鸿能源,1.2971,0.0188,,0.0802,8.0396
000670,盈方微,0.6548,0.019,4.1864,0.078,7.7983
000671,阳光城,0.3931,0.0176,56.7401,0.0236,3.0338
000672,上峰水泥,-0.7541,-0.013,,-0.0139,-1.5156
000673,当代东方,,0.0526,,0.0618,6.1784
000676,智度股份,-0.289,-0.0281,,-0.044,-4.5345
000677,恒天海龙,-0.0285,-0.0032,,-0.0042,-0.5703
000678,襄阳轴承,-0.1834,-0.0257,-7.436,-0.069,-6.8956
000679,大连友谊,0.1171,0.0134,3.2833,0.0167,1.8803
000680,山推股份,0.0624,0.0181,1.021,0.0429,4.3088
000681,视觉中国,-11.5208,-0.0475,,-0.2304,-23.0356
000682,东方电子,-0.2703,-0.0267,-10.8148,-0.1474,-14.8221
000683,远兴能源,0.0516,0.0021,,0.0041,0.4699
000685,中山公用,0.2276,0.0077,0.1985,0.0346,4.1579
000686,东北证券,,0.1295,6.6501,0.1676,
000687,华讯方舟,0.2509,0.0254,,0.0842,11.7975
000688,建新矿业,,-0.2267,,-0.01,-0.9966
000690,宝新能源,0.3526,0.042,1.8085,0.0818,39.921
000691,ST亚太,-9.006,-0.0002,,-0.0004,-0.0355
000692,惠天热电,-0.1991,-0.0416,-14.7677,-0.0703,-9.3574
000693,ST华泽,-0.1997,-0.0061,,-0.0058,-0.5895
000695,滨海能源,-0.1184,-0.0243,,-0.038,-5.9203
000697,炼石有色,-0.1208,-0.0209,,-0.0449,-4.5848
000698,沈阳化工,-0.05,-0.0075,,-0.0131,-1.8462
000700,模塑科技,0.3819,0.0353,9.5643,0.0476,5.6316
000701,厦门信达,-0.1978,-0.1259,-14.8848,-0.1795,-18.9415
000702,正虹科技,0.0234,0.0071,2.0984,0.0128,1.334
000703,恒逸石化,-0.3657,-0.0238,,-0.0574,-5.7414
000705,浙江震元,0.0173,0.0056,1.1218,0.0124,1.2463
000707,双环科技,0.147,0.0169,,0.0278,5.0489
000708,大冶特钢,0.0021,0.0007,0.0775,0.0014,0.1687
000709,河钢股份,0.1046,0.0255,13.7397,0.0375,4.6978
000710,*ST天仪,-0.0196,-0.0035,-1.3602,-0.0049,-0.492
000711,京蓝科技,0.1608,0.003,2.5853,0.0065,1.7887
000712,锦龙股份,0.5795,0.0081,0.2269,0.0176,3.8841
000713,丰乐种业,0.2218,0.0374,4.0454,0.0659,6.7327
000715,中兴商业,0.1043,0.0572,3.052,0.2011,20.11
000716,黑芝麻,0.1693,0.0246,4.8052,0.0316,3.5259
000717,韶钢松山,0.2722,0.0394,,0.0576,9.8496
000718,苏宁环球,0.5873,0.0316,2.0442,0.0443,5.0794
000719,大地传媒,,-0.0247,,-0.0202,-2.0168
000720,新能泰山,-0.1797,-0.015,,-0.0179,-3.4902
000721,西安饮食,0.0177,0.0026,0.609,0.0044,0.4936
000722,湖南发展,0.0216,0.0018,,0.0032,0.6799
000723,美锦能源,-0.1294,-0.0204,,-0.0342,-3.4202
000725,京东方A,-0.2045,-0.0102,,-0.0179,-3.0266
000726,鲁泰A,0.1155,0.0151,0.8036,0.0378,4.3147
000727,华东科技,0.4024,0.0392,,0.0707,7.1994
000728,国元证券,,0.215,22.4979,0.3341,
000729,燕京啤酒,0.2345,0.038,12.3131,0.1247,12.7924
000731,四川美丰,0.1667,0.044,4.7792,0.081,11.6106
000732,泰禾集团,0.0703,0.0136,0.4636,0.0073,1.163
000733,振华科技,-0.0092,-0.0012,-0.5221,-0.0044,-0.5478
000735,罗牛山,-0.0916,-0.0081,-1.8665,-0.0322,-4.1267
000736,中房地产,-2.696,-0.0122,-7.0258,-0.0281,-3.3
000737,南风化工,0.0694,0.0112,9.3385,0.0187,1.9801
000738,中航动控,0.009,0.0019,0.5018,0.0076,0.757
000739,普洛药业,0.1617,0.0268,13.3603,0.0461,4.9108
000750,国海证券,-0.2565,-0.0106,,-0.0189,-1.9505
000751,锌业股份,-0.1203,-0.0133,,-0.0168,-1.8514
000752,西藏发展,0.0106,0.0009,0.0646,0.0033,0.5499
000753,漳州发展,0.0037,0.0007,0.053,0.0012,0.3073
000755,*ST三维,-0.0799,-0.0083,,-0.0157,-1.8067
000756,新华制药,0.0461,0.012,1.4418,0.0357,3.6247
000757,浩物股份,0.0472,0.0037,,0.0019,0.2287
000758,中色股份,0.063,0.0063,16.7765,0.0102,1.2534
000759,中百集团,0.1766,0.124,7.7828,0.2088,22.8744
000760,斯太尔,0.247,0.0517,39.8214,0.0748,8.0919
000761,本钢板材,0.2476,0.0618,47.7229,0.1163,13.1135
000762,西藏矿业,1.2442,0.0256,,0.0598,10.5949
000766,通化金马,0.8276,0.0364,7.5067,0.1058,11.0564
000767,漳泽电力,0.1916,0.0163,,0.0205,3.439
000768,中航飞机,-1.2567,-0.111,,-0.3312,-33.4627
000776,广发证券,0.5529,0.0167,3.0301,0.0698,9.0116
000777,中核科技,-0.3284,-0.0497,-18.4111,-0.1413,-19.6025
000778,新兴铸管,0.0972,0.0391,2.8473,0.074,7.4499
000779,三毛派神,0.5377,0.0291,,0.0556,16.5931
000780,平庄能源,0.5915,0.1045,2.51,0.2862,43.5008
000782,美达股份,0.3912,0.1,30.6903,0.1856,20.6436
000783,长江证券,,0.072,6.3194,0.0954,
000785,武汉中商,-0.0314,-0.0128,-0.9465,-0.0178,-2.1339
000786,北新建材,-0.2168,-0.0219,-3.5683,-0.0394,-4.7275
000788,北大医药,-0.1538,-0.0201,-5.8869,-0.0335,-3.7505
000789,万年青,0.0836,0.0088,5.7705,0.0144,1.832
000790,泰合健康,0.0129,0.0013,1.3564,0.0027,0.2766
000791,甘肃电投,0.6438,0.0292,,0.0501,6.2509
000792,盐湖股份,0.3228,0.0625,0.4489,0.1551,19.4481
000793,华闻传媒,0.1052,0.014,1.3821,0.0619,9.4266
000795,英洛华,1.1715,0.0808,57.1549,0.0944,9.4424
000796,凯撒旅游,0.0965,0.032,3.0897,0.0626,6.3044
000797,中国武夷,0.5672,0.0505,6.5698,0.0672,8.3476
000798,中水渔业,0.4595,0.0222,,0.0535,5.468
000799,酒鬼酒,-0.7625,-0.0449,,-0.1037,-10.7098
000800,一汽轿车,0.2816,0.1247,5.708,0.3153,31.908
000801,四川九洲,0.0975,0.0303,,0.0493,4.9257
000802,北京文化,0.004,0.0003,,0.0005,0.0606
000803,*ST金宇,-0.2709,-0.0231,-7.5894,-0.0577,-5.9446
000806,银河生物,-0.3142,-0.0218,-0.4718,-0.0363,-4.582
000807,云铝股份,0.0411,0.005,,0.0084,1.1399
000809,铁岭新城,-0.021,-0.0027,,-0.0072,-0.7476
000810,创维数字,0.079,0.0141,6.4548,0.0266,2.7401
000811,烟台冰轮,0.225,0.0345,16.895,0.0576,5.9881
000812,陕西金叶,0.0601,0.0055,0.834,0.0138,1.6426
000813,德展健康,0.4101,0.0329,,0.2463,24.8363
000815,美利云,0.0199,0.0013,3.3663,0.0018,0.2614
000816,智慧农业,-0.0373,-0.0072,-0.2757,-0.0123,-1.3716
000818,方大化工,-0.1805,-0.0116,,-0.0151,-1.6904
000819,岳阳兴长,0.078,0.04,2.1347,0.2764,28.3807
000820,神雾节能,0.0724,0.0033,0.6216,0.0036,0.4151
000821,京山轻机,0.1378,0.0084,,0.0489,4.8946
000822,山东海化,0.075,0.0093,,0.0178,2.1621
000823,超声电子,0.3624,0.0569,15.2765,0.1443,16.0018
000825,太钢不锈,0.017,0.0034,,0.0051,0.8448
000826,启迪桑德,0.5654,0.0296,2.8323,0.0537,8.063
000828,东莞控股,0.6914,0.0162,1.5748,0.0459,6.0293
000829,天音控股,-0.0126,-0.0078,-1.0994,-0.0125,-1.312
000830,鲁西化工,0.1732,0.0488,11.9171,0.0785,16.2687
000831,*ST五稀,0.6254,0.0841,,0.1162,12.2809
000833,贵糖股份,-0.1814,-0.0318,,-0.0626,-6.318
000835,长城动漫,0.3067,0.0886,5.3338,0.1859,18.6032
000836,鑫茂科技,0.0546,0.0061,,0.013,1.6621
000837,秦川机床,-0.1367,-0.0222,-2.7853,-0.0582,-6.3697
000839,中信国安,-0.5227,-0.0166,-2.7639,-0.0331,-6.9222
000848,承德露露,0.1369,0.0902,1.9155,0.3643,36.4343
000850,华茂股份,0.2338,0.021,2.8834,0.0384,5.6647
000851,高鸿股份,-0.1156,-0.0225,,-0.045,-4.8971
000852,石化机械,-0.2317,-0.0367,-2.4909,-0.0855,-8.6708
000856,冀东装备,-0.0846,-0.005,,-0.0054,-0.542
000858,五粮液,0.3676,0.0854,0.9671,0.7454,74.5371
000859,国风塑业,0.0851,0.011,,0.0247,2.6527
000860,顺鑫农业,-0.0315,-0.0063,-0.813,-0.0093,-1.2538
000861,海印股份,0.2428,0.0278,1.216,0.0591,8.0329
000862,银星能源,1.0846,0.0496,199.7259,0.0592,10.0591
000863,三湘印象,-0.0209,0.0,-0.0054,0.0,-0.0007
000868,安凯客车,-0.5001,-0.0661,,-0.1053,-10.552
000869,张裕A,0.37,0.107,1.5555,0.3277,32.7703
000875,吉电股份,0.3255,0.0218,,0.0348,4.8799
000876,新希望,0.0462,0.009,0.6154,0.0173,1.8998
000877,天山股份,-0.0884,-0.0054,,-0.0066,-1.0176
000878,云南铜业,0.4335,0.0359,,0.0449,5.9535
000880,潍柴重机,0.3999,0.1406,6.2341,0.272,27.197
000881,中广核技,0.2267,0.0216,1.5337,0.0367,5.8509
000882,华联股份,-0.0752,-0.0103,-0.7856,-0.067,-6.9894
000883,湖北能源,0.1478,0.0396,20.2234,0.0542,5.6586
000885,同力水泥,-0.1611,-0.0242,-1.9901,-0.0369,-4.389
000886,海南高速,-1.4207,-0.0187,-5.5856,-0.1501,-22.0215
000887,中鼎股份,0.5122,0.0828,2.8485,0.1782,18.4712
000888,峨眉山A,0.0255,0.0024,,0.0055,0.6615
000889,茂业通信,-0.1191,-0.0218,-39.974,-0.039,-3.9692
000890,法尔胜,0.1408,0.0133,9.0656,0.0204,2.1322
000892,欢瑞世纪,,0.1144,,0.0026,0.2563
000893,东凌国际,0.1446,0.0365,,0.0543,5.5693
000895,双汇发展,0.0734,0.0793,2.0857,0.1791,18.024
000897,津滨发展,-0.2801,-0.009,-11.016,-0.0146,-3.0939
000898,鞍钢股份,0.0858,0.0143,167.75,0.0332,5.7609
000899,赣能股份,0.2186,0.0145,7.7119,0.0184,6.4684
000900,现代投资,0.3995,0.0304,1.017,0.0911,20.7651
000901,航天科技,-0.3688,-0.0167,-0.8474,-0.0875,-10.8562
000902,新洋丰,-0.053,-0.0127,-98.2988,-0.0192,-1.9613
000903,云内动力,0.1154,0.0181,2.46,0.0469,5.9183
000905,厦门港务,-0.0925,-0.0114,-3.0145,-0.0284,-2.9647
000906,浙商中拓,0.0003,0.0002,,0.0002,0.0219
000908,景峰医药,-0.4484,-0.019,,-0.0283,-4.0794
000909,数源科技,0.9598,0.0266,97.3679,0.0341,4.1859
000910,大亚圣象,-0.1962,-0.0227,-3.9551,-0.0339,-3.8249
000911,南宁糖业,-0.4136,-0.0696,,-0.0976,-11.4725
000912,泸天化,0.3638,0.0762,5.2944,0.1455,17.3931
000913,*ST钱江,0.0398,0.014,2.3233,0.0235,2.3647
000915,山大华特,0.2413,0.0253,1.5785,0.0448,5.557
000916,华北高速,0.401,0.0171,0.9836,0.4561,76.1919
000917,电广传媒,0.2909,0.0322,8.8738,0.0464,6.4806
000918,嘉凯城,0.0568,0.0138,,0.0101,1.0355
000919,金陵药业,0.1474,0.0314,1.3181,0.2004,21.5014
000920,南方汇通,-0.7208,-0.0832,-247.0957,-0.2548,-33.4197
000921,海信科龙,-0.0053,-0.0022,-1.5068,-0.0019,-0.1903
000922,*ST佳电,-0.4832,-0.0311,,-0.0448,-4.5723
000923,河北宣工,0.1308,0.0125,78.7949,0.0248,2.5805
000925,众合科技,-1.1816,-0.0523,-5.8415,-0.1123,-11.2312
000926,福星股份,-0.0838,-0.0083,-1.6514,-0.016,-3.1928
000927,一汽夏利,0.051,0.0143,,0.0256,2.5841
000928,中钢国际,0.3502,0.0378,90.7211,0.0603,6.1891
000929,兰州黄河,0.4382,0.0837,8.5107,0.2296,24.9097
000930,中粮生化,-0.4658,-0.0689,-17.627,-0.0975,-11.0776
000931,中关村,0.2547,0.021,17.7187,0.0264,2.7072
000932,华菱钢铁,0.1216,0.0229,,0.0327,4.6071
000933,*ST神火,-0.1239,-0.0141,,-0.0189,-2.5392
000935,四川双马,0.086,0.0146,1.1921,0.0201,2.7015
000936,华西股份,0.0253,0.0046,0.6521,0.0087,0.8745
000937,冀中能源,0.3023,0.0557,1.8095,0.1214,17.2658
000938,紫光股份,-0.0357,-0.0127,-6.7229,-0.0215,-2.1792
000939,凯迪生态,0.031,0.0019,0.1837,0.003,0.4936
000948,南天信息,-0.5586,-0.0896,-8.4892,-0.2636,-27.1673
000949,新乡化纤,0.6296,0.0769,,0.1171,12.478
000950,*ST建峰,0.101,0.0199,0.5688,0.0334,10.5336
000951,中国重汽,0.4089,0.0967,15.02,0.1175,11.8739
000952,广济药业,-0.2279,-0.0172,-4.9287,-0.0513,-5.3508
000953,*ST河化,0.0216,0.0024,,0.0031,0.387
000955,欣龙控股,0.2747,0.0196,,0.0299,6.0021
000957,中通客车,0.0063,0.0008,1.3504,0.0013,0.1317
000958,东方能源,0.0349,0.0055,12.1131,0.0077,1.3581
000959,首钢股份,0.0521,0.0166,6.0012,0.0299,4.8757
000960,锡业股份,-0.0147,-0.003,,-0.0046,-0.6662
000961,中南建设,-0.1044,-0.0131,-21.4583,-0.0196,-1.9558
000962,东方钽业,-0.0437,-0.0034,-3.2666,-0.0068,-1.0069
000963,华东医药,-0.1081,-0.0518,-2.4875,-0.0716,-7.2213
000965,天保基建,-0.4053,-0.0063,-2.0387,-0.0128,-1.4313
000966,长源电力,0.3444,0.035,62.8669,0.0408,10.1838
000967,盈峰环境,0.2566,0.0411,,0.0853,8.7767
000968,*ST煤气,0.1846,0.0295,1.4328,0.0736,7.6312
000969,安泰科技,0.1835,0.0244,9.8362,0.056,6.8125
000970,中科三环,0.0162,0.0018,0.8144,0.0047,0.4768
000971,高升控股,-0.4536,-0.0065,,-0.0087,-0.9552
000972,中基健康,0.1317,0.0079,1.6316,0.0117,1.4527
000973,佛塑科技,0.0104,0.002,,0.0029,0.3143
000975,银泰资源,-0.3173,-0.0109,,-0.0405,-4.046
000976,春晖股份,0.0926,0.0148,,0.0259,2.5888
000977,浪潮信息,-0.1842,-0.0319,-89.1733,-0.1386,-16.0494
000978,桂林旅游,-0.1052,-0.0044,,-0.0105,-1.967
000979,中弘股份,-0.1319,-0.0076,,-0.0042,-0.4174
000980,金马股份,-0.2698,-0.0211,-3.0347,-0.0677,-6.8429
000981,银亿股份,0.2259,0.002,,0.0025,0.2992
000982,中银绒业,-1.201,-0.1,-283.7829,-0.1248,-12.9404
000983,西山煤电,0.2191,0.0354,0.6826,0.0918,15.0994
000985,大庆华科,0.1327,0.0489,1.1554,0.4146,41.4621
000987,越秀金控,0.0454,0.0178,0.4432,0.0471,4.7144
000988,华工科技,0.021,0.0026,0.0728,0.0055,0.641
000989,九芝堂,0.0548,0.0091,0.4276,0.0477,4.777
000990,诚志股份,0.02,0.0047,4.6909,0.0095,0.9614
000993,闽东电力,-0.6553,-0.0176,-59.6073,-0.0404,-5.2228
000995,*ST皇台,-0.3646,-0.009,,-0.0163,-1.7159
000996,中国中期,0.2995,0.0128,4.3312,0.0338,3.3761
000997,新大陆,-0.5101,-0.1003,-5.3506,-0.3165,-31.9115
000998,隆平高科,0.1006,0.0108,0.956,0.0255,2.6398
000999,华润三九,0.1103,0.0224,0.6677,0.0677,6.9141
001696,宗申动力,0.4719,0.1467,4.3187,0.4823,48.5578
001896,豫能控股,0.2842,0.0068,,0.0104,1.3096
002001,新和成,0.2654,0.0365,0.9019,0.0806,11.3625
002002,鸿达兴业,-0.3207,-0.0295,,-0.044,-6.25
002003,伟星股份,-0.0471,-0.0053,-1.5106,-0.011,-1.1044
002004,华邦健康,-0.2505,-0.0224,-0.873,-0.0866,-9.2291
002005,德豪润达,0.0057,0.001,,0.0015,0.155
002006,精功科技,0.395,0.023,,0.0284,2.8539
002007,华兰生物,-0.1272,-0.0101,-0.4165,-0.0993,-10.1739
002008,大族激光,-0.1867,-0.0148,,-0.0437,-4.4697
002009,天奇股份,0.0685,0.0045,3.3709,0.0067,0.6913
002010,传化智联,0.307,0.1046,5.7995,0.2867,28.7312
002011,盾安环境,0.2617,0.0561,2.4794,0.1415,15.3756
002012,凯恩股份,0.0033,0.0004,0.0569,0.0007,0.0752
002013,中航机电,-0.1832,-0.0155,-33.0523,-0.0469,-4.6937
002014,永新股份,-0.0034,-0.0011,-0.0514,-0.0033,-0.3264
002015,霞客环保,0.0061,0.0011,0.2409,0.0016,0.1928
002016,世荣兆业,-57.9627,-0.1213,,-0.2924,-69.3936
002017,东信和平,0.1854,0.0484,3.3337,0.1622,16.9887
002018,华信国际,-0.2664,-0.028,-5.6365,-0.0582,-6.0525
002019,亿帆医药,0.1816,0.0215,3.7314,0.0617,6.1692
002020,京新药业,0.2742,0.0296,122.8613,0.0425,4.3838
002021,中捷资源,0.9828,0.045,,0.0989,10.0787
002022,科华生物,0.2442,0.042,0.6871,0.3895,39.7856
002023,海特高新,-0.4423,-0.0209,-1.6898,-0.0529,-13.9669
002024,苏宁云商,0.1763,0.0978,4.6034,0.1686,16.9389
002025,航天电器,-0.1499,-0.0125,-0.6909,-0.0855,-9.355
002026,山东威达,0.2745,0.033,6.7508,0.1471,14.7067
002027,分众传媒,0.021,0.008,11.122,0.0278,2.8026
002028,思源电气,-0.212,-0.0196,-0.6575,-0.0846,-9.8877
002029,七匹狼,0.3959,0.1007,2.8151,0.315,31.4959
002030,达安基因,-0.0111,-0.0013,-0.0987,-0.0048,-0.6857
002031,巨轮智能,0.5082,0.03,4.4341,0.0617,8.0952
002032,苏泊尔,0.1477,0.0507,1.8398,0.2395,23.992
002033,丽江旅游,0.3368,0.012,1.0546,0.023,4.1866
002034,美欣达,-0.057,-0.0087,,-0.0143,-1.5405
002035,华帝股份,-0.5761,-0.1424,,-0.2254,-23.8463
002036,联创电子,0.0457,0.0041,1.0968,0.0346,3.6242
002037,久联发展,0.0652,0.0123,1.3397,0.032,3.263
002038,双鹭药业,0.6754,0.0602,1.0941,1.338,133.8027
002039,黔源电力,0.9269,0.009,,0.0101,4.7752
002040,南京港,2.5759,0.1146,30.9777,0.4885,92.8503
002041,登海种业,0.3404,0.066,0.8042,0.3134,33.853
002042,华孚色纺,0.0517,0.0081,,0.0174,1.7624
002043,兔宝宝,0.133,0.0175,,0.0311,3.1456
002044,美年健康,0.1411,0.0339,4.9249,0.1794,18.7261
002045,国光电器,0.2761,0.0285,3.5988,0.0609,8.6817
002046,轴研科技,-0.4245,-0.0666,-4.5588,-0.4206,-46.4301
002047,宝鹰股份,0.0424,0.0085,,0.0298,3.1454
002048,宁波华翔,0.1101,0.0182,4.9322,0.0332,4.2174
002049,紫光国芯,0.5134,0.0592,6.2253,0.4036,46.1753
002050,三花智控,-0.1077,-0.0175,-1.0299,-0.0416,-4.1689
002051,中工国际,-0.103,-0.0196,-1.3059,-0.0295,-2.9585
002052,同洲电子,-0.0762,-0.0206,-1.6447,-0.0335,-3.5072
002053,云南能投,0.1702,0.0236,28.031,0.0434,6.7045
002054,德美化工,0.1769,0.0209,1.1915,0.0472,8.3068
002055,得润电子,0.2345,0.0281,250.7048,0.0486,4.944
002056,横店东磁,0.2568,0.0233,24.7887,0.216,28.5221
002057,中钢天源,-0.268,-0.0527,,-0.1499,-15.0633
002058,威尔泰,-0.0501,-0.0045,,-0.016,-1.7175
002059,云南旅游,-1.3264,-0.0283,,-0.0773,-7.9468
002060,粤水电,-0.1181,-0.0258,-5.9565,-0.0417,-5.0522
002061,江山化工,0.0774,0.0158,,0.0279,3.8543
002062,宏润建设,-0.0572,-0.0131,-1.2095,-0.0185,-2.0589
002063,远光软件,-0.3261,-0.0424,-1.5692,-0.8482,-104.9983
002064,华峰氨纶,0.2772,0.0314,,0.1284,13.8596
002065,东华软件,-0.5835,-0.0926,-4.1122,-0.2556,-25.8209
002066,瑞泰科技,-0.1625,-0.0219,-1.8757,-0.0396,-4.4748
002067,景兴纸业,0.0532,0.0057,46.1374,0.0106,1.348
002068,黑猫股份,0.2147,0.0325,,0.0459,4.7712
002069,獐子岛,-0.4551,-0.0582,-6.6675,-0.178,-21.1256
002070,众和股份,0.0233,0.003,0.3971,0.0044,0.5872
002071,长城影视,-0.1741,-0.0192,,-0.0528,-5.2903
002072,凯瑞德,-0.1931,-0.0156,,-0.0212,-2.3393
002073,软控股份,0.0436,0.0037,0.194,0.0086,0.8709
002074,国轩高科,0.0474,0.0052,0.5854,0.0116,1.1655
002075,沙钢股份,2.107,0.0049,,0.0044,0.4527
002076,雪莱特,0.3938,0.0602,5.3103,0.427,44.6131
002077,大港股份,-0.3589,-0.0269,-41.5127,-0.0411,-4.3944
002078,太阳纸业,0.1519,0.0241,2.7369,0.0387,5.0659
002079,苏州固锝,0.1705,0.0272,3.5884,0.1527,15.3712
002080,中材科技,-0.1363,-0.0168,-2.4974,-0.03,-4.3454
002081,金螳螂,0.0333,0.0149,0.8044,0.0252,2.5295
002082,栋梁新材,-0.0097,-0.0082,-0.8897,-0.0244,-2.5084
002083,孚日股份,0.0534,0.0061,1.9894,0.0103,1.0418
002084,海鸥卫浴,0.0661,0.0108,,0.0242,2.7638
002085,万丰奥威,0.2227,0.0362,3.3094,0.0904,9.0455
002086,东方海洋,0.8207,0.0486,21.141,0.1505,16.4481
002087,新野纺织,0.112,0.0179,12.709,0.0325,3.8042
002088,鲁阳节能,0.106,0.0138,0.6778,0.0456,5.4063
002089,新海宜,-0.1076,-0.013,-0.5186,-0.0332,-3.3224
002090,金智科技,-0.1076,-0.0163,-1.0534,-0.0635,-6.8325
002091,江苏国泰,0.05,0.0199,1.0523,0.0446,4.6934
002092,中泰化学,0.2268,0.0283,29.4337,0.0532,6.2299
002093,国脉科技,-0.1917,-0.0406,-0.9188,-0.1474,-15.7159
002094,青岛金王,-0.0481,-0.0073,-2.116,-0.0178,-2.7054
002095,生意宝,0.3833,0.024,1.0194,0.1795,20.2549
002096,南岭民爆,0.0317,0.0048,0.3419,0.013,1.3503
002097,山河智能,0.0632,0.0076,1.5362,0.0159,1.7953
002098,浔兴股份,0.013,0.0013,2.4854,0.0025,0.2646
002099,海翔药业,-0.0944,-0.0182,-4.944,-0.0371,-3.7237
002100,天康生物,-0.1561,-0.0576,-3.0644,-0.1408,-17.7678
002101,广东鸿图,0.5557,0.0642,26.3741,0.1541,21.2012
002102,冠福股份,0.0473,0.0082,,0.0122,1.2249
002103,广博股份,0.0656,0.0083,0.8193,0.0206,2.0631
002104,恒宝股份,0.089,0.0148,0.5855,0.1068,10.8185
002105,信隆健康,0.1005,0.0267,3.5497,0.0548,5.822
002106,莱宝高科,0.5674,0.0345,2.1374,0.2871,44.2319
002107,沃华医药,-0.2877,-0.0187,-0.8614,-0.1846,-18.8962
002108,沧州明珠,0.2681,0.0442,2.3878,0.1446,14.4616
002109,兴化股份,0.1706,0.0213,1.7681,0.0656,7.9029
002110,三钢闽光,-0.0239,-0.0103,,-0.0153,-1.6704
002111,威海广泰,0.0836,0.0123,0.6737,0.0276,3.5211
002112,三变科技,-0.4104,-0.0637,-11.3069,-0.0957,-9.5705
002113,天润数娱,0.697,0.0829,39.0441,0.1897,20.3841
002114,罗平锌电,0.1152,0.0134,13.1577,0.0237,3.4708
002115,三维通信,-0.3995,-0.0654,-2.8494,-0.1321,-13.8821
002116,中国海诚,0.1268,0.0458,3.4828,0.0767,7.6765
002117,东港股份,-0.0548,-0.013,-0.4384,-0.0736,-7.3558
002118,紫鑫药业,0.788,0.0393,3.8828,0.1255,14.2895
002119,康强电子,0.6551,0.0541,39.2673,0.1373,15.2487
002120,韵达股份,0.2791,0.056,9.4394,0.0942,10.1632
002121,科陆电子,-0.2107,-0.0139,-4.5739,-0.0359,-3.7913
002122,天马股份,-0.0811,-0.009,-0.489,-0.023,-2.3348
002123,梦网荣信,-0.2528,-0.0405,-1.5487,-0.0848,-10.5702
002124,天邦股份,0.1692,0.0314,,0.0611,6.3774
002125,湘潭电化,0.6806,0.0797,,0.1296,13.166
002126,银轮股份,0.1254,0.019,1.9637,0.035,3.9322
002127,南极电商,-0.0093,-0.0021,-0.1435,-0.0046,-0.4706
002128,露天煤业,0.2916,0.0666,0.7938,0.1756,25.4089
002129,中环股份,-0.313,-0.0191,-26.6942,-0.0698,-9.6249
002130,沃尔核材,-0.0248,-0.0032,-0.2399,-0.0125,-1.3371
002131,利欧股份,0.1278,0.0391,1.0107,0.1572,15.7192
002132,恒星科技,-0.372,-0.0552,-10.4508,-0.1166,-11.9771
002133,广宇集团,1.2758,0.0291,16.8156,0.0391,7.8128
002134,天津普林,0.2499,0.0205,,0.1849,37.7394
002135,东南网架,0.1504,0.0272,6.4805,0.0384,3.9234
002136,安纳达,-0.0807,-0.012,,-0.0254,-2.5441
002137,麦达数字,0.8243,0.0627,20.7771,0.141,14.2972
002138,顺络电子,0.5163,0.0482,2.5982,0.2245,39.4783
002139,拓邦股份,0.2918,0.0649,7.1762,0.2239,23.0455
002140,东华科技,-0.7574,-0.0475,-19.309,-0.0652,-6.5247
002141,贤丰控股,0.0205,0.0034,,0.0129,1.2918
002142,宁波银行,,0.0519,17.447,0.0563,
002143,印纪传媒,-0.1938,-0.0622,-12.5657,-0.1325,-15.8448
002144,宏达高科,0.0844,0.0102,2.9268,0.0277,2.8624
002145,中核钛白,1.0365,0.0248,,0.0452,4.5581
002146,荣盛发展,-0.0888,-0.0073,-0.5559,-0.0107,-1.4361
002147,新光圆成,0.063,0.0079,0.4649,0.0378,3.7806
002148,北纬通信,-0.0109,-0.001,-0.0486,-0.0438,-4.382
002149,西部材料,-0.2231,-0.0253,-6.6934,-0.0424,-5.8667
002150,通润装备,0.0773,0.0121,1.276,0.1104,11.0386
002151,北斗星通,0.0761,0.0148,0.6286,0.0537,6.9868
002152,广电运通,-0.8484,-0.1467,-2.7989,-0.7292,-75.2903
002153,石基信息,0.3262,0.0331,1.4527,0.2833,28.6942
002154,报喜鸟,0.0828,0.0151,1.366,0.035,3.5914
002155,湖南黄金,-0.2325,-0.0255,,-0.0898,-9.3688
002156,通富微电,0.1373,0.0144,25.8483,0.0315,4.4794
002157,正邦科技,-0.1502,-0.0738,-4.7486,-0.1344,-19.1049
002158,汉钟精机,0.0034,0.0004,0.0708,0.0027,0.2699
002159,三特索道,0.1402,0.0059,,0.0119,1.9433
002160,常铝股份,-0.3072,-0.0599,-15.4891,-0.1104,-11.4879
002161,远望谷,-0.8467,-0.063,-4.2631,-0.3298,-60.2853
002162,悦心健康,-0.4263,-0.0318,,-0.0719,-7.8927
002163,中航三鑫,-0.0511,-0.0102,-3.0693,-0.018,-2.1232
002164,宁波东力,0.1455,0.0171,0.8736,0.0384,4.4527
002165,红宝丽,0.0333,0.0091,0.2301,0.0279,2.8639
002166,莱茵生物,-0.1379,-0.0065,,-0.0215,-2.1723
002167,东方锆业,0.044,0.0044,0.5027,0.0097,0.9859
002168,深圳惠程,-0.6504,-0.041,-6.8581,-0.1897,-19.1703
002169,智光电气,-0.2005,-0.0218,-5.8709,-0.0462,-4.6977
002170,芭田股份,0.3023,0.121,,0.3557,36.7586
002171,楚江新材,0.1683,0.064,,0.2,20.005
002172,澳洋科技,0.2702,0.0286,,0.0475,6.2611
002173,*ST创疗,-0.2945,-0.0285,-21.3368,-0.0676,-6.7636
002174,游族网络,-0.122,-0.0196,-4.5932,-0.0534,-5.3368
002175,东方网络,-0.1103,-0.0066,-5.4787,-0.0168,-1.7344
002176,江特电机,-0.0295,-0.0031,-1.7267,-0.0085,-0.9044
002177,御银股份,-0.2656,-0.0415,-1.6114,-0.132,-19.7229
002178,延华智能,-0.4046,-0.0491,-11.3355,-0.1681,-16.8086
002179,中航光电,0.0482,0.007,0.5899,0.0169,1.9617
002180,艾派克,0.3672,0.0187,2.4049,0.1243,12.5182
002181,粤传媒,-0.0001,0.0,-0.0278,0.0,-0.0037
002182,云海金属,0.0712,0.0091,,0.0177,2.0961
002183,怡亚通,-0.2511,-0.0277,-7.0173,-0.0396,-3.9704
002184,海得控制,-0.1714,-0.033,-4.0986,-0.1859,-18.9417
002185,华天科技,0.2784,0.0263,,0.1046,12.36
002186,全聚德,0.1496,0.0376,1.9035,0.1338,14.14
002187,广百股份,0.0694,0.035,1.2729,0.0683,6.878
002188,巴士在线,0.0172,0.0024,0.2533,0.0106,1.0586
002189,利达光电,0.0034,0.0003,,0.0011,0.1531
002190,成飞集成,-0.4741,-0.0207,-2.4608,-0.2048,-20.4799
002191,劲嘉股份,0.1432,0.0213,0.7751,0.0564,6.2474
002192,融捷股份,-1.5365,-0.1018,,-0.2536,-25.3632
002193,山东如意,0.0648,0.0062,0.6118,0.0132,1.3169
002194,武汉凡谷,0.7142,0.1138,3.8639,0.6037,60.9111
002195,二三四五,0.0027,0.0004,0.0221,0.0045,0.4466
002196,方正电机,0.0749,0.0107,1.341,0.0233,2.3309
002197,证通电子,-0.5533,-0.1517,-4.9313,-0.5564,-56.656
002198,嘉应制药,-0.128,-0.0077,-0.6904,-0.2828,-28.2813
002199,东晶电子,0.1485,0.0134,1.4965,0.0346,3.8688
002200,云投生态,-0.8454,-0.0836,-3.6161,-0.3784,-56.6063
002201,九鼎新材,0.1403,0.0155,4.963,0.0292,3.6777
002202,金风科技,-1.6017,-0.1896,-8.9533,-0.3372,-45.5243
002203,海亮股份,0.0811,0.0315,2.9867,0.0545,5.8159
002204,大连重工,0.1542,0.0225,1.3804,0.0409,5.0541
002205,国统股份,-0.9354,-0.0229,,-0.0482,-4.822
002206,海利得,0.2073,0.0437,1.824,0.3882,39.0186
002207,准油股份,-0.1115,-0.0077,,-0.0191,-1.9122
002208,合肥城建,-2.1767,-0.0364,-30.4839,-0.0793,-9.3577
002209,达意隆,0.1493,0.0226,2.3185,0.0388,4.6019
002210,飞马国际,-0.0239,-0.0092,-0.9834,-0.0155,-1.8016
002211,宏达新材,0.4726,0.0363,8.828,0.1029,10.8342
002212,南洋股份,0.1398,0.0221,0.9113,0.2612,26.1984
002213,特尔佳,0.8355,0.0435,7.295,0.2067,22.2015
002214,大立科技,-0.5599,-0.0233,-4.0105,-0.0765,-8.2232
002215,诺普信,-0.3003,-0.0919,-4.4552,-0.2016,-20.4684
002216,三全食品,-0.0393,-0.0138,-0.6198,-0.0384,-3.9749
002217,合力泰,0.1265,0.0159,4.2589,0.059,6.9838
002218,拓日新能,0.2465,0.0165,1.2075,0.1407,15.1974
002219,恒康医疗,0.0447,0.0088,0.2965,0.0682,7.8216
002220,天宝股份,0.0607,0.006,1.2018,0.0126,8.8907
002221,东华能源,-0.5248,-0.1155,-52.6475,-0.2122,-21.2234
002222,福晶科技,0.249,0.0102,0.6666,0.1579,15.8783
002223,鱼跃医疗,0.0162,0.0041,0.0944,0.0309,3.0854
002224,三力士,0.1081,0.0219,3.7309,0.0677,7.0157
002225,濮耐股份,0.1613,0.0283,1.347,0.07,7.0033
002226,江南化工,0.3129,0.0433,1.1412,0.4342,44.0021
002227,奥特迅,-0.5088,-0.0172,-2.3805,-0.2416,-24.1646
002228,合兴包装,-0.1276,-0.028,-1.8222,-0.0706,-7.056
002229,鸿博股份,-0.2352,-0.021,-0.8412,-0.4971,-49.7076
002230,科大讯飞,-0.5414,-0.0418,-3.3654,-0.4914,-80.8221
002231,奥维通信,-0.4715,-0.0327,-37.1138,-0.1755,-17.5525
002232,启明信息,-0.1552,-0.0402,-9.9054,-0.211,-27.3901
002233,塔牌集团,0.1689,0.0227,2.4957,0.0407,4.6206
002234,民和股份,0.1218,0.0195,,0.0506,5.2825
002235,安妮股份,-0.7029,-0.1399,-7.3295,-0.7091,-72.7206
002236,大华股份,-0.0991,-0.0148,-2.0669,-0.0935,-9.4203
002237,恒邦股份,-0.111,-0.0289,-1.5569,-0.0707,-7.7068
002238,天威视讯,0.322,0.0326,3.1344,0.1062,16.3969
002239,奥特佳,0.2681,0.0552,3.6903,0.424,42.3985
002240,威华股份,-0.2631,-0.0071,,-0.0154,-3.1888
002241,歌尔股份,0.1344,0.0131,,0.0367,4.2906
002242,九阳股份,0.0279,0.0078,0.1843,0.0306,3.0625
002243,通产丽星,0.0961,0.0212,0.9963,0.0818,8.3238
002244,滨江集团,4.8833,0.0339,22.5764,0.0438,5.465
002245,澳洋顺昌,0.2333,0.0321,,0.097,9.7764
002246,北化股份,0.0301,0.0045,5.305,0.0515,5.7919
002247,帝龙文化,-0.501,-0.0389,-4.0133,-0.2702,-30.1466
002248,华东数控,-0.0305,-0.0019,-0.4203,-0.0041,-0.509
002249,大洋电机,0.3441,0.0767,2.1707,0.3163,35.4697
002250,联化科技,0.2076,0.0417,1.958,0.094,9.7543
002251,步步高,0.2066,0.119,4.2566,0.2507,25.0787
002252,上海莱士,-0.2132,-0.018,-0.7324,-0.4151,-41.5066
002253,川大智胜,-0.6294,-0.0192,-1.5912,-0.1166,-13.2719
002254,泰和新材,0.3395,0.0401,8.6601,0.3195,36.6485
002255,海陆重工,-0.063,-0.0083,-0.8016,-0.0141,-1.4289
002256,兆新股份,0.0183,0.0023,0.1565,0.0196,1.9583
002258,利尔化学,0.523,0.0784,1.9926,0.9723,97.2267
002259,升达林业,0.0781,0.005,,0.0072,1.3583
002260,德奥通航,-0.2338,-0.0345,,-0.0785,-7.8506
002261,拓维信息,0.1089,0.0104,0.3478,0.1512,17.1246
002262,恩华药业,0.085,0.0284,2.1377,0.0506,5.0647
002263,大东南,0.0354,0.0035,0.5529,0.0066,0.8607
002264,新华都,0.0377,0.0279,1.7176,0.0533,5.3272
002265,西仪股份,0.0701,0.0073,1.0025,0.0222,2.2519
002266,浙富控股,-0.1759,-0.0157,-1.1941,-0.0349,-3.6533
002267,陕天然气,0.2976,0.064,1.2841,0.2441,34.0284
002268,卫士通,-4.1874,-0.1081,,-0.7765,-87.4927
002269,美邦服饰,0.286,0.0655,2.027,0.1544,19.261
002270,华明装备,0.3819,0.0452,2.7752,0.159,21.233
002271,东方雨虹,-0.2435,-0.0271,-10.7459,-0.0583,-5.9217
002272,川润股份,-0.3007,-0.0295,-2.1287,-0.0703,-9.9806
002273,水晶光电,0.5727,0.0366,2.2873,0.5349,70.362
002274,华昌化工,0.3748,0.0739,22.9619,0.1346,15.818
002275,桂林三金,,,,,
002276,万马股份,,,,,
002277,友阿股份,,,,,
002278,神开股份,,,,,
002279,久其软件,,,,,
002280,联络互动,,,,,
002281,光迅科技,,,,,
002282,博深工具,,,,,
002283,天润曲轴,,,,,
002284,亚太股份,,,,,
002285,世联行,,,,,
002286,保龄宝,,,,,
002287,奇正藏药,,,,,
002288,超华科技,,,,,
002289,*ST宇顺,,,,,
002290,中科新材,,,,,
002291,星期六,,,,,
002292,奥飞娱乐,,,,,
002293,罗莱生活,0.2058,,1.468,,
002294,信立泰,,,,,
002296,辉煌科技,,,,,
002297,博云新材,,,,,
002298,中电鑫龙,,,,,
002299,圣农发展,,,,,
002300,太阳电缆,,,,,
002301,齐心集团,,,,,
002302,西部建设,,,,,
002304,洋河股份,,,,,
002305,南国置业,,,,,
002306,中科云网,,,,,
002307,北新路桥,,,,,
002308,威创股份,,,,,
002309,中利集团,,,,,
002310,东方园林,,,,,
002312,三泰控股,,,,,
002313,日海通讯,,,,,
002314,南山控股,,,,,
002315,焦点科技,,,,,
002316,键桥通讯,,,,,
002318,久立特材,,,,,
002319,乐通股份,,,,,
002320,海峡股份,,,,,
002321,华英农业,,,,,
002322,理工环科,,,,,
002323,雅百特,,,,,
002324,普利特,,,,,
002325,洪涛股份,,,,,
002326,永太科技,,,,,
002327,富安娜,,,,,
002328,新朋股份,,,,,
002329,皇氏集团,,,,,
002330,得利斯,,,,,
002331,皖通科技,,,,,
002332,仙琚制药,,,,,
002333,罗普斯金,,,,,
002334,英威腾,,,,,
002335,科华恒盛,,,,,
002336,*ST人乐,,,,,
002337,赛象科技,,,,,
002338,奥普光电,,,,,
002339,积成电子,,,,,
002340,格林美,,,,,
002341,新纶科技,,,,,
002342,巨力索具,,,,,
002343,慈文传媒,,,,,
002344,海宁皮城,,,,,
002345,潮宏基,,,,,
002346,柘中股份,,,,,
002347,泰尔股份,,,,,
002348,高乐股份,,,,,
002349,精华制药,,,,,
002350,北京科锐,,,,,
002351,漫步者,,,,,
002352,顺丰控股,,,,,
002353,杰瑞股份,,,,,
002354,天神娱乐,,,,,
002355,兴民智通,,,,,
002356,赫美集团,,,,,
002357,富临运业,,,,,
002358,森源电气,,,,,
002359,齐星铁塔,,,,,
002360,同德化工,,,,,
002361,神剑股份,,,,,
002362,汉王科技,,,,,
002363,隆基机械,,,,,
002364,中恒电气,,,,,
002365,永安药业,,,,,
002366,台海核电,,,,,
002367,康力电梯,,,,,
002368,太极股份,,,,,
002369,卓翼科技,,,,,
002370,亚太药业,,,,,
002371,北方华创,-0.2408,-0.0475,-2.1698,-0.0827,-11.269
002372,伟星新材,,,,,
002373,千方科技,,,,,
002374,丽鹏股份,,,,,
002375,亚厦股份,,,,,
002376,新北洋,,,,,
002377,国创高新,,,,,
002378,章源钨业,,,,,
002379,*ST鲁丰,,,,,
002380,科远股份,,,,,
002381,双箭股份,,,,,
002382,蓝帆医疗,,,,,
002383,合众思壮,,,,,
002384,东山精密,,,,,
002385,大北农,,,,,
002386,天原集团,,,,,
002387,黑牛食品,,,,,
002388,新亚制程,,,,,
002389,南洋科技,,,,,
002390,信邦制药,-0.175,,-2.3099,,
002391,长青股份,-0.2624,,-1.8651,,
002392,北京利尔,0.1856,,1.1661,,
002393,力生制药,,,,,
002395,双象股份,0.0113,,0.1727,,
002396,星网锐捷,-0.4058,,,,
002397,梦洁股份,0.096,,2.2606,,
002398,建研集团,0.0199,,0.113,,
002399,海普瑞,0.5153,,1.4839,,
002400,省广股份,-0.0143,,-0.4163,,
002401,中海科技,-0.8798,,-12.479,,
002402,和而泰,-0.5357,,-4.1522,,
002403,爱仕达,0.1595,,2.4675,,
002404,嘉欣丝绸,0.2604,,7.5313,,
002405,四维图新,0.4417,,0.9811,,
002406,远东传动,0.0698,,0.4488,,
002407,多氟多,-0.3275,,-3.3491,,
002408,齐翔腾达,0.0979,,1.2119,,
002409,雅克科技,0.1272,,0.8542,,
002410,广联达,-0.1565,,-0.5691,,
002411,必康股份,-0.0533,,-0.4845,,
002412,汉森制药,-0.1034,,-0.7003,,
002413,雷科防务,0.2001,,7.4348,,
002414,高德红外,1.516,,5.3347,,
002415,海康威视,-0.3396,,-1.0087,,
002416,爱施德,-0.0128,,-0.2258,,
002417,三元达,-1.9439,,,,
002418,康盛股份,-0.1084,,-1.8772,,
002419,天虹股份,0.0295,,0.4907,,
002420,毅昌股份,0.1474,,2.424,,
002421,达实智能,-0.4694,,-4.4912,,
002422,科伦药业,0.0265,,0.2608,,
002423,*ST中特,0.1437,,1.6127,,
002424,贵州百灵,-0.2422,,-4.7213,,
002425,凯撒文化,0.3812,0.0962,1.7394,0.4813,48.1257
002426,胜利精密,0.5717,,2.6596,,
002427,尤夫股份,0.0,,0.0,,
002428,云南锗业,0.1065,,0.3584,,
002429,兆驰股份,0.0505,,0.607,,
002430,杭氧股份,0.0467,,0.4931,,
002431,棕榈股份,-0.3768,,-4.9021,,
002432,九安医疗,0.1863,,2.5348,,
002433,太安堂,-0.428,,-2.2981,,
002434,万里扬,0.1446,,0.7912,,
002435,长江润发,0.121,,3.0805,,
002436,兴森科技,0.1114,0.021,0.7785,0.0387,6.8949
002437,誉衡药业,0.4347,,2.0944,,
002438,江苏神通,-0.2465,,-2.6159,,
002439,启明星辰,-1.9811,,,,
002440,闰土股份,-0.134,,-1.4644,,
002441,众业达,-0.131,,-2.9126,,
002442,龙星化工,0.5668,,,,
002443,金洲管道,-0.1007,,-2.0737,,
002444,巨星科技,0.3028,,2.1038,,
002447,壹桥股份,-26.2172,,,,
002449,国星光电,-0.1346,,-0.8795,,
002454,松芝股份,-0.1366,,-0.9099,,
002456,欧菲光,-0.0109,,-0.1073,,
002504,弘高创意,0.0179,0.0008,0.1464,0.0014,0.1542
002529,海源机械,-0.2834,-0.0253,-2.5975,-0.0581,-7.4327
300001,特锐德,,,,,
300002,神州泰岳,,,,,
300003,乐普医疗,,,,,
300004,南风股份,,,,,
300005,探路者,,,,,
300006,莱美药业,,,,,
300007,汉威电子,,,,,
300008,天海防务,,,,,
300009,安科生物,,,,,
300010,立思辰,,,,,
300011,鼎汉技术,,,,,
300012,华测检测,,,,,
300013,新宁物流,,,,,
300014,亿纬锂能,,,,,
300015,爱尔眼科,,,,,
300016,北陆药业,,,,,
300017,网宿科技,,,,,
300018,中元股份,,,,,
300019,硅宝科技,,,,,
300020,银江股份,,,,,
300021,大禹节水,,,,,
300022,吉峰农机,,,,,
300023,宝德股份,,,,,
300024,机器人,,,,,
300025,华星创业,,,,,
300026,红日药业,,,,,
300027,华谊兄弟,,,,,
300028,金亚科技,,,,,
300029,天龙光电,,,,,
300030,阳普医疗,,,,,
300031,宝通科技,,,,,
300032,金龙机电,,,,,
300033,同花顺,,,,,
300034,钢研高纳,,,,,
300035,中科电气,,,,,
300036,超图软件,,,,,
300037,新宙邦,,,,,
300038,梅泰诺,,,,,
300039,上海凯宝,,,,,
300040,九洲电气,,,,,
300041,回天新材,,,,,
300042,朗科科技,,,,,
300043,星辉娱乐,,,,,
300044,赛为智能,,,,,
300045,华力创通,,,,,
300046,台基股份,,,,,
300047,天源迪科,,,,,
300048,合康新能,,,,,
300049,福瑞股份,,,,,
300050,世纪鼎利,,,,,
300051,三五互联,,,,,
300052,中青宝,,,,,
300053,欧比特,,,,,
300054,鼎龙股份,,,,,
300055,万邦达,,,,,
300056,三维丝,,,,,
300057,万顺股份,,,,,
300058,蓝色光标,,,,,
300059,东方财富,,,,,
300061,康耐特,,,,,
300062,中能电气,,,,,
300063,天龙集团,,,,,
300064,豫金刚石,,,,,
300065,海兰信,,,,,
300066,三川智慧,,,,,
300068,南都电源,,,,,
300069,金利华电,,,,,
300070,碧水源,-0.4787,,-4.8391,,
300071,华谊嘉信,-0.0522,,-0.988,,
300072,三聚环保,0.1385,,,,
300073,当升科技,-0.5807,,-28.0297,,
300074,华平股份,-2.7522,,,,
300075,数字政通,-17.2066,,-17.4926,,
300076,GQY视讯,-0.3103,,-0.9453,,
300077,国民技术,-0.0407,-0.0146,-0.1911,-0.0368,-3.6779
300078,思创医惠,0.5206,,2.8778,,
300079,数码视讯,-0.3877,,-1.1501,,
300080,易成新能,0.014,,0.0907,,
300081,恒信移动,-0.0555,,-2.2219,,
300082,奥克股份,0.0585,,0.275,,
300083,劲胜精密,0.3663,,4.6929,,
300084,海默科技,-0.3807,,-7.252,,
300085,银之杰,-0.6914,,-2.7013,,
300086,康芝药业,0.0291,,0.0626,,
300087,荃银高科,-0.102,,-0.694,,
300088,长信科技,0.1883,,1.1786,,
300089,文化长城,0.1396,0.0309,1.0668,0.0841,8.4078
300090,盛运环保,-0.1224,,-0.9964,,
300091,金通灵,0.0564,,0.5282,,
300092,科新机电,-0.3555,,-2.4779,,
300093,金刚玻璃,0.9229,,7.0407,,
300094,国联水产,0.3359,,,,
300095,华伍股份,-0.1195,,-0.729,,
600000,浦发银行,,0.0223,11.3172,0.023,
600004,白云机场,0.1941,0.016,1.1585,0.0476,5.2072
600006,东风汽车,0.3075,0.0746,110.8693,0.1546,15.6774
600007,中国国贸,0.4987,0.013,1.3259,0.0266,15.8533
600008,首创股份,0.5023,0.0145,12.5729,0.0323,5.5734
600009,上海机场,0.0045,0.0002,0.0316,0.0008,0.1769
600010,包钢股份,-0.1126,-0.0239,,-0.0372,-4.8249
600011,华能国际,0.2471,0.0237,6.8877,0.0317,7.3699
600012,皖通高速,0.6147,0.0317,1.3858,0.0836,9.343
600015,华夏银行,,-0.0824,-88.9711,-0.0856,
600016,民生银行,,-0.0362,-16.8689,-0.0381,
600017,日照港,0.208,0.014,1.3849,0.0284,7.1693
600018,上港集团,-0.3243,-0.0189,-1.255,-0.0463,-6.7948
600019,宝钢股份,0.4514,0.0742,137.5307,0.1484,20.2506
600020,中原高速,-0.5059,-0.0116,-2.3092,-0.0161,-5.448
600021,上海电力,0.4002,0.0271,28.94,0.0371,5.2379
600022,山东钢铁,-0.2377,-0.0542,,-0.0717,-8.8043
600026,中远海能,0.3294,0.0228,2.1953,0.0787,14.0695
600027,华电国际,0.2427,0.0229,8.6499,0.0277,7.2908
600028,中国石化,0.2435,0.0719,4.7744,0.1355,21.3238
600029,南方航空,0.2282,0.0349,9.2799,0.0395,8.6078
600030,中信证券,,0.0559,4.6793,0.0954,
600031,三一重工,-0.1842,-0.0351,-1.7815,-0.0619,-9.6487
600033,福建高速,0.6656,0.0338,1.3128,0.0724,11.3952
600035,楚天高速,0.4718,0.0278,1.0527,0.1552,15.5199
600036,招商银行,,0.0142,6.062,0.0148,
600037,歌华有线,0.4033,0.0196,2.6903,0.0829,12.4556
600038,中直股份,0.2936,0.0112,33.9616,0.0198,1.9845
600039,四川路桥,-0.1247,-0.0115,-8.0289,-0.0148,-2.3376
600048,保利地产,0.5717,0.0219,3.43,0.0305,5.8092
600050,中国联通,0.5668,0.062,6.3406,0.1506,16.4657
600051,宁波联合,-0.0676,-0.0067,-1.0036,-0.0111,-1.6792
600052,浙江广厦,-2.4166,-0.0074,,-0.0087,-0.9096
600053,九鼎投资,3.8406,0.0298,103.104,0.0421,6.1039
600054,黄山旅游,-0.817,-0.0603,,-0.2026,-23.495
600055,万东医疗,-1.041,-0.1229,-26.3512,-0.2482,-25.4126
600056,中国医药,-0.0884,-0.0296,-1.4069,-0.059,-6.7091
600057,象屿股份,-0.6738,-0.0324,,-0.0183,-1.8279
600058,五矿发展,-0.0567,-0.0158,-20.3137,-0.0199,-2.2625
600059,古越龙山,0.0705,0.0093,0.7176,0.0335,3.3854
600060,海信电器,-0.0165,-0.0097,-0.6591,-0.0208,-2.1764
600061,国投安信,0.0079,0.002,,0.0054,0.5455
600062,华润双鹤,0.0859,0.0237,0.7389,0.0903,9.36
600063,皖维高新,0.2792,0.0293,17.4227,0.0593,7.3483
600064,南京高科,0.7117,0.0207,6.7293,0.0335,5.8709
600066,宇通客车,-0.1489,-0.043,-3.619,-0.0723,-7.6166
600067,冠城大通,2.3206,0.1227,46.1556,0.155,17.6717
600068,葛洲坝,-0.1326,-0.0204,-2.6538,-0.0247,-4.3442
600069,银鸽投资,0.1678,0.0174,,0.0279,3.5815
600070,浙江富润,0.043,0.0052,0.6864,0.0098,0.9816
600071,凤凰光学,0.0708,0.0104,14.7394,0.0341,3.4143
600072,中船科技,-0.254,-0.0318,-8.8943,-0.0779,-9.4466
600073,上海梅林,-0.1458,-0.0279,-30.1989,-0.0472,-4.7212
600074,保千里,0.0917,0.0098,,0.014,7.0868
600075,新疆天业,0.1137,0.0136,,0.0215,2.7968
600076,康欣新材,-0.386,-0.0055,,-0.0074,-0.7554
600077,宋都股份,-0.3768,-0.0895,-132.3795,-0.3832,-38.3243
600078,澄星股份,0.5974,0.0642,15.1143,0.0933,10.4611
600079,人福医药,0.2262,0.025,4.3389,0.0471,4.9987
600080,金花股份,-0.0486,-0.0027,,-0.0053,-0.5332
600081,东风科技,0.0659,0.0121,,0.0185,1.8468
600082,海泰发展,-2.6028,-0.0787,-5.3434,-0.1998,-34.584
600083,博信股份,,-0.3902,,-0.8006,-81.2239
600084,中葡股份,0.3024,0.0108,,0.0082,1.0282
600085,同仁堂,0.2544,0.0448,1.8874,0.2281,23.5498
600086,东方金钰,-0.2393,-0.0109,-6.448,-0.018,-1.8161
600088,中视传媒,-0.0325,-0.0048,-1.6709,-0.0097,-0.9677
600089,特变电工,-0.0061,-0.0012,-0.0612,-0.0021,-0.3048
600090,同济堂,0.1764,0.0285,3.0597,0.0529,5.3097
600091,ST明科,-23.2753,-0.0687,,-0.2034,-21.1583
600093,禾嘉股份,-0.1782,-0.0125,-3.8592,-0.0202,-2.0419
600094,大名城,,-0.5382,,-0.5382,-53.8188
600095,哈高科,0.5981,0.0321,,0.0775,8.0458
600096,云天化,0.1997,0.0159,,0.024,6.2391
600097,开创国际,0.1549,0.0085,,0.0157,1.5731
600098,广州发展,0.2514,0.0251,3.8633,0.0814,16.8938
600099,林海股份,0.2697,0.0198,123.5547,0.2142,21.4219
600100,同方股份,-0.0217,-0.0028,-1.4285,-0.0052,-0.5705
600101,明星电力,0.0928,0.0067,0.8357,0.0134,2.5758
600103,青山纸业,0.0572,0.0054,,0.0175,3.0527
600104,上汽集团,0.12,0.0328,3.5922,0.0554,6.9311
600105,永鼎股份,0.0447,0.0042,1.1175,0.0058,0.6293
600106,重庆路桥,0.6654,0.0123,1.898,0.0176,10.3368
600107,美尔雅,-0.2403,-0.018,-8.2316,-0.0316,-3.1824
600108,亚盛集团,0.0262,0.002,0.7876,0.0053,0.5593
600109,国金证券,,0.1979,15.3091,0.2755,
600110,诺德股份,0.534,0.0214,13.6075,0.0464,8.1254
600111,北方稀土,0.2734,0.0179,,0.0286,3.0607
600112,天成控股,-0.0048,-0.0004,-0.038,-0.0009,-0.1061
600113,浙江东日,-0.0487,-0.0035,-0.3763,-0.0109,-1.0908
600114,东睦股份,-0.1163,-0.0105,,-0.0196,-2.3366
600115,东方航空,0.0642,0.0079,50.4065,0.0069,1.0409
600116,三峡水利,-0.4435,-0.0394,,-0.0582,-8.721
600117,西宁特钢,0.0208,0.0023,28.697,0.0033,0.3912
600118,中国卫星,-0.0903,-0.0097,-1.2496,-0.0199,-2.0285
600119,长江投资,-0.034,-0.0039,,-0.0082,-0.9483
600120,浙江东方,0.0765,0.0212,2.4876,0.0384,5.3908
600121,郑州煤电,-0.0713,-0.0146,-1.9323,-0.0234,-2.6399
600122,宏图高科,0.0256,0.012,2.1058,0.0207,2.0776
600123,兰花科创,0.3387,0.0464,1.7341,0.0955,13.5115
600125,铁龙物流,0.272,0.027,1.0314,0.408,58.3214
600126,杭钢股份,0.0747,0.0299,14.7921,0.0534,5.5052
600127,金健米业,0.0871,0.0138,,0.0226,2.5904
600128,弘业股份,-0.2539,-0.0417,-11.7834,-0.0745,-7.5453
600129,太极集团,0.062,0.014,2.429,0.0192,2.0556
600130,波导股份,-0.1464,-0.0335,,-0.0814,-8.5598
600131,岷江水电,-0.1841,-0.0078,,-0.0111,-2.3124
600132,重庆啤酒,0.2571,0.0342,3.3818,0.0525,5.8091
600133,东湖高新,-0.6021,-0.0175,-2.784,-0.0276,-9.4531
600135,乐凯胶片,0.1917,0.0273,,0.375,37.5028
600136,当代明诚,-0.3107,-0.0216,-0.1368,-0.0451,-5.2714
600137,浪莎股份,0.1964,0.0264,1.3311,0.0508,5.0758
600138,中青旅,0.115,0.0209,2.4735,0.0476,5.8883
600139,西部资源,0.7044,0.0332,1.7281,0.077,7.8469
600141,兴发集团,0.1994,0.0335,4.9425,0.054,13.4077
600143,金发科技,0.1503,0.0276,3.0399,0.0552,9.0748
600145,*ST新亿,-0.0579,-0.0025,,-0.0041,-0.4121
600146,商赢环球,-0.0016,-0.0001,,-0.0005,-0.055
600148,长春一东,-0.2064,-0.0194,,-0.0385,-3.8689
600149,廊坊发展,,-0.0007,,-0.0174,-1.7432
600150,中国船舶,0.14,0.0185,1.1998,0.0276,3.3142
600151,航天机电,0.1071,0.0038,,0.0071,1.6914
600152,维科精华,-0.0405,-0.0068,,-0.0108,-1.2405
600153,建发股份,0.271,0.0779,10.0057,0.0973,12.4165
600155,宝硕股份,-0.0241,-0.0044,,-0.0012,-0.3135
600156,华升股份,0.3533,0.0718,26.3819,0.2245,26.4623
600157,永泰能源,0.0663,0.0127,4.6576,0.0224,2.2613
600158,中体产业,-0.2777,-0.0111,-10.792,-0.0216,-2.1828
600159,大龙地产,0.7668,0.0314,6.807,0.051,6.6725
600160,巨化股份,0.0304,0.0052,,0.0088,1.0647
600161,天坛生物,-0.2548,-0.0324,-0.7464,-0.0793,-11.5402
600162,香江控股,-0.0915,-0.0027,-1.3802,-0.0036,-0.5674
600163,中闽能源,-0.2956,-0.0186,,-0.042,-6.4277
600165,新日恒力,-0.0128,-0.0019,,-0.0028,-0.2937
600166,福田汽车,0.2993,0.1896,12.2965,0.2587,27.0851
600167,联美控股,-0.2099,-0.0251,-0.7925,-0.0537,-5.3653
600168,武汉控股,-0.8145,-0.0118,-7.6457,-0.0237,-13.8934
600169,太原重工,0.0407,0.007,0.5487,0.0096,0.9787
600170,上海建工,-0.0431,-0.022,-7.9565,-0.0289,-3.1264
600171,上海贝岭,-0.2093,-0.0097,,-0.0828,-16.3411
600172,黄河旋风,-0.0184,-0.0012,-0.2411,-0.0025,-0.3889
600173,卧龙地产,0.1874,0.02,1.0417,0.0318,4.3846
600175,美都能源,0.0776,0.0094,2.2665,0.0128,1.3263
600176,中国巨石,-0.0385,-0.0018,-2.1269,-0.0024,-0.5112
600177,雅戈尔,0.2123,0.0194,0.6698,0.0303,3.9145
600178,东安动力,0.131,0.0164,2.6332,0.0345,3.4926
600179,安通控股,0.0118,0.0028,,0.0051,0.5109
600180,瑞茂通,,0.0,,0.0,0.0
600182,S佳通,-0.0104,-0.0017,-0.2866,-0.0023,-0.3616
600183,生益科技,0.3333,0.0624,9.0495,0.1421,15.7816
600184,光电股份,0.0423,0.0021,,0.0036,0.5466
600185,格力地产,0.1822,0.0153,,0.0211,2.6816
600186,莲花健康,0.062,0.0095,5.3626,0.0176,1.7574
600187,国中水务,1.5834,0.0692,5.9977,0.1477,33.1543
600188,兖州煤业,0.2373,0.0319,1.2602,0.1832,18.939
600189,吉林森工,-0.1573,-0.0149,,-0.0403,-4.0524
600190,锦州港,0.1838,0.0043,1.1777,0.0098,2.0316
600191,华资实业,-3.1327,-0.0466,-2.8208,-0.1949,-29.7279
600192,长城电工,0.0556,0.0066,2.7291,0.0122,1.396
600193,创兴资源,5.3099,0.0179,,0.0768,8.5227
600195,中牧股份,-0.3079,-0.0737,-1.3654,-0.2168,-21.9061
600196,复星医药,0.0303,0.0031,0.1356,0.007,1.2953
600197,伊力特,-0.186,-0.0385,-1.3135,-0.1593,-15.9968
600198,大唐电信,-0.1471,-0.0311,-6.2278,-0.0377,-3.9298
600199,金种子酒,0.2481,0.0753,3.6082,0.2868,28.675
600200,江苏吴中,0.1067,0.0215,,0.0375,3.9226
600201,生物股份,-0.5233,-0.0566,-3.0866,-0.1423,-14.5601
600202,哈空调,-0.5873,-0.1052,-3.1391,-0.21,-21.0787
600203,福日电子,-0.1323,-0.0222,,-0.0269,-2.7052
600206,有研新材,-0.3723,-0.032,,-0.112,-11.2023
600207,安彩高科,-0.2959,-0.0153,,-0.0344,-4.0591
600208,新湖中宝,0.0417,0.0016,0.2342,0.0024,0.353
600209,罗顿发展,0.1433,0.0011,,0.0025,0.2548
600210,紫江企业,-0.0198,-0.0024,-0.4843,-0.0038,-0.4771
600211,西藏药业,-0.0351,-0.0121,-7.9762,-0.0188,-1.9256
600212,江泉实业,0.154,0.016,2.8967,0.0486,4.8612
600213,亚星客车,-0.3202,-0.0392,,-0.0614,-6.6034
600215,长春经开,-0.0044,-0.0001,,-0.0004,-0.0578
600216,浙江医药,0.2913,0.0646,2.1348,0.1524,17.4888
600217,中再资环,0.0943,0.0092,,0.0095,1.0418
600218,全柴动力,0.1353,0.0395,6.4901,0.1022,10.2224
600219,南山铝业,0.0281,0.0026,0.7364,0.0076,1.6382
600220,江苏阳光,0.456,0.0447,7.2733,0.1015,13.665
600221,海南航空,0.3055,0.0204,30.9329,0.0235,4.6011
600222,太龙药业,0.0062,0.001,0.3134,0.0021,0.23
600223,鲁商置业,-2.4009,-0.0601,-21.1846,-0.0667,-9.4299
600225,*ST松江,0.4156,0.003,,0.002,0.2143
600226,升华拜克,0.0934,0.018,1.0692,0.0432,5.4979
600227,赤天化,0.0231,0.0012,0.1574,0.0021,0.4204
600228,*ST昌九,-0.0768,-0.0107,,-0.0196,-2.6034
600229,城市传媒,0.1609,0.0256,,0.0432,4.6385
600230,沧州大化,0.1749,0.0217,4.6439,0.0374,6.3064
600231,凌钢股份,0.0013,0.0004,,0.0007,0.0709
600232,金鹰股份,0.0156,0.0011,1.4818,0.0022,0.2536
600233,圆通速递,0.3742,0.0887,3.3971,0.566,57.6931
600234,ST山水,-0.0842,-0.0163,,-0.0027,-0.2884
600235,民丰特纸,0.1151,0.0176,2.5966,0.0326,3.6938
600236,桂冠电力,0.4396,0.0185,7.6237,0.0284,9.6499
600237,铜峰电子,0.3448,0.0218,,0.0452,4.9761
600238,海南椰岛,-0.4005,-0.0525,-11.9815,-0.0957,-10.3768
600239,云南城投,-9.8048,-0.146,-44.887,-0.1855,-59.063
600240,华业资本,-0.3966,-0.0089,-1.8456,-0.0221,-5.4889
600241,时代万恒,0.0866,0.0147,,0.0218,2.7712
600242,中昌数据,0.4924,0.0291,2.1275,0.0261,3.4722
600243,青海华鼎,-0.2405,-0.0284,,-0.0474,-6.6872
600246,万通地产,0.3816,0.0134,2.1593,0.0224,3.4396
600247,ST成城,0.1567,0.011,11.0215,0.0404,4.7138
600248,延长化建,0.073,0.0206,3.3505,0.028,2.8165
600249,两面针,-0.2805,-0.0127,,-0.074,-15.3646
600250,南纺股份,-0.458,-0.1165,-167.8787,-0.1399,-15.1816
600251,冠农股份,0.1978,0.0126,14.3184,0.0262,3.7315
600252,中恒集团,0.1826,0.0277,7.6767,0.0487,5.8501
600255,鑫科材料,-0.2754,-0.0735,-36.2423,-0.1739,-18.3727
600256,广汇能源,0.4722,0.047,2.1813,0.1102,12.4558
600257,大湖股份,0.1404,0.0125,2.1755,0.0245,2.5107
600258,首旅酒店,0.2037,0.0407,1.1999,0.1418,14.6136
600259,广晟有色,-0.4233,-0.0144,-120.283,-0.0194,-1.9961
600260,凯乐科技,0.2993,0.0252,2.6771,0.0568,7.2046
600261,阳光照明,0.188,0.0317,3.4201,0.0692,8.54
600262,北方股份,0.3572,0.0282,10.1739,0.0379,4.3821
600265,ST景谷,-0.0032,-0.0002,,-0.0004,-0.0485
600266,北京城建,0.0437,0.0019,0.1528,0.003,0.5279
600267,海正药业,0.0622,0.0115,1.035,0.0174,2.5886
600268,国电南自,-0.6656,-0.0769,-1005.29,-0.1142,-13.3002
600269,赣粤高速,0.3649,0.0212,1.0315,0.0588,11.1391
600270,外运发展,0.1188,0.0109,36.0277,0.0778,10.2936
600271,航天信息,0.1165,0.0273,0.7601,0.1099,11.3615
600272,开开实业,0.0479,0.0101,5.2979,0.0127,2.2068
600273,嘉化能源,-0.0216,-0.0037,-10.3816,-0.0075,-0.8557
600275,武昌鱼,-0.1378,-0.0003,,-0.0003,-0.0337
600276,恒瑞医药,0.4586,0.1298,1.4949,1.2063,120.8236
600277,亿利洁能,0.2005,0.0115,,0.0229,4.1042
600278,东方创业,0.05,0.0158,1.6819,0.054,6.5955
600279,重庆港九,-0.2244,-0.007,-3.624,-0.0107,-2.5583
600280,中央商场,0.0583,0.0209,20.1931,0.0266,2.9278
600281,太化股份,0.1618,0.0218,80.7138,0.0326,3.3501
600282,南钢股份,-0.0207,-0.0086,-9.1423,-0.013,-1.3113
600283,钱江水利,0.1414,0.0087,3.9791,0.0164,2.0526
600284,浦东建设,-0.672,-0.0165,-8.7753,-0.0254,-2.5945
600285,羚锐制药,0.2995,0.0279,3.9914,0.0632,6.4797
600287,江苏舜天,0.1329,0.0264,,0.035,3.6169
600288,大恒科技,-0.2416,-0.0596,-22.8426,-0.1385,-16.3541
600289,亿阳信通,-0.3167,-0.0293,-7.071,-0.0641,-6.4148
600290,华仪电气,-0.2796,-0.0319,-3.7765,-0.0672,-6.7219
600291,西水股份,-0.3607,-0.0097,-25.0464,-0.0326,-6.9862
600292,远达环保,0.2179,0.0257,5.2342,0.033,5.8568
600293,三峡新材,0.0694,0.0046,,0.0069,0.8108
600295,鄂尔多斯,0.1634,0.0112,5.3229,0.0178,2.2036
600297,广汇汽车,0.1132,0.0224,5.0438,0.0435,4.3816
600298,安琪酵母,0.1161,0.0181,0.8724,0.0338,4.2638
600299,安迪苏,-0.0361,-0.0049,,-0.0065,-0.8736
600300,维维股份,-0.3461,-0.0697,-3.529,-0.1829,-18.3664
600301,ST南化,-0.197,-0.0225,,-0.0333,-4.7997
600302,标准股份,-0.0082,-0.0008,-0.0483,-0.0039,-0.3966
600303,曙光股份,0.0714,0.0124,1.3304,0.0181,2.2071
600305,恒顺醋业,0.1957,0.0168,5.4413,0.0225,2.6152
600306,*ST商城,-0.0385,-0.0107,-1.2188,-0.0163,-1.8726
600307,酒钢宏兴,0.0845,0.0449,41.8789,0.0837,8.3888
600308,华泰股份,0.1925,0.0193,6.2132,0.0319,4.1424
600309,万华化学,0.4128,0.0557,2.2746,0.1175,12.8359
600310,桂东电力,-0.2509,-0.0196,,-0.0292,-6.8241
600311,荣华实业,0.077,0.005,,0.0271,2.7143
600312,平高电气,-1.0277,-0.074,-125.719,-0.1221,-13.2254
600313,农发种业,0.9394,0.0406,,0.1108,12.042
600315,上海家化,0.1204,0.0397,2.0398,0.1209,12.1959
600316,洪都航空,-0.2851,-0.0128,-10.4344,-0.0291,-3.6204
600317,营口港,0.0333,0.002,0.2539,0.003,0.4837
600318,新力金融,-0.552,-0.0406,,-0.0577,-14.3095
600319,亚星化学,0.0389,0.0044,1.8799,0.0069,0.7674
600320,振华重工,-0.296,-0.0372,-4.4158,-0.0541,-6.8037
600321,国栋建设,-0.0869,-0.0047,-1.3611,-0.0133,-1.4604
600322,天房发展,-1.8051,-0.0313,-25.794,-0.0535,-9.9566
600323,瀚蓝环境,0.4224,0.0227,1.8772,0.0534,8.0556
600325,华发股份,0.3402,0.0158,1.7555,0.0241,3.8364
600326,西藏天路,-0.7602,-0.0451,-110.1865,-0.1095,-16.466
600327,大东方,0.1144,0.066,3.1086,0.1139,11.782
600328,兰太实业,-0.199,-0.0134,,-0.0225,-3.4398
600329,中新药业,-0.0313,-0.0059,-0.2254,-0.0106,-1.1435
600330,天通股份,-0.107,-0.0071,,-0.0225,-2.8761
600331,宏达股份,-0.2745,-0.0234,,-0.0398,-4.7568
600332,白云山,0.0818,0.0204,2.3152,0.0945,11.3518
600333,长春燃气,-0.1201,-0.0243,,-0.0693,-7.0397
600335,国机汽车,0.3285,0.0226,,0.0352,3.5396
600336,澳柯玛,0.1154,0.0267,9.3737,0.0336,3.3909
600337,美克家居,0.0636,0.0087,2.8027,0.021,2.2932
600338,西藏珠峰,-0.1154,-0.0133,,-0.0114,-1.3773
600339,*ST油工,0.2013,0.0111,5.1317,0.0169,2.368
600340,华夏幸福,0.1735,0.0123,,0.0473,4.7308
600343,航天动力,-0.5588,-0.0388,-9.8124,-0.0874,-9.5149
600345,长江通信,0.0221,0.0016,0.1267,0.0056,0.5625
600346,恒力股份,-1.043,-0.0378,,-0.0508,-7.5299
600348,阳泉煤业,0.2468,0.0961,2.9795,0.1796,21.166
600350,山东高速,0.3267,0.0166,1.2899,0.0436,5.962
600351,亚宝药业,0.1528,0.0285,1.6233,0.0546,6.5809
600352,浙江龙盛,0.0591,0.0083,0.4404,0.0171,2.2975
600353,旭光股份,-0.0182,-0.0015,,-0.0048,-0.4836
600354,敦煌种业,0.4862,0.079,3.2049,0.1243,12.5806
600355,精伦电子,0.1474,0.0109,,0.0782,8.0268
600356,恒丰纸业,-0.0771,-0.0143,-1.2801,-0.0457,-5.9718
600358,国旅联合,-0.198,-0.0121,-4.9268,-0.0303,-3.6418
600359,新农开发,-0.1611,-0.0108,-9.9432,-0.0165,-2.0184
600360,华微电子,0.2868,0.0207,,0.0455,5.1211
600361,华联综超,0.1129,0.0538,7.8672,0.0801,8.0617
600362,江西铜业,0.1881,0.0531,12.2668,0.1353,21.9993
600363,联创光电,-0.0292,-0.0041,,-0.0098,-1.151
600365,通葡股份,-0.093,-0.0068,-2.4855,-0.0196,-1.9646
600366,宁波韵升,0.446,0.0355,0.4488,0.1622,18.1749
600367,红星发展,0.446,0.0519,,0.4008,43.0913
600368,五洲交通,-0.4677,-0.0074,-1.3472,-0.0168,-6.3278
600369,西南证券,,0.3204,17.3649,0.4603,
600370,三房巷,0.0969,0.0136,4.1046,0.0751,7.5147
600371,万向德农,0.9374,0.1639,10.8478,0.282,28.3041
600372,中航电子,-0.0383,-0.0078,,-0.0077,-0.7688
600373,中文传媒,0.8015,0.048,,0.056,7.2826
600375,华菱星马,0.1909,0.0444,13.7652,0.0614,6.1422
600376,首开股份,-0.096,-0.0017,-0.586,-0.002,-0.3024
600377,宁沪高速,0.5722,0.0277,1.5697,0.087,21.5149
600378,天科股份,-0.3413,-0.0462,-7.2882,-0.1423,-14.3327
600379,宝光股份,0.195,0.0276,,0.0676,7.9818
600380,健康元,0.3058,0.0413,1.4012,0.1461,17.2999
600381,青海春天,-0.0101,-0.0003,-0.003,-0.0002,-0.028
600382,广东明珠,-0.476,-0.0426,-7.6181,-0.0826,-8.7115
600383,金地集团,0.395,0.0158,6.4994,0.0223,3.747
600385,山东金泰,-0.1268,-0.0008,,-0.0002,-0.0153
600386,北巴传媒,0.2915,0.0409,2.6109,0.0766,10.7991
600387,海越股份,-0.4617,-0.0495,-0.4456,-0.1459,-15.8191
600388,龙净环保,-0.0868,-0.0126,-1.8088,-0.017,-1.7074
600389,江山股份,-0.0334,-0.0061,-2.5745,-0.009,-1.5326
600390,*ST金瑞,-0.0575,-0.0076,,-0.0171,-1.9857
600391,成发科技,0.3741,0.0514,11.2404,0.0805,10.1831
600392,盛和资源,0.1044,0.0088,3.4077,0.0148,1.494
600393,粤泰股份,0.1384,0.0154,1.7652,0.0247,2.7315
600395,盘江股份,0.2986,0.0434,1.839,0.1848,26.5926
600396,金山股份,0.2162,0.0167,2.9362,0.0224,4.8289
600397,安源煤业,0.0412,0.004,,0.0058,0.7589
600398,海澜之家,-0.07,-0.0095,-0.8888,-0.0617,-6.1905
600399,抚顺特钢,0.1085,0.0191,24.1078,0.0281,2.8228
600400,红豆股份,-0.0469,-0.0033,-1.405,-0.0051,-0.9823
600401,海润光伏,0.0653,0.0047,,0.0051,4.4569
600403,*ST大有,-0.2075,-0.043,-1.1552,-0.2401,-27.0338
600405,动力源,0.2135,0.0268,13.8748,0.0451,4.5121
600406,国电南瑞,-0.6018,-0.0708,-14.7745,-0.1534,-15.3957
600408,安泰集团,0.1967,0.0255,,0.0465,6.6047
600409,三友化工,-0.7904,-0.0835,,-0.1558,-21.104
600410,华胜天成,-0.361,-0.0876,-7.6682,-0.1822,-18.7182
600415,小商品城,-0.4221,-0.0202,-1.1821,-0.0396,-4.1543
600416,湘电股份,-0.2967,-0.0449,-12.9887,-0.0619,-6.6219
600418,江淮汽车,0.2574,0.093,,0.1472,16.4052
600419,天润乳业,-0.1356,-0.0247,-1.4358,-0.0386,-3.9016
600420,现代制药,0.0648,0.0208,0.6825,0.0696,7.1162
600421,仰帆控股,0.0583,0.0043,,0.001,0.1019
600422,昆药集团,0.01,0.0025,0.454,0.006,0.6214
600423,柳化股份,0.0987,0.0078,,0.0124,3.4299
600425,*ST青松,-0.1248,-0.0065,-1.1816,-0.0152,-2.7588
600426,华鲁恒升,0.217,0.0363,2.007,0.0696,21.9679
600428,中远海特,-0.1164,-0.0165,-1.3264,-0.0462,-11.0289
600429,三元股份,0.0835,0.0271,1.3111,0.0644,7.1263
600432,*ST吉恩,-0.0908,-0.0026,,-0.0055,-0.716
600433,冠豪高新,-0.1979,-0.0301,,-0.0524,-5.8677
600435,北方导航,-0.0764,-0.0089,-0.6202,-0.0187,-2.0909
600436,片仔癀,0.0055,0.0007,0.0315,0.0026,0.2802
600438,通威股份,0.2054,0.0499,,0.0668,8.1973
600439,瑞贝卡,-0.2617,-0.0387,-2.8745,-0.1103,-14.5133
600444,国机通用,0.1323,0.0058,,0.0078,1.0145
600446,金证股份,0.2361,0.0552,15.7304,0.1198,12.2877
600448,华纺股份,0.1207,0.025,,0.0395,4.0467
600449,宁夏建材,0.3954,0.0222,2.2064,0.0638,8.3551
600452,涪陵电力,0.4089,0.0505,,0.0811,8.3828
600455,博通股份,-0.1328,-0.008,,-0.0112,-1.3653
600456,宝钛股份,0.25,0.0239,6.0454,0.1023,13.071
600458,时代新材,-0.1851,-0.0537,-3.4063,-0.0864,-8.7151
600459,贵研铂业,0.0657,0.0087,,0.0153,3.0047
600460,士兰微,0.4118,0.0297,,0.0521,5.694
600461,洪城水业,-0.21,-0.0147,-1.8986,-0.058,-9.7535
600462,九有股份,0.0152,0.0009,,0.0011,0.1117
600463,空港股份,-0.944,-0.0468,-12.4259,-0.0775,-11.164
600466,蓝光发展,-0.0298,-0.004,-0.5813,-0.0351,-3.8147
600467,好当家,-0.1273,-0.0083,-0.6921,-0.0365,-3.8813
600468,百利电气,-0.068,-0.0099,-2.3698,-0.0298,-2.9831
600469,风神股份,-0.0267,-0.0051,-4.7828,-0.007,-0.8799
600470,六国化工,0.2465,0.0656,19.7517,0.1225,12.3034
600475,华光股份,0.108,0.0142,2.3056,0.0188,2.1426
600476,湘邮科技,-1.2845,-0.0947,,-0.1743,-17.4267
600477,杭萧钢构,-0.006,-0.001,-0.4087,-0.0013,-0.1313
600478,科力远,0.0248,0.0058,1.8208,0.0101,1.2081
600479,千金药业,0.122,0.0237,0.9364,0.0857,8.6332
600480,凌云股份,0.2422,0.0507,2.7453,0.1109,11.0928
600481,双良节能,0.0415,0.0063,121.1633,0.0139,1.5198
600482,中国动力,0.256,0.0609,49.7458,0.0998,10.0078
600483,福能股份,-0.0297,-0.005,-4.7328,-0.0127,-1.459
600485,信威集团,-0.2152,-0.0136,-13.3933,-0.0343,-3.8207
600486,扬农化工,0.1352,0.0421,1.9776,0.0783,7.8328
600487,亨通光电,-0.298,-0.0382,-3.8129,-0.0894,-9.0821
600488,天药股份,0.4509,0.038,9.6629,0.096,9.598
600489,中金黄金,-0.0217,-0.0085,-1.0591,-0.02,-2.4492
600490,鹏欣资源,-1.6608,-0.0536,,-0.12,-12.0049
600491,龙元建设,0.0521,0.0107,2.2233,0.013,1.3064
600493,凤竹纺织,0.0782,0.0093,,0.0176,1.9516
600495,晋西车轴,-0.1328,-0.0169,-5.37,-0.0404,-4.0428
600496,精工钢构,0.1721,0.0432,8.917,0.0559,5.6577
600497,驰宏锌锗,0.1099,0.015,73.5649,0.0287,3.9822
600498,烽火通信,-0.5377,-0.0716,-9.9775,-0.1443,-14.4663
600499,科达洁能,0.0929,0.015,0.891,0.0518,5.1751
600500,中化国际,0.0568,0.0143,1.2955,0.0278,4.8595
600501,航天晨光,-0.3312,-0.0296,-25.6569,-0.0486,-4.8659
600502,安徽水利,0.0359,0.0065,1.5891,0.0084,0.9238
600503,华丽家族,-1.8661,-0.0171,-3.0388,-0.0292,-2.9158
600505,西昌电力,0.2558,0.013,5.1631,0.0158,3.7011
600506,香梨股份,3.1811,0.018,,0.0477,8.1536
600507,方大特钢,-0.2006,-0.0608,,-0.0822,-8.22
600508,上海能源,0.2897,0.0605,2.5446,0.1448,25.4917
600509,天富能源,0.0359,0.0017,1.2388,0.0025,0.4651
600510,黑牡丹,-0.3652,-0.0295,-3.7823,-0.0604,-6.4274
600511,国药股份,0.0656,0.0394,1.3873,0.0713,7.3712
600512,腾达建设,-0.1913,-0.0248,-5.605,-0.0419,-5.6048
600513,联环药业,-0.0291,-0.0046,-0.444,-0.0233,-2.3333
600515,海航基础,0.1457,0.0179,6.7055,0.0195,2.7901
600516,方大炭素,0.2533,0.0178,3.266,0.0348,3.8458
600517,置信电气,-0.0954,-0.0174,-0.4437,-0.0623,-6.227
600518,康美药业,0.1807,0.0237,0.9818,0.0713,12.5675
600519,贵州茅台,-0.052,-0.0084,-0.1023,-0.0433,-4.348
600520,*ST中发,-0.1245,-0.0087,,-0.0287,-2.8714
600521,华海药业,0.1272,0.0156,0.7145,0.0555,6.3072
600522,中天科技,-0.11,-0.0238,-1.2351,-0.044,-4.5013
600523,贵航股份,0.1476,0.0225,2.8153,0.0764,7.627
600525,长园集团,-0.0586,-0.0047,-0.9701,-0.0096,-0.9804
600526,菲达环保,-0.5878,-0.0982,-43.1789,-0.1327,-13.3036
600527,江南高纤,0.1257,0.0176,1.4591,0.0646,6.4554
600528,中铁工业,-0.1475,-0.0351,-8.3904,-0.0426,-4.4629
600529,山东药玻,0.1844,0.0237,1.3648,0.0838,8.3803
600530,交大昂立,0.1601,0.0095,0.8138,0.0234,4.2654
600531,豫光金铅,0.2596,0.0979,21.9899,0.1468,14.7968
600532,宏达矿业,-0.4851,-0.0335,,-0.048,-5.1171
600533,栖霞建设,-0.0233,-0.0009,-0.3143,-0.0014,-0.2651
600535,天士力,0.115,0.0278,1.9049,0.0621,6.711
600536,中国软件,-0.408,-0.0692,-176.3438,-0.143,-16.3367
600537,亿晶光电,-0.0763,-0.0071,-54.793,-0.0158,-1.6054
600538,国发股份,0.0649,0.0027,,0.0036,0.369
600539,ST狮头,-0.0529,-0.0053,-2.9412,-0.0253,-2.592
600540,新赛股份,0.1106,0.0121,842.5826,0.0278,3.3286
600543,莫高股份,0.3717,0.0297,3.6959,0.2691,29.7745
600545,新疆城建,-0.1769,-0.007,-1.1562,-0.0129,-1.5821
600546,*ST山煤,-0.0768,-0.017,-10.2583,-0.0275,-2.7494
600547,山东黄金,-0.0058,-0.0071,-0.1989,-0.0156,-1.661
600548,深高速,0.6135,0.0087,1.3185,0.0151,5.7296
600549,厦门钨业,0.4545,0.0267,635.1821,0.0432,4.9159
600550,保变电气,-0.4694,-0.0481,-3.4969,-0.073,-11.936
600551,时代出版,0.1345,0.0245,1.0374,0.1468,14.8444
600552,凯盛科技,0.1873,0.027,,0.0408,4.1873
600555,海航创新,-2.0429,-0.0035,-1.6989,-0.0149,-1.4894
600556,ST慧球,-0.4077,-0.0017,,-0.0007,-0.0746
600557,康缘药业,0.0545,0.0086,0.363,0.0338,3.431
600558,大西洋,-0.0616,-0.0213,-1.7893,-0.0452,-4.5455
600559,老白干酒,0.3297,0.0723,5.5819,0.1082,12.6822
600560,金自天正,0.429,0.0273,4.373,0.038,3.8239
600561,江西长运,0.2239,0.0356,1.4852,0.0571,7.0194
600562,国睿科技,-0.2813,-0.0168,,-0.0306,-3.2263
600563,法拉电子,0.4863,0.0698,3.1058,0.8393,83.9402
600565,迪马股份,-0.4501,-0.0384,-4.8747,-0.0637,-9.0288
600566,济川药业,0.01,0.0005,0.834,0.0013,0.1517
600567,山鹰纸业,-0.0864,-0.0095,,-0.0131,-2.1093
600568,中珠医疗,0.0721,0.0373,2.9353,0.0568,5.8312
600569,安阳钢铁,-0.1811,-0.0324,,-0.0516,-7.3624
600570,恒生电子,-0.8237,-0.1117,-2.9522,-0.5164,-71.0065
600571,信雅达,-0.4224,-0.066,-40.8163,-0.1175,-12.9758
600572,康恩贝,-0.0974,-0.018,-1.4606,-0.0437,-4.3789
600573,惠泉啤酒,-0.0133,-0.0024,-1.0162,-0.0182,-1.816
600575,皖江物流,-0.0368,-0.0017,-0.2775,-0.0056,-0.9253
600576,万家文化,-0.1966,-0.0059,,-0.0139,-3.0376
600577,精达股份,0.2036,0.058,8.5841,0.1173,12.3806
600578,京能电力,0.5096,0.055,3.8639,0.087,10.3239
600579,天华院,-0.1,-0.0135,,-0.0138,-1.3849
600580,卧龙电气,0.0993,0.025,1.3477,0.0641,6.4111
600581,*ST八钢,-0.0826,-0.022,,-0.0283,-3.361
600582,天地科技,-0.1613,-0.0271,-1.3046,-0.051,-5.5291
600583,海油工程,-0.1604,-0.0273,-3.292,-0.0608,-7.494
600584,长电科技,0.0006,0.0,,0.0001,0.0082
600585,海螺水泥,0.3975,0.0492,4.8686,0.1327,22.1157
600586,金晶科技,0.1222,0.0132,5.429,0.0241,2.8982
600587,新华医疗,0.1142,0.0195,3.5989,0.0542,5.698
600588,用友网络,-0.409,-0.0411,-0.4873,-0.1444,-14.913
600589,广东榕泰,-0.2321,-0.0278,-1.963,-0.0668,-6.6828
600590,泰豪科技,-0.4002,-0.0479,-15.6121,-0.0799,-8.7513
600592,龙溪股份,-0.0789,-0.0073,-0.4864,-0.0275,-2.8494
600593,大连圣亚,2.0518,0.0435,,0.0832,9.6825
600594,益佰制药,-0.362,-0.0888,-6.4618,-0.1968,-19.6825
600595,中孚实业,0.0907,0.0092,11.3544,0.0123,1.6218
600596,新安股份,0.1709,0.0374,2.8951,0.1419,19.0795
600597,光明乳业,-0.0219,-0.01,-6.8368,-0.0209,-2.2578
600598,北大荒,1.1481,0.1335,10.8579,0.2668,29.6016
600599,熊猫金控,-0.1183,-0.024,-0.649,-0.1149,-11.8647
600600,青岛啤酒,0.2428,0.0712,4.5086,0.1441,18.4479
600601,方正科技,-0.2666,-0.0814,-28.7753,-0.1745,-19.0904
600602,云赛智联,0.0322,0.0013,,0.0026,0.3379
600603,广汇物流,-5.4578,-0.7951,-0.3514,-0.0084,-8.7359
600604,市北高新,-0.1241,-0.0065,,-0.0131,-1.3291
600605,汇通能源,-0.0749,-0.035,-25.0702,-0.0861,-8.8235
600606,绿地控股,0.2129,0.0068,1.0706,0.014,1.4309
600608,*ST沪科,0.452,0.0427,,0.0452,5.3317
600609,金杯汽车,0.274,0.0578,,0.0635,6.8752
600610,中毅达,-0.2352,-0.0111,-2.9763,-0.0222,-2.4073
600611,大众交通,0.0988,0.0106,1.026,0.0203,2.1413
600612,老凤祥,0.008,0.0078,0.3747,0.012,1.2206
600613,神奇制药,0.1203,0.0028,,0.0146,1.4644
600614,鹏起科技,0.2974,0.035,6.1152,0.0593,5.9547
600615,丰华股份,1.4912,0.0505,24.6247,0.0936,25.7205
600616,金枫酒业,0.4756,0.1261,1.9602,0.6188,61.8834
600617,国新能源,-0.2738,-0.0095,,-0.0086,-0.8721
600618,氯碱化工,0.1073,0.0186,34.9416,0.0317,5.3312
600619,海立股份,0.0369,0.0077,,0.0137,1.6765
600620,天宸股份,-2.3367,-0.0287,,-0.0495,-4.9989
600621,华鑫股份,0.2203,0.0278,2.4075,0.0743,7.4486
600622,嘉宝集团,-0.549,-0.0152,-28.7916,-0.0327,-3.3548
600623,华谊集团,0.2229,0.04,,0.0517,6.7081
600624,复旦复华,0.0065,0.0007,0.1306,0.0014,0.1494
600626,申达股份,0.018,0.0073,1.6591,0.0222,2.2845
600628,新世界,0.0155,0.0028,0.2437,0.0049,0.4967
600629,华建集团,-0.2618,-0.0161,-800.5357,-0.0489,-5.229
600630,龙头股份,0.0743,0.0192,10.0345,0.0369,3.7129
600633,浙报传媒,-0.1064,-0.0349,,-0.0768,-7.6844
600634,富控互动,1.1016,0.0023,,0.0125,1.246
600635,大众公用,0.2097,0.0254,3.9968,0.0402,4.9446
600636,*ST爱富,-0.128,-0.0275,-21.7489,-0.0436,-4.4357
600637,东方明珠,-0.1205,-0.0223,-18.2279,-0.0338,-3.3781
600638,新黄浦,-0.1722,-0.0022,-0.2787,-0.0056,-0.9493
600639,浦东金桥,0.221,0.0076,0.6286,0.0185,2.8155
600640,号百控股,-0.1427,-0.0121,,-0.1511,-16.5199
600641,万业企业,1.1906,0.0444,3.4793,0.1158,17.3881
600642,申能股份,0.2484,0.0293,1.0851,0.0767,16.4077
600643,爱建集团,-0.0418,-0.0019,-0.9446,-0.0038,-0.4101
600644,乐山电力,-0.0115,-0.0008,-0.2117,-0.0012,-0.4525
600645,中源协和,0.3264,0.0342,8.4214,0.0543,5.4839
600647,同达创业,2.6809,0.1855,60.2751,0.2172,23.28
600648,外高桥,-0.2579,-0.0213,-28.07,-0.0282,-3.1861
600649,城投控股,-0.2821,-0.0104,-0.8112,-0.028,-3.4994
600650,锦江投资,0.2378,0.033,1.5545,0.1434,16.5459
600651,飞乐音响,-0.024,-0.0041,-0.385,-0.0103,-1.0325
600652,游久游戏,-0.4599,-0.0478,-18.609,-0.0941,-14.7098
600653,申华控股,0.1739,0.0261,180.0345,0.045,6.6513
600654,中安消,-0.1513,-0.0176,-14.1681,-0.0391,-4.2133
600655,豫园商城,0.0566,0.0185,0.8473,0.034,4.3113
600657,信达地产,-0.5262,-0.01,-7.2544,-0.0176,-2.3733
600658,电子城,0.0266,0.0028,,0.0039,0.4105
600660,福耀玻璃,0.3945,0.0455,4.0382,0.072,13.9435
600661,新南洋,-0.272,-0.0218,,-0.038,-3.8289
600662,强生控股,0.1532,0.0157,1.1504,0.0385,3.8661
600663,陆家嘴,-2.6711,-0.0197,-7.3245,-0.0419,-4.2575
600664,哈药股份,0.1942,0.0542,2.477,0.1308,13.7284
600665,天地源,0.6368,0.0201,7.2819,0.0298,3.9745
600666,奥瑞德,0.1247,0.0187,1.1975,0.029,3.1579
600667,太极实业,0.4559,0.054,21.362,0.1368,13.9435
600668,尖峰集团,0.0775,0.0098,,0.0203,2.3793
600671,天目药业,-0.2984,-0.0561,-61.2369,-0.169,-17.0119
600673,东阳光科,0.1244,0.0086,4.7638,0.0147,1.9153
600674,川投能源,0.5325,0.0153,1.3107,0.0226,7.9637
600675,中华企业,0.1032,0.0098,0.6884,0.0162,2.2768
600676,交运股份,0.1428,0.0256,3.0363,0.0502,6.8577
600677,航天通信,-0.131,-0.0252,,-0.0369,-4.2029
600678,四川金顶,-0.3301,-0.026,-156.9841,-0.0373,-5.2833
600679,上海凤凰,0.0356,0.0064,,0.0152,1.5851
600680,ST上普,0.1255,0.009,,0.0274,2.7598
600681,百川能源,-0.0138,-0.0002,,0.0,-0.0054
600682,南京新百,-0.0514,-0.0081,-0.668,-0.0136,-1.3633
600683,京投发展,-0.1172,-0.0046,-0.6752,-0.0121,-1.5744
600684,珠江实业,-0.5008,-0.0161,-23.166,-0.0315,-4.8554
600685,中船防务,-0.0092,-0.0014,-0.1051,-0.002,-0.2131
600686,金龙汽车,-0.1437,-0.0358,,-0.052,-5.629
600687,刚泰控股,1.0594,0.0894,53.5775,0.1602,16.0693
600688,上海石化,0.198,0.0654,10.1228,0.1364,14.3615
600689,上海三毛,-0.0595,-0.0226,-6.0946,-0.0415,-4.5812
600690,青岛海尔,0.0957,0.0488,4.7475,0.1183,12.0165
600691,阳煤化工,0.0239,0.0012,,0.001,0.1057
600692,亚通股份,-0.0465,-0.004,-0.975,-0.0084,-0.8789
600693,东百集团,0.0243,0.0085,0.3171,0.0172,1.7192
600694,大商股份,0.0368,0.0213,18.1473,0.0321,3.6753
600695,绿庭投资,-0.2944,-0.0524,,-0.0798,-8.026
600696,*ST匹凸,1.8937,0.0706,26.3274,0.2107,21.1681
600697,欧亚集团,0.0372,0.0119,1.3224,0.0181,1.8414
600698,湖南天雁,-0.007,-0.0018,,-0.0025,-0.2489
600699,均胜电子,0.0828,0.0035,,0.0043,0.9277
600701,工大高新,-0.0417,-0.0029,,-0.009,-0.9523
600702,沱牌舍得,-0.1531,-0.0108,-2.16,-0.0287,-2.873
600703,三安光电,1.0098,0.1171,4.2463,0.3072,71.0773
600704,物产中大,0.4049,0.0317,4.0678,0.0433,4.8723
600705,中航资本,,0.2561,,0.2167,21.6656
600706,曲江文旅,0.344,0.0151,,0.0175,1.8077
600707,彩虹股份,0.1301,0.0237,,0.0834,8.9485
600708,光明地产,0.1944,0.0258,2.9131,0.043,4.4925
600710,*ST常林,-0.278,-0.0356,-8.7887,-0.0655,-6.9938
600711,盛屯矿业,-0.5968,-0.0228,,-0.0273,-3.2484
600712,南宁百货,-0.1272,-0.0528,-11.7488,-0.0737,-7.3795
600713,南京医药,0.016,0.008,4.0913,0.009,0.9329
600714,金瑞矿业,0.1015,0.0026,,0.0032,0.3393
600715,文投控股,-0.0015,-0.0001,,-0.0002,-0.0236
600716,凤凰股份,0.092,0.0094,,0.0102,1.0401
600717,天津港,0.0061,0.0006,0.0826,0.0014,0.3184
600718,东软集团,-0.2893,-0.0418,-3.5973,-0.1351,-22.9615
600719,大连热电,0.1369,0.0212,0.9027,0.035,3.6604
600720,祁连山,0.2049,0.024,1.9226,0.0356,4.8553
600721,百花村,-0.2708,-0.003,-2.0163,-0.0052,-0.8693
600722,金牛化工,0.0333,0.0063,,0.0031,0.7763
600723,首商股份,-0.0721,-0.0251,-2.2802,-0.071,-7.0959
600724,宁波富达,0.0228,0.0016,0.2848,0.003,0.3144
600725,ST云维,-0.0651,-0.007,,-0.0092,-1.9069
600726,华电能源,-0.0455,-0.004,,-0.005,-1.2857
600727,鲁北化工,0.2686,0.0097,,0.0273,2.9553
600728,佳都科技,-2.1314,-0.1556,,-0.0938,-13.8186
600729,重庆百货,0.0741,0.0689,2.4955,0.1132,11.3229
600730,中国高科,0.0295,0.0061,2.3838,0.017,1.8715
600731,湖南海利,0.0685,0.0086,11.0691,0.0124,1.2435
600732,*ST新梅,-0.2977,-0.0084,-0.9543,-0.0147,-5.9891
600733,S*ST前锋,-0.2154,-0.0211,-2.7596,-0.045,-4.5951
600734,实达集团,-0.1463,-0.0209,,-0.0241,-3.5091
600735,新华锦,0.2159,0.0765,,0.0992,10.0105
600736,苏州高新,-0.16,-0.0041,-1.7443,-0.0056,-0.8202
600737,中粮糖业,0.6628,0.0568,12.2382,0.1174,12.6128
600738,兰州民百,0.1976,0.0453,4.3344,0.078,7.8313
600739,辽宁成大,0.2997,0.0383,0.8816,0.186,18.7875
600740,山西焦化,0.2608,0.0188,,0.0269,4.6621
600741,华域汽车,0.0398,0.0037,0.2352,0.0124,1.4842
600742,一汽富维,-0.0642,-0.0152,-1.3013,-0.0477,-4.7745
600743,华远地产,0.4354,0.0275,1.9357,0.0428,4.8981
600744,华银电力,0.1975,0.0102,,0.0117,3.5811
600745,中茵股份,-0.6757,-0.0186,-8.6363,-0.0238,-3.4341
600746,江苏索普,0.0713,0.0202,,0.065,6.5136
600747,大连控股,0.0602,0.0017,,0.0029,0.2865
600748,上实发展,-0.3559,-0.0126,-3.1609,-0.0168,-1.9964
600749,西藏旅游,-4.2207,-0.0279,,-0.0513,-10.9366
600750,江中药业,0.3538,0.0853,3.3183,0.1988,19.9445
600751,天海投资,-0.464,-0.0318,,-0.0221,-2.3144
600753,东方银星,-0.3101,-0.0021,,-0.0044,-0.4407
600754,锦江股份,0.1571,0.0065,0.2677,0.0419,9.6559
600755,厦门国贸,-0.2306,-0.0601,-4.3636,-0.0889,-10.1798
600756,浪潮软件,0.0679,0.0056,2.9991,0.0181,1.8682
600757,长江传媒,-0.1165,-0.0083,,-0.0054,-0.6166
600758,红阳能源,-0.0742,-0.009,-0.2816,-0.0177,-3.9393
600759,洲际油气,0.3017,0.003,1.2498,0.0102,2.2847
600760,中航黑豹,0.1658,0.0501,7.3773,0.0901,10.1984
600761,安徽合力,0.2141,0.0402,,0.1259,12.9953
600763,通策医疗,-0.0099,-0.0018,-0.0655,-0.0221,-2.2171
600764,中电广通,0.1487,0.0229,,0.0376,3.7599
600765,中航重机,-0.2126,-0.0173,-3.5399,-0.0384,-4.5984
600766,园城黄金,2.9749,0.0095,,0.0108,1.3071
600767,运盛医疗,-0.4118,-0.0185,,-0.0784,-10.7809
600768,宁波富邦,-0.1023,-0.0164,-57.3515,-0.0208,-2.1458
600769,祥龙电业,-0.0918,-0.0108,,-0.0244,-4.3085
600770,综艺股份,-0.3888,-0.0373,-2.3109,-0.1775,-19.3729
600771,广誉远,-0.3477,-0.0213,,-0.0131,-1.9141
600773,西藏城投,-0.5702,-0.0432,,-0.0392,-4.4544
600774,汉商集团,-0.0485,-0.0053,,-0.0086,-0.9057
600775,南京熊猫,0.1133,0.009,7.7122,0.0224,2.2443
600776,东方通信,-0.0888,-0.0331,-6.5688,-0.109,-11.2602
600777,新潮能源,-0.0237,-0.0006,-0.4173,-0.0014,-0.1482
600778,友好集团,0.0301,0.008,1.6341,0.0157,1.9323
600779,水井坊,0.2304,0.0244,0.6429,0.0614,7.5018
600780,通宝能源,0.1889,0.0296,8.1825,0.0677,7.3424
600781,辅仁药业,-0.5139,-0.0386,-4.1034,-0.0673,-6.7251
600782,新钢股份,0.1106,0.0225,19.3622,0.0345,4.3772
600783,鲁信创投,-0.4053,-0.0141,,-0.0241,-2.4055
600784,鲁银投资,0.0542,0.0275,11.3035,0.0378,3.8043
600785,新华百货,0.0011,0.0007,0.0191,0.0015,0.1471
600787,中储股份,-0.2132,-0.0674,-14.0847,-0.1057,-10.9458
600789,鲁抗医药,0.2206,0.0425,18.5639,0.1028,10.5594
600790,轻纺城,-0.4375,-0.0068,-1.7765,-0.0096,-1.0399
600791,京能置业,,-0.0172,,-0.0258,-3.185
600792,云煤能源,-0.1922,-0.0462,,-0.0477,-4.7731
600793,宜宾纸业,-0.0762,-0.0105,,-0.0112,-1.1183
600794,保税科技,0.2393,0.0166,0.7994,0.0437,7.1324
600795,国电电力,0.1911,0.0106,2.5708,0.0145,2.9596
600796,钱江生化,0.0443,0.0052,0.4163,0.0116,1.2623
600797,浙大网新,-0.2536,-0.0608,-72.0258,-0.0924,-9.6792
600798,宁波海运,0.4327,0.0126,,0.0198,6.7164
600800,天津磁卡,0.2109,0.0081,30.7482,0.0104,1.2968
600801,华新水泥,0.2229,0.0247,8.5275,0.0432,7.7589
600802,福建水泥,-0.0098,-0.0007,,-0.0013,-0.2018
600803,新奥股份,-0.0469,-0.0065,-5.4049,-0.01,-0.9982
600804,鹏博士,-0.0677,-0.012,-0.2979,-0.0423,-6.3482
600805,悦达投资,0.0661,0.0046,2.1342,0.0058,0.8468
600806,*ST昆机,-0.0867,-0.0108,-0.7385,-0.0264,-2.7598
600807,天业股份,-0.6783,-0.0147,,-0.0237,-2.3718
600808,马钢股份,0.0543,0.0094,,0.0154,3.467
600809,山西汾酒,0.3529,0.094,1.0947,0.4176,41.7642
600810,神马股份,0.0413,0.004,,0.0065,0.8293
600811,东方集团,-0.5518,-0.0175,-4.7066,-0.0441,-5.9317
600812,华北制药,0.2434,0.037,10.6912,0.0485,4.971
600814,杭州解百,-0.1272,-0.056,-2.1481,-0.137,-13.8708
600815,厦工股份,0.1951,0.0372,20.2853,0.055,5.6174
600816,安信信托,10.8639,0.0699,4.747,0.1272,12.7231
600817,*ST宏盛,-1.8909,-0.0624,,-0.0027,-0.2957
600818,中路股份,0.1317,0.0288,0.8327,0.056,5.7213
600819,耀皮玻璃,0.0494,0.004,,0.0068,1.1854
600820,隧道股份,-0.0378,-0.008,-1.744,-0.0107,-1.3712
600821,津劝业,0.3688,0.0532,25.0809,0.1031,10.3761
600822,上海物贸,0.0065,0.0089,4.2524,0.0106,1.1628
600823,世茂股份,0.0678,0.0035,0.4846,0.0072,1.7047
600824,益民集团,0.2483,0.0415,2.734,0.1005,11.3735
600825,新华传媒,0.2005,0.0287,2.3991,0.0673,6.7341
600826,兰生股份,0.0121,0.0019,1.6627,0.0068,1.3719
600827,百联股份,0.0976,0.0417,4.7364,0.0584,5.9418
600828,茂业商业,0.0332,0.0108,0.5819,0.0154,1.8243
600829,人民同泰,0.8343,0.1612,7.651,0.4064,41.6343
600830,香溢融通,0.3161,0.0239,3.273,0.0693,6.9365
600831,广电网络,0.4154,0.0346,4.0862,0.0617,12.039
600833,第一医药,0.1073,0.0462,4.9776,0.1001,10.9155
600834,申通地铁,0.0605,0.0095,0.6606,0.0402,4.0306
600835,上海机电,0.1614,0.0346,1.6933,0.084,8.4362
600836,界龙实业,0.9971,0.0793,,0.1063,11.1718
600837,海通证券,,0.1423,12.1174,0.2659,
600838,上海九百,0.1627,0.0071,7.0741,0.0153,1.5474
600839,四川长虹,-0.0391,-0.0081,-6.7022,-0.0142,-1.5537
600841,上柴股份,-0.0448,-0.0092,-167.2943,-0.0263,-2.8264
600843,上工申贝,-0.1843,-0.0342,,-0.0458,-8.4229
600844,丹化科技,0.8452,0.0498,,0.0772,10.0374
600845,宝信软件,0.1822,0.0554,1.9081,0.1,10.2778
600846,同济科技,0.0106,0.001,,0.0015,0.1735
600847,万里股份,0.0442,0.0048,0.4123,0.0073,0.7305
600848,上海临港,-0.0839,-0.0215,-11.4644,-0.0253,-2.8482
600850,华东电脑,-0.34,-0.0859,,-0.1587,-15.8676
600851,海欣股份,0.0414,0.0014,,0.004,0.5578
600853,龙建股份,0.0752,0.0024,,0.0028,0.363
600854,春兰股份,0.2475,0.0123,,0.0715,7.147
600855,航天长峰,-0.4386,-0.0296,,-0.132,-13.8983
600856,中天能源,0.0638,0.0108,5.7206,0.0162,1.6181
600857,宁波中百,0.0291,0.009,2.7985,0.0319,3.2179
600858,银座股份,-0.0681,-0.0251,-2.0439,-0.0401,-4.0807
600859,王府井,-0.0136,-0.0065,-0.3355,-0.0109,-1.137
600860,*ST京城,-0.0421,-0.0031,,-0.0059,-0.6077
600861,北京城乡,0.1393,0.0253,2.3653,0.1166,11.8153
600862,中航高科,-1.0423,-0.0294,,-0.035,-3.94
600863,内蒙华电,0.321,0.0213,,0.0275,7.7971
600864,哈投股份,-0.2208,-0.0149,-2.5304,-0.0355,-7.236
600865,百大集团,0.0035,0.0011,0.0336,0.0062,0.6232
600866,*ST星湖,0.2065,0.0404,3.0655,0.0967,11.6514
600867,通化东宝,0.211,0.0115,1.0501,0.0348,6.0491
600868,梅雁吉祥,0.9307,0.0141,,0.0229,3.7708
600869,智慧能源,0.2446,0.0464,,0.065,6.8802
600870,厦华电子,-0.1279,-0.0487,-7.1744,-0.0293,-3.3553
600871,石化油服,0.1794,0.0627,13.7653,0.3913,39.5928
600872,中炬高新,0.0258,0.0021,0.4464,0.0068,1.077
600873,梅花生物,-0.1664,-0.0391,-32.2004,-0.0544,-6.0699
600874,创业环保,-0.1485,-0.005,-1.0322,-0.0086,-2.1966
600875,东方电气,-0.1203,-0.0146,-2.6941,-0.0153,-1.6945
600876,洛阳玻璃,-0.0168,-0.0017,,-0.0019,-0.189
600877,中国嘉陵,-0.0992,-0.0217,,-0.0288,-2.9664
600879,航天电子,-0.3198,-0.0259,-4.0174,-0.0543,-6.0139
600880,博瑞传播,-0.2536,-0.0331,-0.7624,-0.1529,-16.8306
600881,亚泰集团,-0.0906,-0.0057,-1.5489,-0.01,-1.3611
600882,广泽股份,0.1168,0.0128,9.5758,0.0164,1.722
600883,博闻科技,-0.1028,-0.0044,,-0.0333,-3.3404
600884,杉杉股份,-0.0006,-0.0001,-0.0195,-0.0002,-0.0189
600885,宏发股份,-0.2382,-0.0449,,-0.0526,-5.2921
600886,国投电力,0.3746,0.0314,10.3854,0.0468,13.9373
600887,伊利股份,0.1035,0.045,4.3185,0.0628,6.6677
600888,新疆众和,0.2648,0.0174,1.6149,0.0645,13.3116
600889,南京化纤,0.0942,0.0064,0.2557,0.01,1.1234
600890,中房股份,-0.3609,-0.0046,,-0.0162,-2.3057
600891,秋林集团,-0.3744,-0.0248,-5.3323,-0.0318,-3.6155
600892,大晟文化,-0.5176,-0.0551,,-0.0505,-5.5361
600893,中航动力,-0.3925,-0.0343,-12.4528,-0.0445,-5.9442
600894,广日股份,-0.0643,-0.0187,-36.228,-0.0212,-2.2583
600895,张江高科,-0.7375,-0.0218,-2.0178,-0.0426,-4.8464
600896,览海投资,0.1325,0.0102,1.6892,0.0344,25.0967
600897,厦门空港,0.5492,0.0583,1.6366,0.3233,32.549
600898,三联商社,0.1111,0.0381,,0.0538,5.381
600900,长江电力,1.0632,0.0227,1.576,0.0674,8.9137
600958,东方证券,,,,,
600960,渤海活塞,0.0283,0.0032,,0.0045,0.4986
600961,株冶集团,-0.1268,-0.0318,-38.8214,-0.0499,-9.9686
600962,国投中鲁,0.7794,0.1051,,0.3032,30.6555
600963,岳阳林纸,0.0613,0.0045,2.7472,0.007,1.0654
600965,福成股份,0.2097,0.0432,,0.2229,22.2855
600966,博汇纸业,0.0831,0.0113,2.1554,0.0262,4.7668
600967,北方创业,-0.3359,-0.0708,-13.0653,-0.1224,-12.2838
600969,郴电国际,0.0971,0.0131,1.2572,0.0181,4.5186
600970,中材国际,-0.1502,-0.0243,-2.7267,-0.0269,-2.7531
600971,恒源煤电,0.2948,0.036,2.5465,0.0535,10.218
600973,宝胜股份,0.393,0.1022,15.0627,0.1588,16.7919
600975,新五丰,-0.0361,-0.0072,-1.1348,-0.0344,-3.5004
600976,健民集团,0.0659,0.0118,1.4682,0.0267,2.6708
600978,宜华生活,0.2221,0.0228,1.4349,0.0715,7.1859
600979,广安爱众,0.153,0.0146,,0.0213,3.1427
600980,北矿科技,0.2088,0.0094,,0.0357,3.7253
600981,汇鸿集团,0.053,0.026,3.734,0.0483,4.8997
600982,宁波热电,0.1143,0.0429,1.6751,0.1383,14.3342
600983,惠而浦,-0.1192,-0.0353,-0.8959,-0.0671,-6.7935
600984,建设机械,-0.1311,-0.0377,-8.0611,-0.0623,-6.2313
600985,雷鸣科化,-0.1171,-0.0207,-0.7068,-0.1114,-11.2061
600986,科达股份,2.2871,0.1001,,0.1618,16.4872
600987,航民股份,0.1234,0.0257,1.4057,0.1431,15.0277
600988,赤峰黄金,,-0.0075,,-0.0068,-0.6774
600990,四创电子,-0.8487,-0.0915,-77.5405,-0.2501,-25.9699
600992,贵绳股份,-0.1211,-0.0272,-5.3516,-0.0817,-8.1685
600993,马应龙,0.1834,0.0272,0.7257,0.0675,6.8045
600995,文山电力,0.0083,0.0013,0.0606,0.0027,0.3765
600997,开滦股份,0.1131,0.019,0.9358,0.0342,5.0509
600999,招商证券,,,,,
601001,大同煤业,0.168,0.0256,0.509,0.0786,12.0603
601002,晋亿实业,-0.1551,-0.0201,-38.7502,-0.0503,-6.6266
601003,柳钢股份,-0.0214,-0.009,,-0.0129,-1.7155
601005,*ST重钢,-0.0166,-0.0031,-2.0593,-0.0055,-0.8763
601006,大秦铁路,0.1706,0.0131,0.5667,0.0385,3.8483
601007,金陵饭店,0.0511,0.0049,0.6655,0.0429,4.2897
601008,连云港,-0.0787,-0.007,-0.9995,-0.0223,-2.7
601009,南京银行,,0.0393,10.6853,0.0438,
601088,中国神华,0.6633,0.0617,1.9731,0.1655,37.9882
601099,太平洋,,0.2864,11.8254,0.4221,
601101,昊华能源,,,,,
601107,四川成渝,,,,,
601111,中国国航,0.0688,0.0078,0.8788,0.0098,2.0745
601139,深圳燃气,,,,,
601158,重庆水务,,,,,
601166,兴业银行,,-0.0487,-18.1626,-0.0511,
601168,西部矿业,0.0889,0.0071,3.9151,0.015,2.0872
601169,北京银行,,-0.0123,-3.6187,-0.0134,
601179,中国西电,-0.2553,-0.0281,-8.2092,-0.0356,-4.3132
601186,中国铁建,0.039,0.0087,2.1189,0.0111,1.198
601200,上海环境,-0.0923,-0.0018,-2.395,-0.0033,-0.7226
601238,广汽集团,0.055,0.0027,0.092,0.0148,2.33
601318,中国平安,,0.0174,7.5925,0.0198,
601328,交通银行,,-0.0018,-0.6886,-0.0019,
601333,广深铁路,0.1485,0.0146,1.5521,0.066,14.3665
601390,中国中铁,0.0495,0.0111,2.9194,0.0146,1.6795
601398,工商银行,,-0.0121,-3.7598,-0.0128,
601518,吉林高速,,,,,
601588,北辰实业,0.1393,0.0064,0.7971,0.0099,1.9392
601600,中国铝业,-0.0033,-0.0003,,-0.0006,-0.1233
601601,中国太保,,0.0293,50.8955,0.0344,
601607,上海医药,0.0612,0.0339,4.4377,0.0453,4.5952
601618,中国中冶,,,,,
601628,中国人寿,,0.0494,9.7579,0.0573,
601666,平煤股份,0.2545,0.0432,1.8082,0.1034,14.4076
601668,中国建筑,0.0104,0.0022,0.3032,0.0026,0.3419
601678,滨化股份,,,,,
601688,华泰证券,,,,,
601699,潞安环能,0.0582,0.0126,0.3199,0.0252,3.0796
601727,上海电气,-0.027,-0.0042,-0.4007,-0.0062,-0.6623
601766,中国中车,-0.1725,-0.027,-4.488,-0.0453,-5.0809
601788,光大证券,,,,,
601801,皖新传媒,,,,,
601808,中海油服,0.2021,0.0137,0.8271,0.0214,3.7806
601857,中国石油,0.3464,0.0511,3.3667,0.1709,23.952
601866,中远海发,-0.0971,-0.0092,,-0.0264,-5.2495
601872,招商轮船,0.5102,0.0175,1.2992,0.0532,9.4613
601877,正泰电器,,,,,
601880,大连港,0.0756,0.0023,0.2481,0.0063,2.6329
601888,中国国旅,,,,,
601898,中煤能源,0.0932,0.0096,0.4787,0.0345,7.8149
601899,紫金矿业,0.1657,0.0302,0.8472,0.116,14.1966
601918,新集能源,0.1006,0.0087,0.403,0.0145,2.909
601919,中远海控,-0.3604,-0.032,,-0.0629,-14.1037
601939,建设银行,,-0.0211,-6.9618,-0.0224,
601958,金钼股份,-0.0453,-0.0015,-0.2682,-0.0358,-4.9732
601988,中国银行,,0.041,16.8466,0.0438,
601989,中国重工,,,,,
601991,大唐发电,0.2167,0.0115,129.8934,0.0142,3.9121
601998,中信银行,,-0.0587,-22.8145,-0.0637,
601999,出版传媒,-0.0117,-0.0018,-0.1191,-0.0051,-0.5143
