code,name,mbrg,nprg,nav,targ,epsg,seg
000001,平安银行,5.2788,7.8156,6.1623,22.4982,-20.4301,6.1623
000002,万科A,26.3902,34.4027,16.6986,12.0779,22.9947,14.9944
000004,国农科技,61.806,,-11.5824,3.1397,-42.3645,-14.7355
000005,世纪星源,-57.371,-139.4375,-0.8261,-9.5176,-133.3333,-0.8261
000006,深振业A,-40.9213,-53.8911,5.0964,19.2342,-53.8793,5.2857
000007,全新好,-18.922,,,-28.0384,-268.6275,25.2769
000008,神州高铁,-11.0565,-234.5246,0.2427,0.3092,-233.3333,0.2427
000009,中国宝安,43.9238,50.6116,11.992,29.4256,3.4483,9.1327
000010,美丽生态,50.3111,741.0424,-7.1354,-1.8255,-500.0,-26.8569
000011,深物业A,293.344,,21.9103,18.7537,-3482.7586,21.9433
000012,南玻A,-3.1068,-37.1368,9.8686,11.1746,-40.0,11.9526
000014,沙河股份,1443.0607,,34.227,26.5368,-218.6223,32.614
000016,深康佳A,-7.9801,-12.3691,4.486,24.5407,-0.299,5.3295
000017,深中华A,1.2462,,,-9.845,1123.9583,2.6009
000018,神州长城,-59.4046,,-18.566,-8.7357,-66.6667,-18.7345
000019,深深宝A,19.5818,-106.6437,0.0504,12.9992,-134.7107,1.2136
000020,深华发A,191.693,,5.2031,29.1392,-266.6667,5.2031
000021,深科技,-34.2297,-28.4881,15.674,12.9174,-23.0668,6.3099
000022,深赤湾A,-26.8061,-39.7638,3.5175,-5.4074,-39.5712,6.53
000023,深天地A,-20.8924,-163.0677,-0.142,17.767,-148.6957,-0.0935
000025,特力A,-45.9918,,-8.5207,-26.7945,-192.8571,8.3942
000026,飞亚达A,10.4415,-29.0931,4.5416,4.6395,-29.2208,4.6006
000027,深圳能源,-21.6905,98.4068,11.0806,-0.0342,113.6364,12.5396
000028,国药一致,29.1789,25.9518,31.574,29.9551,28.9474,31.2083
000029,深深房A,-1.4757,-44.328,0.3407,-4.6114,-44.9275,0.6962
000030,富奥股份,20.0,,,-30.0527,8.1019,5.2196
000031,中粮地产,-44.3945,-101.5504,3.5285,51.9131,-101.8182,-4.6348
000032,深桑达A,-37.5284,-67.6715,-4.292,-19.0788,-75.0865,-5.82
000033,*ST新都,-15.7507,,-0.2025,1.9103,109.6491,-0.2025
000034,神州数码,21.7081,,,-38.9387,-40.0,32.983
000035,中国天楹,-56.6166,-115.725,,-6.732,-115.5172,9.7003
000036,华联控股,1087.5364,,-5.1378,-2.2175,-430.4,-11.2853
000037,*ST南电A,-54.9147,57.5765,6.0176,-20.352,83.6364,5.5175
000038,深大通,,,,3972.7057,-32.5,-176.474
000039,中集集团,-68.704,-17.5373,-8.6776,-26.6188,-19.4286,-9.4059
000040,东旭蓝天,1.1279,,-13.8121,17.23,-6.6667,-14.7957
000042,中洲控股,356.5315,,13.4738,14.0115,-550.0755,13.6222
000043,中航地产,-23.4999,9.9025,23.3933,31.891,-35.732,16.5299
000045,深纺织A,-22.6046,-34.7392,-1.1385,-9.2571,-35.7143,12.5541
000046,泛海控股,-29.2608,-29.3941,0.8076,14.5576,-23.3766,0.8787
000048,康达尔,-13.8014,-119.5557,,19.6197,-130.3571,-22.2975
000049,德赛电池,-2.0668,,-14.5224,-6.9626,-988.4615,-10.5266
000050,深天马A,27.5045,-615.1831,-9.5114,7.6122,-256.3636,-13.996
000055,方大集团,1.1768,36.8533,10.4765,23.1616,41.0,3.9789
000056,皇庭国际,28.9584,,-21.2968,12.2569,1563.3333,-6.1961
000058,深赛格,-6.0409,-546.2299,-5.7868,-8.1812,-602.7027,-11.0776
000059,华锦股份,-23.7111,-8.125,5.5536,37.9164,-8.0,5.5536
000060,中金岭南,-28.7007,-81.7062,11.0116,8.687,-83.0508,0.8729
000061,农产品,16.3257,44.6763,0.0158,-1.1601,-5.2632,2.5811
000062,深圳华强,-38.6566,,0.7082,-5.5658,18.1818,0.8303
000063,中兴通讯,40.4413,29.7737,13.3057,36.295,9.7561,13.0996
000065,北方国际,58.9139,,24.926,62.7293,-245.4545,17.4659
000066,中国长城,-4.3323,117.1913,2.1669,21.5201,114.2857,2.1669
000068,华控赛格,-74.2166,-7071.7425,-50.8264,-45.0768,-7077.4194,-50.8264
000069,华侨城A,67.2666,7.3864,20.896,18.7385,4.2169,12.6087
000070,特发信息,30.6284,82.8218,7.2711,0.2333,73.7589,6.7801
000078,海王生物,10.3935,-52.5328,-14.6,3.2521,-38.5859,-6.4279
000088,盐田港,-16.1457,-17.2706,5.0546,9.24,-16.9475,4.3935
000089,深圳机场,4.4345,295.4719,10.1639,8.9392,307.0388,10.5637
000090,天健集团,10.9984,11.0507,-11.4624,-7.4288,-26.0532,-11.4624
000096,广聚能源,-65.1076,-31.0,2.0821,-8.6178,-29.4118,4.5457
000099,中信海直,19.2072,202.6585,8.3172,-2.989,190.3587,8.3012
000100,TCL集团,-5.4773,-67.9761,20.0359,0.8712,-77.4769,26.0633
000150,宜华健康,149.2143,143.6043,17.2195,-3.828,158.3784,22.1179
000151,中成股份,29.2164,-17.1655,1.3803,-8.5909,-11.9454,1.3473
000153,丰原药业,3.7696,67.1371,2.9161,7.7096,53.3654,2.6685
000155,*ST川化,-7.6302,-50.5103,2.9861,5.0979,-30.4348,2.9168
000156,华数传媒,10.4807,149.4102,,-38.667,156.4103,-5.573
000157,中联重科,49.0754,21.2738,37.4795,97.3834,20.2293,35.7044
000158,常山股份,-23.0507,193.7957,8.1717,1.354,175.0,8.3427
000159,国际实业,-51.1862,-17.1671,-1.1102,24.8507,-21.2717,-1.0671
000166,申万宏源,,41.9754,15.9971,11.9857,41.1765,15.9971
000301,东方市场,-18.1673,-43.8558,1.701,16.4838,-44.9735,1.3895
000333,美的集团,-12.6094,12.7812,17.3595,7.9719,,30.0148
000338,潍柴动力,-24.6987,-31.9642,14.106,18.5822,-53.9185,19.5883
000400,许继电气,11.8898,69.3394,3.0636,-4.6181,34.6702,0.6932
000401,冀东水泥,12.8813,88.6375,12.273,19.2649,61.6816,8.3155
000402,金融街,33.9084,480.7894,7.6914,19.2912,400.0,7.9645
000403,ST生化,-44.0079,-102.5907,-53.5025,-30.1201,-99.4643,-98.166
000404,华意压缩,-9.3377,8.6183,10.4979,-8.1272,8.9231,6.3005
000407,胜利股份,-39.3724,-52.1298,18.6574,-15.3237,-64.2857,22.0715
000408,*ST金源,-91.6539,,-34.3463,-32.2637,50.8333,-34.112
000409,山东地矿,,,-1.3363,-0.5761,53.8462,-1.3363
000410,沈阳机床,-14.5316,-197.9747,-4.6273,11.5816,-200.0,-7.8508
000411,英特集团,14.6161,36.9224,14.7994,2.5974,37.0902,18.3494
000413,东旭光电,-72.7897,-288.8931,-1.4069,-9.9462,-271.0843,-1.7954
000415,渤海金控,-41.5931,,-28.6376,-14.0337,91.8182,-22.6051
000416,民生控股,-4.4165,,10.8044,17.1367,-656.1321,9.6619
000417,合肥百货,13.4103,50.4985,6.9805,7.5484,31.3982,5.049
000418,小天鹅A,-21.5284,-11.4283,-0.4278,-20.3172,0.0,4.6674
000419,通程控股,21.1578,12.8666,-9.0681,24.9801,-27.3758,-1.0112
000420,吉林化纤,-11.3263,,-28.9705,4.5708,9.1476,-30.9795
000421,南京公用,-7.5934,-36.481,-0.4573,-12.2668,-37.5415,4.8091
000422,湖北宜化,4.1875,-64.5095,7.5026,7.7527,-69.7605,-0.7881
000423,东阿阿胶,10.766,33.9592,17.8624,21.4471,30.4348,17.9981
000425,徐工机械,-0.5723,148.2302,14.1154,17.052,1100.0,10.7018
000426,兴业矿业,-4.0332,9981.4142,-9.9201,-37.8326,2900.0,-8.869
000428,华天酒店,39.2089,-27.1702,5.4449,19.7301,-58.0645,5.4816
000429,粤高速A,-4.2842,-12.2511,6.5296,22.4575,-15.0,7.2454
000430,张家界,-11.6828,-362.8144,,-11.4889,-275.0,-25.898
000488,晨鸣纸业,-21.9475,-82.7616,1.4062,10.8384,-86.1818,1.4441
000498,山东路桥,54.5147,,,-12.8155,-13.0435,-2.8115
000501,鄂武商A,15.894,23.1019,6.7835,27.9712,78.6667,27.859
000502,绿景控股,-37.0028,-4.0085,17.7835,-6.9738,-3.2197,27.5143
000503,海虹控股,8.0111,,-0.5794,8.559,50.0,-0.6999
000504,*ST生物,-55.5762,,-38.7822,-15.7291,-8.1886,-38.7822
000505,*ST珠江,17.4811,,285.9982,83.4693,-280.6364,314.125
000506,中润资源,16449.3436,,,1545035.806,-3674.1935,-440.4912
000507,珠海港,-85.6978,-168.6239,-1.6279,-14.7096,-168.7586,-1.6123
000509,华塑控股,-10.9468,,-87.0865,-18.5034,-63.8575,-96.18
000510,金路集团,-25.3639,,-5.9405,2.3624,11.8987,-5.9973
000511,*ST烯碳,-51.551,-64.3929,4.2838,0.2782,-66.6667,4.2838
000513,丽珠集团,9.0861,276.3172,9.2476,-5.1819,315.0,8.2227
000514,渝开发,7.4437,-16.2808,3.8324,22.3272,-30.1273,4.9914
000516,国际医学,14.6364,32.6965,9.9898,31.2409,-31.7204,9.6298
000517,荣安地产,65138.0192,,,1281.8684,-304.65,-878.8879
000518,四环生物,3.7342,-119.2573,-16.3532,-8.4146,-117.3913,-15.9022
000519,中兵红箭,-11.0256,,-3.624,-10.3546,-126.9841,-3.5263
000520,长航凤凰,-38.113,-178.715,-9.637,14.8784,-185.6471,-10.5303
000521,美菱电器,2.7773,106.8709,1.6637,2.3255,113.9942,1.9599
000523,广州浪奇,-13.5619,6.518,1.4503,7.7069,8.0,1.3059
000524,岭南控股,-25.3881,-1105.1283,0.0307,0.4653,-1057.1429,0.0307
000525,红太阳,-5.6985,-55.0173,-1.673,-4.4644,-46.3,-2.5169
000526,*ST紫学,-89.6782,,-10.9967,2.9745,760.0,-10.9555
000528,柳工,-11.1741,1.1226,34.2951,8.174,-6.4103,34.7123
000529,广弘控股,699.5728,,,73.6542,-141.5652,-221.7464
000530,大冷股份,-20.591,-5.4063,4.4312,3.636,-5.2632,4.8754
000531,穗恒运A,3.6592,775.0547,16.6562,12.7932,1089.25,8.0919
000532,力合股份,-21.3585,,9.9274,3.2398,-318.0,4.6566
000533,万家乐,-8.7397,1.4115,10.6168,-4.8866,1.3109,10.6168
000534,万泽股份,530.3809,,10.1687,21.7672,-5.6667,0.8209
000536,华映科技,-20.3616,-98.9726,2.6366,-10.4333,-99.4,2.5729
000537,广宇发展,575.434,,3.0294,-10.5068,172.7273,-9.7905
000538,云南白药,30.6025,32.1966,107.0342,73.9775,19.0476,112.7192
000539,粤电力A,-7.4107,,1.9342,12.9351,-810.0,3.5484
000540,中天金融,105.3036,77.928,86.0415,89.1603,1.4181,93.0806
000541,佛山照明,-9.0967,-50.2258,-0.3441,-2.1881,-69.5652,-0.7233
000543,皖能电力,-2.4725,44.77,9.3298,24.9401,37.5,5.2876
000544,中原环保,15.4252,2.2842,16.5517,10.5957,2.3438,16.5517
000545,金浦钛业,-29.2629,-581.9696,19.8225,-5.0002,-700.0,19.8534
000546,金圆股份,2367.1344,2628.2445,-16.0772,-11.3826,8700.0,-18.7749
000547,航天发展,-9.1824,-12.8499,1.9186,0.6677,-18.3673,0.8096
000548,湖南投资,6.1071,258.2783,-0.3887,-2.222,289.7436,0.2181
000550,江铃汽车,3.0038,-15.9138,11.5661,5.5916,-19.3548,11.179
000551,创元科技,-16.7982,-27.6173,1.5526,-1.0584,-35.7143,1.4527
000552,靖远煤电,15.0108,4.1958,44.6326,23.2719,0.0,44.6326
000553,沙隆达A,-21.3375,-42.1331,11.4488,0.4341,-42.8901,12.1555
000554,泰山石油,-9.8709,-94.716,-1.3529,-9.087,-95.8333,-1.3529
000555,神州信息,-75.1127,-1143.9593,,-5.6271,-660.0,4.3163
000557,西部创业,-68.8867,,,-64.7376,-872.8285,-46.2949
000558,莱茵体育,-54.8062,-40.8669,19.9282,23.2401,-45.0319,21.4955
000559,万向钱潮,-10.3713,-34.0925,-29.9039,-0.2533,-11.2903,-19.7519
000560,昆百大A,-13.077,-52.1008,0.3819,-14.1508,126.9634,16.8302
000561,烽火电子,-10.3509,,,-18.1664,81.8182,-89.7893
000563,陕国投A,,-58.6878,17.4408,17.193,-54.955,17.4408
000564,供销大集,12.4583,90.9698,9.1352,8.676,90.8898,9.1352
000565,渝三峡A,3.0335,-6.7296,9.6339,10.9914,4.2553,8.1318
000566,海南海药,41.6147,38.7821,19.138,19.2362,42.8571,34.4823
000567,海德股份,-46.2321,-44.2527,17.5305,-9.832,-44.2336,17.5305
000568,泸州老窖,4.4268,15.4944,15.632,24.8967,14.7048,15.7494
000570,苏常柴A,8.4517,4139.7226,22.4032,40.294,4445.4545,22.4929
000571,新大洲A,20.9809,158.7033,24.1776,10.8793,148.6692,9.9396
000572,海马汽车,-29.1997,-347.4776,15.6217,6.0049,-276.6556,25.2336
000573,粤宏远A,21.6943,93.226,-7.5447,-4.2774,100.0,-7.5447
000576,广东甘化,-32.7409,,-15.7477,-9.012,-1400.0,-15.0804
000581,威孚高科,-32.7422,-31.5287,-0.8562,-15.3591,-31.8182,-0.9781
000582,北部湾港,11.3492,633.5777,19.3956,-1.6115,640.0,20.0837
000584,友利控股,-21.1864,-101.6974,-6.7428,-16.6073,-95.48,-4.5013
000585,东北电气,-50.9938,-2504.8182,-41.2928,-29.8244,-2066.6667,-41.3444
000586,汇源通信,-43.9804,,-50.0935,-26.9394,-79.1667,-51.1986
000587,金洲慈航,-4.9011,,,-19.4794,-14.2857,118.7254
000589,黔轮胎A,-1.5181,132.9411,6.187,11.4762,120.0,6.0999
000590,启迪古汉,15.2127,-117.3142,-0.1495,0.5057,-116.5556,-0.1495
000591,太阳能,18.1544,58.6635,4.5348,1.7223,63.6364,-1.4424
000592,平潭发展,1.3962,-53.4777,5.9201,15.1367,-45.6604,14.1642
000593,大通燃气,13.3741,25.5152,2.106,-1.4816,23.8095,2.0771
000595,*ST宝实,-52.789,-142.8454,5.5022,-0.7519,-138.8889,5.6651
000596,古井贡酒,3.1729,94.9637,-19.971,-14.7356,87.5,-20.0284
000597,东北制药,13.2973,126.5147,84.4077,32.3223,106.3043,84.4471
000598,兴蓉环境,-28.0801,-492.9021,-23.4725,8.4846,-510.5213,-24.5464
000599,青岛双星,-31.0874,174.5943,-16.97,-7.3779,140.0,-16.2326
000600,建投能源,15.9924,34.1712,1.9631,6.4414,11.1111,1.004
000601,韶能股份,-30.5725,100.7017,-5.0026,0.4059,7.5243,-2.73
000603,盛达矿业,-58.8434,-122.9232,-6.8271,-4.4099,-124.2424,-6.8271
000605,渤海股份,3.2567,-87.2337,-3.9931,-32.5383,-87.0,-4.1847
000606,神州易桥,11.8006,-159.2557,26.083,6.0125,-141.3333,27.5612
000607,华媒控股,-35.0023,11.5136,-2.5061,-12.432,-80.0,0.2272
000608,阳光股份,-36.128,133.1206,14.2451,16.1614,170.5882,10.2912
000609,绵石投资,-99.0688,-97.5637,-16.7556,-19.22,-97.5505,-17.9291
000610,西安旅游,2.1319,-167.4205,-0.4471,17.8285,-156.5836,-0.4878
000611,*ST天首,-45.7314,-12.6017,19.309,-1.109,-47.619,2.7193
000612,焦作万方,-31.3091,-97.5788,-3.5231,5.5966,-97.6109,-3.5236
000613,*ST东海A,-12.0084,-208.8347,15.3039,-5.7201,-207.0175,15.3039
000615,京汉股份,-20.3871,,-17.4409,-10.138,-2075.0,-17.4684
000616,海航投资,150.0677,19.8781,9.5159,16.0008,-23.0769,9.5305
000617,中油资本,32.5647,45.8565,17.8582,18.1206,50.0,18.6853
000619,海螺型材,-12.4292,120.749,7.6608,-4.0825,146.4715,7.6558
000620,新华联,,,55.1076,13.0419,-122.2222,55.1076
000622,*ST恒立,-36.8558,,,-7.7493,-78.0,-10.1154
000623,吉林敖东,5.0807,27.3522,19.3141,13.4421,27.4687,19.9649
000625,长安汽车,43.1879,20.914,0.6947,15.9231,21.0526,0.6071
000626,远大控股,-42.5401,-89.7385,-17.1622,-31.6681,-97.5113,-14.3288
000627,天茂集团,-28.7941,-43.4997,-1.5034,2.464,-45.4545,-1.5004
000628,高新发展,-41.1734,-229.5463,0.8219,3.4564,-300.0,-0.6675
000629,*ST钒钛,34.7582,-386.2847,47.7431,115.1866,-276.9231,43.152
000630,铜陵有色,-46.8591,-42.1287,10.3574,-2.3729,-47.8261,5.9785
000631,顺发恒业,,86.5731,,2107.3952,-63.6364,-3876.6583
000632,三木集团,-20.385,2.5735,-11.5737,-0.3275,-45.4545,0.0611
000633,*ST合金,50.4818,379.193,56.6403,-24.0467,208.9744,110.8259
000635,英力特,-24.5669,-68.9892,-1.7836,1.2599,-80.2682,-4.9731
000636,风华高科,-27.0734,,-15.9038,-9.1182,-102.0134,-15.98
000637,茂化实华,-47.2144,31.3709,2.8447,73.1943,34.3284,2.8447
000638,万方发展,-23.1584,659.1839,,539.3378,12400.0,-128.6905
000639,西王食品,-39.7899,-198.3572,-1.9252,-5.234,-250.0,-2.3861
000650,仁和药业,34.69,72.3171,33.7071,21.4786,69.5455,33.7071
000651,格力电器,-19.885,21.9131,31.5689,49.1499,-45.1235,28.7316
000652,泰达股份,-14.988,-8.3759,5.3165,7.3669,-13.7778,5.7974
000655,金岭矿业,-38.9251,-70.0241,36.2482,25.3953,-82.3529,36.2482
000656,金科股份,-7.929,-69.9554,0.7269,-1.0776,-72.2222,1.4708
000657,中钨高新,-54.1678,,-7.238,-18.9371,6200.0,-7.238
000659,珠海中富,-10.5896,56.5825,3.3244,-8.5114,85.7143,3.1481
000661,长春高新,36.0587,4730.6897,19.7991,5.1682,1587.5,19.2018
000662,天夏智慧,-28.2775,-94.3635,-3.11,11.169,-94.5493,-2.3724
000663,永安林业,-26.3673,-33.1853,6.8501,4.6746,-37.8378,7.1242
000665,湖北广电,58.3136,50.2791,6.1637,2.0602,-42.2535,3.2256
000666,经纬纺机,-41.4497,-316.584,-5.8595,-9.2229,-277.7778,-4.9854
000667,美好置业,-69.8718,-71.9605,2.2501,3.7746,-73.6842,2.3766
000668,荣丰控股,-96.1918,-21.8721,13.7848,82.6483,-30.0,3.5898
000669,金鸿能源,-61.6631,-156.5647,-2.4156,-4.5803,-156.3725,-2.4156
000670,盈方微,-83.7517,-70.5198,0.3836,30.6094,-87.0,-0.4048
000671,阳光城,-13.3006,-56.2564,67.7593,52.0899,0.0,166.6169
000672,上峰水泥,23.2112,,69.5389,5.5621,122.7273,69.5389
000673,当代东方,-100.0,,-60.7512,-48.856,-99.2908,-60.7512
000676,智度股份,-1.2062,-407.3195,-10.5211,-2.1403,-522.2222,-10.5912
000677,恒天海龙,-8.0141,-57.5537,-9.0588,18.6238,-57.1429,-14.646
000678,襄阳轴承,-23.1373,-49.83,0.0578,-2.0765,-50.0,-0.3278
000679,大连友谊,20.4797,-13.0124,11.1766,-7.1555,2.0513,12.2843
000680,山推股份,-8.8802,-47.0874,8.6477,7.0178,-47.0588,8.4542
000681,视觉中国,-84.2528,,-25.467,-33.4946,-49.3333,-23.8346
000682,东方电子,5.6636,39.5297,2.6682,5.4194,5.9406,1.508
000683,远兴能源,-41.2144,-181.5962,28.8199,31.8203,-170.0,2.7238
000685,中山公用,32.6869,31.6821,19.3816,4.6789,23.0769,18.2165
000686,东北证券,,38.7617,8.3192,2.764,27.1186,8.3308
000687,华讯方舟,-14.6437,218.5654,-13.4181,-16.2006,212.9032,-13.4111
000688,建新矿业,,,,135.9535,-78.5,-3.8226
000690,宝新能源,186.1195,-9.1709,16.8445,15.1171,-10.0,16.8445
000691,ST亚太,-99.9856,,-22.5468,-6.2765,75.2809,-18.9763
000692,惠天热电,32.4932,,6.0234,1.1423,-132.5893,6.0234
000693,ST华泽,-6.7238,,,-10.5612,-0.0,-3.7624
000695,滨海能源,28.0188,,-10.3606,1.2077,281.1321,-10.5278
000697,炼石有色,-44.995,,-14.0292,-16.2281,14.8515,-14.091
000698,沈阳化工,-31.9273,-93.4294,50.9629,29.8365,-93.1646,53.1622
000700,模塑科技,45.7826,56.2844,-4.8045,34.2919,-13.9048,-23.3298
000701,厦门信达,53.9058,43.9897,2.1627,0.3581,23.9085,2.8689
000702,正虹科技,-12.2901,-47.6492,-0.1019,-8.2536,-50.0,0.0436
000703,恒逸石化,-53.2154,-2647.7197,-11.6381,-15.2499,-3150.0,-11.6487
000705,浙江震元,5.9606,24.9366,1.7101,-1.0545,24.1736,1.5664
000707,双环科技,-7.6878,-108.3669,2.1762,12.3138,-110.7232,-2.0919
000708,大冶特钢,-42.3063,-46.515,3.3146,-5.3543,-46.8085,3.3146
000709,河钢股份,-39.8056,-95.8016,1.5696,-1.2687,-96.0,0.8434
000710,*ST天仪,12.3789,416.2843,13.7733,11.025,426.9231,6.6892
000711,京蓝科技,3.5173,-409.8409,-0.5618,6.3105,-120.0,0.9245
000712,锦龙股份,-15.2585,391.9973,-16.7745,-9.7571,438.1081,10.8962
000713,丰乐种业,-5.1125,1.8985,4.148,10.0767,4.1168,4.5655
000715,中兴商业,3.8283,26.816,8.4407,-7.2733,29.4167,8.4407
000716,黑芝麻,0.4705,215.1018,-28.0656,-3.9466,129.1667,-22.7713
000717,韶钢松山,-46.8797,-149.1279,-29.2775,-11.3921,-149.1142,-29.2775
000718,苏宁环球,-36.6016,-45.3238,43.1576,33.4495,-76.7123,44.9914
000719,大地传媒,,,,-69.1381,12.0,-75.6056
000720,新能泰山,5.5852,,-21.4971,25.1739,-60.8098,-21.883
000721,西安饮食,3.9748,-3.4308,4.0228,1.2039,-1.9868,3.9974
000722,湖南发展,16.7281,,-20.2592,-15.5204,854.0,-40.7862
000723,美锦能源,-62.7398,-119.7339,3.0327,-23.818,-120.9302,3.0005
000725,京东方A,-58.2609,-246.5047,188.542,94.2453,-200.0,238.0295
000726,鲁泰A,-0.8529,-8.8983,46.849,-0.9676,-25.7143,52.3066
000727,华东科技,-18.3645,-258.8409,-6.6716,-6.4869,-392.6154,-6.5195
000728,国元证券,,13.1188,4.4694,7.733,12.5,4.4628
000729,燕京啤酒,18.9785,27.3104,25.2661,-1.9214,13.6992,29.5936
000731,四川美丰,49.013,17.2421,6.7425,10.4074,14.5526,9.7774
000732,泰禾集团,-71.0257,45.7292,,20.676,45.7584,-107.6337
000733,振华科技,9.1713,7.6714,3.9365,4.9061,0.0,2.932
000735,罗牛山,-9.7106,-79.3999,1.1411,6.7751,-83.2143,0.5019
000736,中房地产,3556.5524,,,1000.6457,-49.0662,-1099.2834
000737,南风化工,-11.9078,-71.8301,-3.2259,11.1632,-207.8947,-2.9736
000738,中航动控,44.9723,703.2135,-9.9353,-7.1944,585.7143,-10.8489
000739,普洛药业,1.2287,7.6944,1.8247,5.9478,4.3333,3.3926
000750,国海证券,-2.6711,,-14.0628,-6.6682,-63.7534,-14.0367
000751,锌业股份,-44.8582,,-33.0769,-8.5132,-74.9444,-33.1831
000752,西藏发展,35.3036,22.1419,7.6026,16.5298,4.7619,4.2253
000753,漳州发展,41.678,24.8252,9.0949,-10.5055,21.9512,10.0573
000755,*ST三维,-26.8421,-170.8539,-7.5791,4.8953,-170.7819,-7.578
000756,新华制药,4.9217,91.3221,4.3083,12.8232,125.0,4.1367
000757,浩物股份,21.3424,,,-4.2079,7.1429,0.8942
000758,中色股份,-36.2746,-84.7421,-1.8521,2.3458,-82.7225,2.3263
000759,中百集团,10.4711,19.1656,8.4546,14.1389,13.3333,8.8814
000760,斯太尔,14.612,,-33.7271,9.6764,-89.6667,-35.1415
000761,本钢板材,-12.2975,-189.605,-11.913,5.3617,-189.5923,-11.913
000762,西藏矿业,-79.4486,-174.3266,-4.6669,-4.1184,-172.2222,-5.8751
000766,通化金马,4.836,2.5814,3.1856,4.0546,2.4911,3.1856
000767,漳泽电力,18.5237,,-27.0091,20.5649,-72.2222,-27.1313
000768,中航飞机,-51.0082,-157.4657,7.0972,-0.6687,-117.2138,2.3112
000776,广发证券,-19.0854,-32.6964,3.9405,-1.2694,-25.0,3.9405
000777,中核科技,9.2304,30.6958,9.6334,26.0041,39.8907,5.4408
000778,新兴铸管,17.0105,21.6587,10.9416,4.6479,32.6295,6.6191
000779,三毛派神,-37.161,-446.7386,3.8601,-2.8493,-439.1304,3.8601
000780,平庄能源,14.3993,39.4261,46.465,4.7657,38.8889,46.465
000782,美达股份,-35.8242,86.7893,-16.3995,-21.732,50.0,-16.4346
000783,长江证券,,0.3068,4.6404,-25.0672,0.0,4.6404
000785,武汉中商,5.872,65.2267,5.8344,1.0418,44.1441,9.6339
000786,北新建材,21.5869,31.8622,13.2451,15.221,6.2827,10.644
000788,北大医药,30.6334,158.3967,69.9746,72.0281,100.0,67.8313
000789,万年青,30.0026,-61.5422,4.1622,49.2333,-68.9931,-0.8261
000790,泰合健康,12.0716,-57.8408,-0.3476,0.5695,-46.6667,1.054
000791,甘肃电投,6.2343,,6.0407,3.3414,-104.5455,9.9018
000792,盐湖股份,36.397,59.8467,31.3498,11.7038,54.5673,28.5201
000793,华闻传媒,-18.3359,-29.233,6.6779,0.8724,-23.937,6.1501
000795,英洛华,-18.0837,-75.1114,-46.1419,-13.6342,-73.3333,-46.127
000796,凯撒旅游,7.5429,143.6588,2.3989,-12.0417,84.0,2.292
000797,中国武夷,32.0654,257.3318,16.5634,21.6021,52.0,7.2548
000798,中水渔业,37.7119,,-15.1624,-41.5854,-146.6535,-1.955
000799,酒鬼酒,31.4514,96.2193,-4.809,-8.7586,94.958,8.2231
000800,一汽轿车,11.5134,1.1969,9.8744,12.2398,5.8237,9.6539
000801,四川九洲,-45.2963,-156.7772,5.8453,-28.0343,-158.4795,6.2135
000802,北京文化,-0.347,,-8.1024,-5.2609,-150.0,-7.9311
000803,*ST金宇,41.5183,-27.6919,24.8157,10.2367,-38.4615,23.9921
000806,银河生物,-37.1747,,-15.2929,-25.08,-377.2222,-15.4241
000807,云铝股份,-28.4895,-191.8354,-3.9662,8.9946,-178.0142,-9.4907
000809,铁岭新城,12.1886,-432.0985,-0.4695,-6.0328,-431.2977,-2.2806
000810,创维数字,-1.9335,-36.9655,1.7109,-3.8941,-48.4536,2.2645
000811,烟台冰轮,-17.286,1.708,-1.4703,1.8094,0.0,0.539
000812,陕西金叶,4.8258,84.4259,5.8261,5.53,44.4444,5.375
000813,德展健康,-18.9422,-12.1877,1.7938,-4.9647,-11.1111,0.7599
000815,美利云,-36.6386,-92.3988,2.7005,11.6949,-93.5484,2.5536
000816,智慧农业,-13.135,80.96,5.5713,-0.4106,18.7335,5.3968
000818,方大化工,-59.7979,-1760.2128,-39.9684,-7.1343,-1729.8077,-39.5417
000819,岳阳兴长,-56.5963,-64.4178,17.851,-4.7044,-64.257,17.851
000820,神雾节能,-9.923,,-55.3058,-0.204,-128.2486,-55.3058
000821,京山轻机,-29.942,-864.3435,-1.8505,-1.1651,-785.7143,-1.8287
000822,山东海化,-52.8717,-182.4507,-8.809,-5.7595,-184.8485,-8.533
000823,超声电子,-13.3272,-33.5397,4.054,-9.1875,-35.6061,3.5264
000825,太钢不锈,-32.3455,-132.0446,6.291,-1.8138,-119.2649,6.998
000826,启迪桑德,32.1524,32.056,93.9217,45.2393,-42.3077,109.4939
000828,东莞控股,3.889,31.8514,3.0793,2.7117,31.8633,3.0793
000829,天音控股,-16.0304,-35.2147,7.1723,-0.8498,-39.3939,6.8884
000830,鲁西化工,-11.2465,-53.6425,2.3604,8.6556,-46.6667,6.1875
000831,*ST五稀,-39.9514,-561.4811,-50.7519,-21.9865,-476.1246,-50.7793
000833,贵糖股份,-24.8698,-111.0753,1.2147,-10.3117,-111.1111,0.7149
000835,长城动漫,-41.0939,-78.9712,2.5573,-3.3126,-83.8054,2.6176
000836,鑫茂科技,1.4469,,116.7369,43.9549,521.4765,145.1403
000837,秦川机床,-14.6609,-24.8713,7.1497,0.776,-25.5682,7.66
000838,财信发展,-100.0,-135.0938,-2.8294,-3.5448,-135.0649,-2.8294
000839,中信国安,-15.1767,331.5438,11.7654,0.7415,327.8093,13.0461
000848,承德露露,-23.0412,-17.7605,1.5491,-11.2302,-12.5,4.9136
000850,华茂股份,-2.8029,-48.0151,7.9777,20.8062,-40.9091,7.5384
000851,高鸿股份,91.7593,15.0173,0.7159,6.9621,0.0,0.4539
000852,石化机械,0.0369,-0.5298,8.4502,8.0798,-22.2222,8.395
000856,冀东装备,-31.5722,,-65.9887,-4.3753,-45.0,-67.5503
000858,五粮液,16.1751,23.8317,17.8488,33.0214,24.0469,17.7601
000859,国风塑业,-40.0183,-279.068,-4.4048,-7.8863,-276.9932,-4.3494
000860,顺鑫农业,-1.6258,-30.0787,6.3711,15.4143,-36.0202,6.1195
000861,海印股份,38.1018,315.4652,156.417,109.3067,55.5556,163.1471
000862,银星能源,104.0917,-56.2425,6.3454,24.1226,-62.4354,4.1756
000863,三湘印象,-98.1383,-141.2308,,-16.7199,-139.3939,7.6317
000868,安凯客车,-37.3083,-241.7056,0.5945,-8.4376,-200.0,1.2185
000869,张裕A,8.1361,13.6145,14.8141,12.7227,13.1579,15.5441
000875,吉电股份,14.6924,,-15.8591,56.0809,33.3333,-16.0807
000876,新希望,-13.3639,41.8436,0.532,-5.3132,16.6667,1.8138
000877,天山股份,26.3668,100.0188,22.3134,36.5711,128.4726,30.5497
000878,云南铜业,-63.6804,-116.9662,-44.3901,-32.5191,-123.0415,-51.7513
000880,潍柴重机,61.9376,39.3683,17.4653,69.7078,40.0,17.4653
000881,中广核技,13.1045,101.7864,25.0158,0.9117,47.3684,18.1995
000882,华联股份,1.4339,289.0999,178.6786,150.4522,289.011,178.3505
000883,湖北能源,9.1777,27.5385,1.015,34.4287,45.8929,-3.8437
000885,同力水泥,1.2234,0.8442,20.6285,2.3771,0.2415,23.5878
000886,海南高速,-28.807,113.8094,1.4395,-49.4517,75.0,1.6203
000887,中鼎股份,67.3199,67.4108,52.2468,94.6793,10.0529,39.5116
000888,峨眉山A,46.7751,,7.8172,0.1054,-175.0,7.7665
000889,茂业通信,1.3299,-513.2702,-0.7137,-0.2478,-520.0,-0.735
000890,法尔胜,-31.2467,36.6291,1.6151,1.002,-33.3333,0.4586
000892,欢瑞世纪,-100.0,,,-99.9746,-96.7273,-99.305
000893,东凌国际,-31.3464,-128.2086,-19.1852,-30.1346,-133.3333,-19.1852
000895,双汇发展,0.7376,38.791,20.9043,56.253,29.8015,21.2284
000897,津滨发展,-31.1443,-88.8862,-3.1627,5.8929,-84.1642,0.7869
000898,鞍钢股份,-25.2091,-126.1371,-10.7072,2.633,-126.1185,-10.7072
000899,赣能股份,-18.742,,2.4512,-1.2603,3717.6471,5.7816
000900,现代投资,12.4078,12.2601,9.4634,7.972,12.3288,9.5505
000901,航天科技,14.9632,403.0673,-14.7061,-13.8248,403.2967,-14.9651
000902,新洋丰,-26.5546,,-8.1904,13.2992,-108.3333,-10.8868
000903,云内动力,29.3785,-26.4527,1.3811,11.0325,-15.0,2.7372
000905,厦门港务,-59.5159,-56.1222,-0.0316,-12.0394,-61.5385,1.3589
000906,浙商中拓,227.4289,-422.5555,33.6187,47.6715,-600.0,-1.2605
000908,景峰医药,-26.9587,-597.1097,-18.2795,12.7095,-1000.0,-19.5857
000909,数源科技,-53.9177,252.3352,-3.6628,33.1279,883.6066,-4.2713
000910,大亚圣象,-5.0832,-30.6744,-6.3515,-0.6711,-12.0,0.509
000911,南宁糖业,-14.5348,-59.6798,-2.1499,4.4028,-59.375,-2.8235
000912,泸天化,-20.2865,-66.8444,15.3117,20.725,-59.5745,4.7494
000913,*ST钱江,-18.0254,29.5054,0.0894,-8.0069,42.8571,3.8373
000915,山大华特,-8.3592,36.7092,11.3936,-7.1166,91.0,6.4805
000916,华北高速,-16.0772,-6.6452,4.205,4.0549,-7.0588,4.282
000917,电广传媒,15.5941,-30.0107,7.3975,15.6914,-75.3086,-1.7611
000918,嘉凯城,-35.4589,,,18.9382,358.3333,417.9884
000919,金陵药业,6.1087,189.2308,1.2331,0.7973,185.7143,0.7301
000920,南方汇通,-54.2698,73.8973,-20.2909,-20.2675,104.7478,-21.962
000921,海信科龙,-5.6077,122.8471,,-6.9016,120.3652,20.0579
000922,*ST佳电,-25.5044,,-34.0625,-15.1509,98.1413,-36.8124
000923,河北宣工,-13.076,-15.5296,9.2903,-0.1788,-8.4592,9.2903
000925,众合科技,665.5483,620.9561,382.823,575.3721,388.8889,395.9097
000926,福星股份,3.921,-37.874,62.7278,16.5476,-53.6866,61.7583
000927,一汽夏利,7.2377,-48.9772,1.0888,9.0291,-50.0,0.9988
000928,中钢国际,-40.9942,19.4832,3.1336,-1.4166,19.0184,3.1336
000929,兰州黄河,-13.6502,-18.3768,6.2776,-7.8894,-23.0769,5.6952
000930,中粮生化,-3.5025,79.6894,12.483,-8.0492,76.3889,6.6285
000931,中关村,-0.4835,-2.8992,9.9734,-6.2132,26.7857,13.9056
000932,华菱钢铁,-27.1037,-173.3445,-4.497,8.7853,-165.1536,-5.5026
000933,*ST神火,-28.6895,-81.4028,-3.0546,21.3133,-79.0545,22.193
000935,四川双马,12.9195,12.8751,219.0259,5.6687,17.0769,508.9078
000936,华西股份,-33.4381,-28.7929,5.7727,-5.1365,-28.5714,3.66
000937,冀中能源,8.8933,-26.6344,50.7786,33.5211,-27.6186,43.6876
000938,紫光股份,-2.9051,-44.9475,-16.8488,-7.0068,-63.3803,-5.5996
000939,凯迪生态,-1.2319,7.9268,8.9585,17.7853,-13.0,6.4348
000948,南天信息,-16.0933,-20.1667,5.212,-10.2196,-34.7826,4.9407
000949,新乡化纤,-3.9663,,-12.9153,5.1693,-108.2701,-12.9153
000950,*ST建峰,82.2933,19.4124,29.3915,61.0428,19.7481,27.3678
000951,中国重汽,-15.5668,-40.1136,4.5701,30.4348,-51.8868,9.8036
000952,广济药业,-46.163,-88.4297,10.6502,27.3053,-87.8125,2.8201
000953,*ST河化,-11.5428,-2527.4033,-39.2489,-9.4029,-2507.3171,-39.2489
000955,欣龙控股,-25.4052,,-38.355,-16.4756,-7.1429,-37.6579
000957,中通客车,-26.6988,-183.6745,1.2573,-4.9716,-180.0,1.2912
000958,东方能源,23.0358,,-132.1875,-39.2382,600.9434,-132.4036
000959,首钢股份,-24.9528,-93.4676,0.6433,-2.5181,-82.7957,-1.1689
000960,锡业股份,-42.8939,-111.5775,-13.9431,-14.0803,-110.6914,-13.9081
000961,中南建设,3.8709,1967.1934,215.4907,310.1289,1080.0,205.4702
000962,东方钽业,-6.8357,-45.3661,2.3926,31.4681,-43.0303,2.5465
000963,华东医药,10.7773,32.9711,29.7792,16.2623,36.0404,30.1918
000965,天保基建,-25.693,-15.8013,165.3066,269.7941,-55.6962,173.2296
000966,长源电力,2.4947,,-25.3409,13.78,-74.6333,-32.0164
000967,盈峰环境,-49.5494,-177.6143,6.0487,-12.9313,-220.2733,7.7031
000968,*ST煤气,-35.1225,-66.1571,20.6036,0.6929,-68.5245,18.5559
000969,安泰科技,-23.0998,-25.5206,8.4472,1.7605,-1.0912,6.3186
000970,中科三环,-41.5048,-68.0067,5.7988,-9.6414,-66.2921,5.1021
000971,高升控股,-39.9184,,-10.9338,-28.2084,-70.7644,-10.7153
000972,中基健康,-26.0013,-31.0275,-9.3303,7.8967,-2.0,-5.8094
000973,佛塑科技,-29.9056,-158.3196,-14.6882,-9.7589,-456.0976,-17.1234
000975,银泰资源,270.5058,,-5.0293,21.8305,149.0566,-5.0293
000976,春晖股份,-43.8584,,-29.3428,-21.1512,5.7348,-29.3428
000977,浪潮信息,-0.9053,-79.1858,0.7739,-20.3953,-79.8903,0.7516
000978,桂林旅游,-4.175,-16.674,-3.6423,11.2066,-13.3333,-6.1811
000979,中弘股份,-1.9173,,,-9.5608,-12.9032,36.4051
000980,金马股份,1.794,-2.8677,2.0799,4.8982,-2.5641,2.0937
000981,银亿股份,-5.4948,,-70.8996,-7.7634,-12.5,-72.5169
000982,中银绒业,1.9364,42.6391,11.3479,14.8122,20.0,13.4822
000983,西山煤电,9.0623,8.2089,43.8792,26.6269,-47.2138,42.0648
000985,大庆华科,-35.0467,66.8502,-0.7736,-4.3561,61.5385,0.0787
000987,越秀金控,6.3513,8.545,14.6734,8.4042,-27.2727,14.6904
000988,华工科技,10.8484,114.8788,0.3312,-3.0489,158.3333,0.8889
000989,九芝堂,-0.7289,-16.5463,5.919,0.6783,-16.6667,5.9002
000990,诚志股份,12.5747,-59.1351,24.9803,22.2554,-50.0,27.8808
000993,闽东电力,62.8821,362.2115,5.1096,1.1534,250.0,5.3351
000995,*ST皇台,-56.1583,,-25.5212,-8.9701,275.0,-25.8008
000996,中国中期,-5.2596,-45.0174,-0.1451,14.5189,-28.5,2.249
000997,新大陆,-3.6136,23.4052,6.5643,13.593,25.0,5.8047
000998,隆平高科,-13.9187,-53.2971,-0.9637,0.895,-74.5223,-2.285
000999,华润三九,14.9408,54.7971,14.9055,12.169,57.619,14.4959
001696,宗申动力,-6.2636,32.0469,17.6059,26.4238,0.0,15.9058
001896,豫能控股,-71.1263,,-54.1861,-22.3542,-31.8885,-54.1861
002001,新和成,-37.2045,-50.0578,38.9762,11.8647,-53.125,35.6376
002002,鸿达兴业,-51.8152,,-49.5112,-19.7708,-22.4557,-50.3034
002003,伟星股份,-10.3491,9.1059,-0.6847,-0.8428,7.6923,-0.9162
002004,华邦健康,-9.8329,132.5935,9.9894,-7.2899,130.0,10.6537
002005,德豪润达,-32.4284,,-4.5573,-6.1681,-114.2857,-5.9723
002006,精功科技,-11.6628,-1323.0786,-23.7717,31.4652,-633.3333,-24.6829
002007,华兰生物,1.457,-1.7731,57.4665,25.7297,-40.0,58.2972
002008,大族激光,-12.7049,-73.2249,83.0127,24.7728,-77.7778,81.9829
002009,天奇股份,-62.5353,-124.7178,1.5583,8.8324,-133.3333,-1.3033
002010,传化智联,28.4483,125.1904,19.1731,12.3476,92.8571,1.508
002011,盾安环境,-31.9517,-1.8174,11.861,-5.399,-6.6995,16.7036
002012,凯恩股份,33.0197,4.9396,0.2932,40.7792,0.0,-5.9179
002013,中航机电,3.3032,10.4811,6.6357,12.4351,-8.1967,4.6952
002014,永新股份,-11.2401,28.5532,7.7094,3.0213,27.2727,7.7084
002015,霞客环保,25.7362,-61.8158,-1.5971,7.8189,-61.2903,-2.1315
002016,世荣兆业,-61.6267,-59.6727,6.991,16.0124,-83.8537,5.2781
002017,东信和平,-17.9325,-14.5226,8.4998,-1.7143,-12.5,8.4476
002018,华信国际,-53.1387,-76.6277,6.8583,9.2255,-84.466,6.9231
002019,亿帆医药,-33.7483,-72.1224,-4.5522,-4.5496,-72.2222,-4.5522
002020,京新药业,8.2086,116.8852,1.4974,-5.2128,128.5714,0.6785
002021,中捷资源,-45.3381,-140.0527,-1.9815,9.2078,-137.5,-2.4253
002022,科华生物,25.4571,20.487,22.1711,21.0683,-7.7692,22.7185
002023,海特高新,-5.7957,49.0041,6.8919,38.4503,50.0,5.3079
002024,苏宁云商,5.4576,14.5205,27.6443,15.4818,-63.1579,26.6645
002025,航天电器,8.9027,3.9401,8.8397,9.3858,7.1429,9.7271
002026,山东威达,-7.8779,-20.0443,3.5958,13.6496,-19.9297,3.6593
002027,分众传媒,-29.5261,33.7279,0.6944,-17.4387,46.4286,0.6212
002028,思源电气,17.4339,44.7645,55.7384,35.761,-9.8039,58.391
002029,七匹狼,4.1389,8.3562,12.6533,32.143,11.3333,12.1487
002030,达安基因,22.2502,82.0316,24.9383,10.6836,0.0,12.372
002031,巨轮智能,4.0542,5.1345,6.8961,12.6898,3.8695,6.8418
002032,苏泊尔,1.1046,11.3465,11.6829,10.5637,21.7391,10.1264
002033,丽江旅游,17.2278,10.9534,9.7595,34.8964,0.0,8.4084
002034,美欣达,-27.9783,,-8.2625,-11.7382,-68.75,-11.3134
002035,华帝股份,-17.5967,-313.7675,-8.6944,-13.3627,-300.0,-8.952
002036,联创电子,-25.8025,-75.7954,3.1804,1.5865,-81.8182,-5.9907
002037,久联发展,39.3907,174.1053,15.8436,24.4327,325.0,13.5433
002038,双鹭药业,6.7892,22.3349,33.1393,30.8378,23.2558,30.4542
002039,黔源电力,180.9181,,175.5015,386.2088,223.5294,4.7101
002040,南京港,-2.7903,-28.8678,-0.3691,26.1279,-25.0,-1.4946
002041,登海种业,16.484,43.2499,11.9405,10.8053,29.7183,2.4566
002042,华孚色纺,1536.9875,,566.8874,874.3373,-226.3158,577.9931
002043,兔宝宝,-17.8848,-74.6098,-6.3497,-11.3653,-54.5455,-0.3455
002044,美年健康,9.6793,-2.8978,1.0556,9.4345,50.0,1.8188
002045,国光电器,0.7476,27.4131,13.1608,-1.6564,23.0769,13.2943
002046,轴研科技,17.2463,6.9722,10.2093,16.5899,5.5556,10.468
002047,宝鹰股份,-25.136,-33.6626,-1.4791,-10.7532,-14.2857,1.6339
002048,宁波华翔,-1.912,-6.1797,9.3555,5.606,-4.7619,10.5877
002049,紫光国芯,-7.442,1.2715,4.3009,-6.483,-31.0999,4.2701
002050,三花智控,91.4992,133.8011,165.5712,160.0265,-14.2857,138.6025
002051,中工国际,41.9807,-5.1011,7.4991,4.5363,-5.8824,7.4991
002052,同洲电子,6.2704,-20.0177,11.8273,9.3863,-15.0,13.6477
002053,云南能投,-2.7182,-98.9923,-6.4916,-4.223,-14.7059,-5.6719
002054,德美化工,15.1845,65.1605,19.215,6.3767,59.3902,15.0386
002055,得润电子,-35.584,-58.4553,5.5511,12.9342,-57.283,6.5427
002056,横店东磁,-34.0719,-43.7827,4.0415,-1.7423,-42.8571,4.1499
002057,中钢天源,-17.2777,-75.1376,-6.0948,-7.0427,-66.6667,-5.7785
002058,威尔泰,-12.7985,-80.2643,-0.1498,-5.9601,-79.0909,-0.0119
002059,云南旅游,-52.1326,-214.2154,-0.4144,1.9645,-1351.0638,-0.7096
002060,粤水电,21.6152,5.3264,45.4154,24.9576,-30.0,46.3492
002061,江山化工,-6.1146,,6.4229,34.3931,-202.8736,-1.0324
002062,宏润建设,22.4789,65.1648,24.0647,21.9642,7.8947,26.7134
002063,远光软件,17.2302,12.996,22.2943,22.6221,-37.1728,22.2358
002064,华峰氨纶,-4.6038,-94.5634,-1.5479,-0.9156,-95.2381,-1.5479
002065,东华软件,24.5678,33.1961,17.8536,19.1065,-13.2593,17.8602
002066,瑞泰科技,6.9239,19.373,104.3855,65.3398,-0.7828,113.8002
002067,景兴纸业,-22.4892,-94.4162,-12.4472,-12.3899,-70.0,-12.2883
002068,黑猫股份,-15.207,-20.1498,-7.9886,30.4054,-30.597,2.7088
002069,獐子岛,50.0391,15.629,5.5149,14.7136,20.0,5.4328
002070,众和股份,33.7148,71.6862,11.1043,8.0826,24.3927,9.2712
002071,长城影视,-25.8719,-697.9988,-5.0219,-1.1914,-660.0,-5.0219
002072,凯瑞德,-30.2953,-764.7515,-22.7417,9.9264,-771.4286,-22.7417
002073,软控股份,6.2717,10.4986,79.0274,39.9078,5.8824,79.0274
002074,国轩高科,-15.7621,-27.5031,5.2248,16.7277,-27.9534,5.4334
002075,沙钢股份,-99.0172,,-138.3701,-54.2824,-29.1667,-138.7425
002076,雪莱特,-27.66,-46.6661,0.9621,2.5239,-50.0,1.2778
002077,大港股份,-15.2089,-89.2291,-9.0707,15.672,-86.6667,-5.9733
002078,太阳纸业,-13.4902,-38.746,0.545,9.725,-33.3333,2.4814
002079,苏州固锝,-6.8616,75.6523,2.9868,-3.5759,46.6667,2.9868
002080,中材科技,16.5426,17.2017,23.8616,24.4784,-32.4895,8.6949
002081,金螳螂,8.0599,23.396,17.3524,25.8584,-19.2821,20.1627
002082,栋梁新材,-23.0486,15.1737,8.509,-13.4022,6.25,8.297
002083,孚日股份,-7.512,-38.2495,0.0131,5.5548,-40.0,0.1915
002084,海鸥卫浴,-45.3216,-112.8253,0.6211,-0.937,-120.3804,1.192
002085,万丰奥威,-32.9465,-15.6343,-1.3781,-9.7916,-25.0,-1.6972
002086,东方海洋,-15.0671,22.2813,3.9644,2.7403,-46.6667,3.8886
002087,新野纺织,1.7563,-54.2886,2.3518,11.2435,-61.95,2.3518
002088,鲁阳节能,-5.2613,-9.0111,12.8576,11.8528,-9.6774,13.8051
002089,新海宜,79.8137,157.4342,12.4919,36.0416,92.0954,11.776
002090,金智科技,7.8478,-7.0376,5.3614,-10.5106,-5.6977,5.4566
002091,江苏国泰,-18.8751,12.9577,15.5021,16.7621,13.6364,16.4818
002092,中泰化学,-7.5317,-79.6592,-0.0246,45.6826,-80.2867,0.001
002093,国脉科技,29.2692,2.8667,20.804,5.7603,16.3377,20.995
002094,青岛金王,-14.7786,-46.0867,-5.7833,-4.5777,-42.3077,-5.7625
002095,生意宝,18.393,1.674,6.7929,9.9849,4.7619,6.4939
002096,南岭民爆,56.2715,226.326,25.7348,39.5067,107.1429,21.8473
002097,山河智能,-16.296,-43.6257,2.4818,12.4589,-43.75,1.2494
002098,浔兴股份,-22.5867,-47.6529,-2.8494,-3.8356,-50.0,-1.601
002099,海翔药业,-30.4723,-44.9552,-0.3457,6.2984,-43.75,-0.2965
002100,天康生物,111.8058,82.4429,64.073,57.2833,31.5789,64.6213
002101,广东鸿图,-32.5604,-23.1426,3.4777,-11.4977,-20.0,3.4777
002102,冠福股份,57.8887,-96.8469,-6.9115,33.8935,-97.5186,-3.8973
002103,广博股份,-14.6093,-14.7922,1.4687,16.3694,-12.5,1.7366
002104,恒宝股份,4.0844,6.0146,-2.703,-10.162,8.3333,3.0467
002105,信隆健康,-27.4127,24.1827,0.4117,-16.7047,25.0,0.7277
002106,莱宝高科,13.2186,-22.5201,4.1903,6.1248,-23.89,4.1353
002107,沃华医药,18.2564,34.2467,92.3626,60.6739,-42.8571,92.3626
002108,沧州明珠,-3.4519,125.6598,51.539,20.8614,73.913,52.629
002109,兴化股份,1.5217,-30.1387,10.354,5.0651,-53.5714,12.9876
002110,三钢闽光,-35.7161,-153.3926,-25.5385,-2.4504,-153.3736,-25.5385
002111,威海广泰,-4.8732,-10.2122,16.0413,17.74,-5.2632,11.846
002112,三变科技,5.8953,37.657,5.3587,16.2203,-5.2632,5.3587
002113,天润数娱,79.123,-359.8439,-1.7959,8.1399,-265.6,-1.7959
002114,罗平锌电,-35.0216,,-10.2801,0.4032,-125.0,-8.126
002115,三维通信,66.7005,55.7803,16.5921,61.134,31.4478,13.7279
002116,中国海诚,13.0569,2.7993,7.8743,6.4451,4.8387,7.5693
002117,东港股份,-1.4946,18.7251,10.2106,2.2455,16.6667,7.139
002118,紫鑫药业,12.2866,17.5742,14.8087,15.5928,21.4286,14.8094
002119,康强电子,-39.5786,-34.3156,6.6494,0.5434,-40.0,0.5094
002120,韵达股份,6.9334,-49.1187,3.2347,16.3144,-47.0588,4.8582
002121,科陆电子,5.1042,51.8181,14.0323,35.4464,-21.4286,12.7356
002122,天马股份,0.5697,6.1786,76.4454,23.0379,-46.9136,92.6668
002123,梦网荣信,61.3833,46.689,22.5427,39.7488,-10.8108,22.266
002124,天邦股份,-11.3326,-107.2069,-9.0231,-8.0657,-111.1301,-10.4873
002125,湘潭电化,27.7423,,-4.6977,9.4612,-86.1475,-7.9863
002126,银轮股份,-26.2134,-25.929,2.9942,-1.4568,-32.0,2.5865
002127,南极电商,-16.5612,33.0263,4.3682,-9.0283,7.1429,3.4937
002128,露天煤业,27.6661,35.1409,23.0859,6.5047,2.2727,21.6049
002129,中环股份,-38.8781,-120.2083,6.8974,23.5514,-123.5028,0.8375
002130,沃尔核材,-11.9785,12.5738,-2.2628,4.7245,-13.3333,5.3327
002131,利欧股份,-28.9666,79.5835,17.784,-11.4425,85.0,11.3404
002132,恒星科技,-6.0415,-40.4044,15.8236,21.5568,-38.8889,14.5458
002133,广宇集团,194.8018,47.1134,24.9831,24.4517,63.6364,10.5918
002134,天津普林,-38.1005,-134.1666,-1.8173,-1.7703,-134.1935,-1.8173
002135,东南网架,38.7319,9.8339,2.4277,15.5174,0.0,1.8363
002136,安纳达,-34.8969,,-16.1467,7.6288,-100.5522,-16.1467
002137,麦达数字,-45.8714,-86.6348,-1.6908,-47.7555,-90.9091,-1.2084
002138,顺络电子,27.1925,9.5523,2.5398,6.1567,-13.0435,2.5398
002139,拓邦股份,-24.31,20.421,8.5009,-9.4798,-41.3793,8.5009
002140,东华科技,20.5587,22.9696,2.3923,16.7966,-4.6512,1.5057
002141,贤丰控股,-48.3595,-173.8381,-4.0667,-14.4529,-147.4849,-3.8933
002142,宁波银行,,-3.2195,9.7838,47.0892,-3.4483,9.7838
002143,印纪传媒,-22.4949,27.4539,2.0265,-11.2471,23.1013,1.6972
002144,宏达高科,-14.3222,-45.1037,-2.3387,0.6035,-47.1429,-2.4643
002145,中核钛白,-68.1963,,-42.8005,-28.539,-4.878,-43.3645
002146,荣盛发展,35.0453,12.8288,16.3869,44.9286,10.7143,16.467
002147,新光圆成,-24.9338,-61.0526,13.1476,-3.3355,-66.6667,6.576
002148,北纬通信,8.7137,12.1018,6.0365,3.7285,14.2857,6.0365
002149,西部材料,2.894,-28.7518,129.8475,158.1718,-31.8182,147.5139
002150,通润装备,-35.0618,-55.2695,1.9587,0.5114,-53.5714,1.9587
002151,北斗星通,40.6433,2.4332,14.3316,23.1302,4.1667,14.3405
002152,广电运通,28.2375,19.4668,27.6803,30.1495,0.0,26.4374
002153,石基信息,1.8473,17.1448,17.0925,14.1574,-42.5926,18.0359
002154,报喜鸟,35.0345,41.2406,16.9147,15.5065,6.6667,17.21
002155,湖南黄金,-2.7118,-59.0964,0.8827,1.2981,-54.6012,-1.3027
002156,通富微电,-20.1467,-50.5238,3.2569,-8.4514,-61.0,3.2569
002157,正邦科技,41.2047,1.0135,28.6264,30.4569,-27.7778,5.8782
002158,汉钟精机,-20.3504,-27.2992,3.1396,-2.9653,-30.7391,3.1396
002159,三特索道,30.5561,-6.4451,2.7354,13.6592,-20.0,2.6252
002160,常铝股份,-40.3814,-68.6152,-3.4397,3.3311,-68.4524,-3.4397
002161,远望谷,80.4595,96.585,15.487,21.2089,0.0,15.0275
002162,悦心健康,1.675,-97.7253,-0.4377,-3.5424,-97.723,0.0506
002163,中航三鑫,3.8621,16.3839,20.3233,54.4749,20.0,5.2048
002164,宁波东力,2.2744,28.2826,15.9491,35.2336,23.8095,16.031
002165,红宝丽,-15.0026,95.9231,15.317,-2.597,36.0,14.5431
002166,莱茵生物,-19.4366,-29.7405,0.7578,14.6375,-27.2727,0.7635
002167,东方锆业,23.063,-13.0714,139.2546,123.3318,-23.0769,139.2546
002168,深圳惠程,28.3392,34.4523,10.311,27.7684,-31.5333,4.666
002169,智光电气,8.2855,3.3862,6.0483,9.8993,-47.7701,7.1628
002170,芭田股份,-38.6304,-147.8527,-6.8065,-8.8318,-127.027,-6.6576
002171,楚江新材,-42.2329,-63.6512,-10.3822,-10.6316,-60.0,-9.8646
002172,澳洋科技,-17.0544,-69.1705,-24.8287,-8.2388,19.2308,-25.8397
002173,*ST创疗,-32.5719,-78.6763,3.7502,3.6462,-86.6667,3.6414
002174,游族网络,-24.2812,-47.8558,0.1068,-18.6065,-60.0,-0.0586
002175,东方网络,-25.2609,-75.4782,-0.9567,-0.8233,-73.3333,-0.9567
002176,江特电机,-34.3476,-70.838,2.5111,2.1603,-81.037,2.622
002177,御银股份,33.7404,47.9685,20.006,19.8602,0.0,20.006
002178,延华智能,7.1884,-40.4214,2.9731,-6.2987,-40.0,3.0105
002179,中航光电,18.6432,21.3591,12.0194,39.5572,-8.3333,13.4571
002180,艾派克,-5.4121,-36.4416,5.7846,8.5999,-33.3333,5.188
002181,粤传媒,-15.9813,,1.3006,-4.6062,-139.2927,1.3032
002182,云海金属,-61.6993,-94.2537,-0.93,2.9009,-95.2381,-0.6002
002183,怡亚通,-0.9202,-46.4362,5.6601,0.7032,-65.625,3.5783
002184,海得控制,-8.0224,-13.162,22.8463,12.0036,-25.8445,13.2473
002185,华天科技,-14.9467,-47.6978,3.8605,-6.0149,-52.548,3.7322
002186,全聚德,14.5758,28.1198,3.5184,-6.6713,27.9279,3.6193
002187,广百股份,12.1492,-12.8822,7.9109,32.1014,-12.2807,8.5789
002188,巴士在线,8.5327,14.1269,8.0093,15.6855,-10.0,4.8431
002189,利达光电,-21.4846,-174.6906,0.5425,1.1644,-171.4286,-0.4348
002190,成飞集成,5.5757,11.7387,3.5582,-6.9862,15.3846,3.5582
002191,劲嘉股份,22.9527,51.5637,-0.5948,8.4331,0.0,-5.8948
002192,融捷股份,85.5138,,8.0261,53.691,-102.5,8.8929
002193,山东如意,-16.0442,21.5295,7.5756,43.089,20.0,7.5756
002194,武汉凡谷,19.764,20.6501,5.3046,13.4772,-7.1701,5.3046
002195,二三四五,-7.1603,-36.6742,7.1869,4.1877,-35.0,7.1869
002196,方正电机,-31.3845,-62.002,-0.4501,-1.7903,-63.1579,-0.4501
002197,证通电子,78.6358,51.8679,17.3879,51.5154,1.1858,16.7979
002198,嘉应制药,-1.6671,-18.6628,5.6408,4.9748,-22.2222,5.6408
002199,东晶电子,3.0345,-19.1413,4.5151,-14.3714,-37.4348,4.3394
002200,云投生态,53.7434,48.8339,13.2972,41.2484,-16.3265,13.3091
002201,九鼎新材,-29.842,-41.8083,3.6556,6.4001,-41.7688,3.6556
002202,金风科技,219.1688,254.6626,34.0738,52.66,156.3333,34.0865
002203,海亮股份,-39.4722,-1.73,-2.0188,6.7424,-15.4967,5.8142
002204,大连重工,60.6304,30.4172,12.6808,55.0078,25.0,12.6808
002205,国统股份,-11.9167,5.3488,20.7292,28.7881,0.0,16.2095
002206,海利得,-17.6594,46.817,10.6781,-0.8727,40.0,10.6781
002207,准油股份,7.8087,-357.9299,-3.6227,16.9236,-375.0,-3.6227
002208,合肥城建,-1.343,-50.8448,4.3669,19.0043,-53.8462,4.4116
002209,达意隆,4.1341,29.3554,11.0035,5.4904,22.5,11.0035
002210,飞马国际,-12.3908,-26.8939,3.256,141.8448,-52.6636,3.2948
002211,宏达新材,-21.6379,-56.687,-0.0046,15.3338,-62.5,0.9432
002212,南洋股份,-25.8086,5.6599,3.4082,1.7339,-28.125,5.1081
002213,特尔佳,-28.6502,-22.5208,5.6975,-3.5529,-20.0,5.6975
002214,大立科技,-24.0055,-8.6873,9.061,15.7242,-14.2857,9.061
002215,诺普信,26.5275,42.7574,12.4344,25.6703,-22.0339,11.7172
002216,三全食品,6.0878,4.3176,6.8314,4.9893,-51.8519,7.5586
002217,合力泰,-32.0535,-63.5281,12.4538,25.8228,-76.1905,12.9387
002218,拓日新能,-17.4868,-48.5664,7.9919,36.9723,-66.6667,7.9919
002219,恒康医疗,2.0537,-17.6468,13.6829,5.9517,-23.4483,13.6829
002220,天宝股份,1.0203,-42.1421,5.4569,13.9611,-61.4035,5.4569
002221,东华能源,87.881,10.1897,6.0838,15.9892,0.0,5.676
002222,福晶科技,-32.1387,-28.6178,-0.5214,0.0123,-41.1765,-0.7892
002223,鱼跃医疗,36.2978,64.8118,13.5933,16.0532,-6.25,13.2085
002224,三力士,-14.239,69.5845,13.4701,-2.5066,30.7692,13.7816
002225,濮耐股份,-7.9181,4.8699,9.4516,6.5439,-26.6667,9.4541
002226,江南化工,40.3674,235.1637,20.2182,19.0639,108.3333,20.2546
002227,奥特迅,-38.5029,-59.781,2.5009,0.7395,-66.6667,2.5009
002228,合兴包装,17.7997,-2.6626,-1.6276,34.117,-48.1481,5.7355
002229,鸿博股份,14.4997,26.3128,6.1541,1.8436,3.3333,6.1541
002230,科大讯飞,23.7946,21.0399,8.6449,9.8774,-29.1667,9.2841
002231,奥维通信,28.3315,4.1563,2.6087,4.1975,-13.37,2.6087
002232,启明信息,-8.3865,-24.6466,7.9043,4.9737,-67.6471,7.9254
002233,塔牌集团,24.9237,-19.7704,4.4131,31.151,-35.2941,5.2356
002234,民和股份,-21.6036,-158.0451,-4.6391,1.2494,-147.113,-4.6264
002235,安妮股份,12.3065,10.0962,10.7066,24.3336,-41.9355,10.2437
002236,大华股份,12.9139,-6.6583,13.7311,12.3952,-26.7683,13.6981
002237,恒邦股份,-1.0987,-32.118,12.7634,17.5253,-73.3333,12.7634
002238,天威视讯,8.7426,1.0762,4.5608,-4.5332,-20.777,4.5501
002239,奥特佳,-33.9274,-41.8522,5.8812,12.5705,-67.0648,5.4976
002240,威华股份,-22.6504,-172.0633,-1.7086,-1.468,-156.25,-1.8493
002241,歌尔股份,-23.9522,-62.8191,11.5313,7.9217,-83.0189,7.719
002242,九阳股份,35.1334,35.4273,14.1311,28.2578,-42.513,13.7047
002243,通产丽星,2.4452,34.099,7.9348,-9.9308,5.2632,7.9366
002244,滨江集团,-84.6905,-93.3906,8.2282,28.545,-97.1429,6.6945
002245,澳洋顺昌,-20.5247,-77.9184,37.5388,-10.1546,-96.2963,-1.3517
002246,北化股份,-6.1876,-67.9087,1.4831,-19.5811,-72.7273,1.4673
002247,帝龙文化,-11.1964,37.1526,6.4716,3.5344,4.368,6.1653
002248,华东数控,23.1449,97.7879,24.3402,59.0543,54.5455,12.2696
002249,大洋电机,-29.3534,21.3363,5.5886,-7.9437,-53.5714,5.7224
002250,联化科技,12.702,43.3956,8.5801,0.6566,8.5714,8.5364
002251,步步高,8.077,4.6056,11.3558,25.6577,-61.3718,11.3501
002252,上海莱士,-7.8989,-18.5087,-4.7159,-9.8177,-39.6226,-4.9245
002253,川大智胜,-35.4077,4.5037,1.3738,-3.743,-27.2727,1.4393
002254,泰和新材,-34.4899,-78.6398,-10.3536,-6.584,-88.0348,-11.0483
002255,海陆重工,35.051,45.8824,16.704,5.2131,4.9608,14.0516
002256,兆新股份,-9.1462,6.8535,3.085,-4.3536,-50.0,3.085
002258,利尔化学,20.8433,58.1268,236.2176,163.8004,17.0732,236.2176
002259,升达林业,-2.6746,-128.9115,82.5003,56.042,-121.6561,82.7179
002260,德奥通航,-23.3181,-346.6402,101.9487,7.5508,-244.4444,101.9487
002261,拓维信息,11.3244,-6.5522,171.2685,117.6352,-44.9275,175.1587
002262,恩华药业,11.9192,47.8395,108.2219,33.5939,-30.4348,112.1656
002263,大东南,-17.0847,-14.9008,85.6392,29.674,-64.7059,53.6507
002264,新华都,30.9177,-8.5455,148.0635,103.2822,-29.6296,162.1452
002265,西仪股份,-10.8392,-54.179,63.9848,45.2412,-63.6364,64.8242
002266,浙富控股,13.1932,10.081,206.6344,52.3413,-16.6667,217.2834
002267,陕天然气,8.0098,21.7552,127.8889,43.301,-1.2195,127.8889
002268,卫士通,-33.1659,-304.242,110.0018,75.9413,-262.5,118.9841
002269,美邦服饰,11.2875,28.1066,209.6976,120.335,-23.3333,209.6976
002270,华明装备,15.9591,-8.339,184.8717,78.1965,-31.0345,184.985
002271,东方雨虹,3.3727,52.5285,133.2759,76.9548,-26.087,139.7713
002272,川润股份,34.0594,19.0336,151.7687,72.0131,-20.2128,151.7687
002273,水晶光电,-18.1614,-17.3321,215.4443,101.4303,-53.3333,212.1013
002274,华昌化工,-21.7317,-115.2911,39.9804,17.6037,-111.1111,39.8316
002371,北方华创,9.3454,50.2811,22.1654,13.2326,-100.0,21.9557
002500,山西证券,,27.7421,14.2341,-2.2542,,14.2341
002504,弘高创意,7.8666,-31.8219,6.2265,51.3503,,6.2265
002673,西部证券,,-100.0,-100.0,-100.0,,23.5033
002736,国信证券,,30.9963,15.7437,17.7488,,16.3183
300016,北陆药业,,,,,-19.5122,7.7734
300077,国民技术,37.7172,178.2194,115.6993,73.7377,,115.6993
300150,世纪瑞尔,,,,,-500.0,23.3931
300213,佳讯飞鸿,-17.7717,-9.544,27.4929,36.042,-9.0909,27.4929
300271,华宇软件,23.2607,55.4633,37.724,-3.162,65.5172,44.6545
300318,博晖创新,,,,,-60.4651,17.6583
300370,安控科技,3.9238,,13.7501,13.0552,-0.0,14.6043
600000,浦发银行,,6.378,35.3946,61.5266,-23.9787,35.2572
600004,白云机场,2.5391,-0.6007,5.3098,1.9787,0.4545,5.2679
600006,东风汽车,-28.5512,-52.1703,15.9589,0.8355,-58.8504,-1.1445
600007,中国国贸,-2.2448,-19.6667,4.0131,10.5855,-20.0,4.0152
600008,首创股份,10.7218,13.1329,1.4404,9.5166,43.1894,1.0346
600009,上海机场,-0.0201,-47.3259,4.66,-1.2944,-49.2424,4.3384
600010,包钢股份,-12.474,-167.6373,-8.622,5.9961,-170.5882,-8.622
600011,华能国际,9.156,,-4.5956,14.4596,-500.0,-7.6552
600012,皖通高速,1.3187,10.9581,6.3957,13.097,11.2935,7.8777
600015,华夏银行,,-13.6073,94.435,27.4433,-28.2609,94.435
600016,民生银行,,22.0534,5.1231,32.7433,21.875,4.8285
600017,日照港,11.7974,23.0717,9.5067,19.0638,-41.5888,9.2929
600018,上港集团,-13.5815,-32.2457,3.8207,11.8846,-30.7562,5.4359
600019,宝钢股份,-36.8124,-92.367,-6.0932,-10.4134,-92.7273,-6.0311
600020,中原高速,7.7564,18.9321,4.0461,10.8496,3.8217,3.6927
600021,上海电力,-12.1105,,-19.8567,10.6753,-114.9733,-22.4898
600022,山东钢铁,-45.6092,-182.416,8.4519,38.1231,-135.8879,8.4943
600026,中远海能,-54.7409,-80.6853,9.7882,11.8996,-80.9312,9.3274
600027,华电国际,25.6891,,-4.0307,29.8014,-207.1429,-13.6903
600028,中国石化,-27.3221,268.0297,13.722,-0.5136,251.8519,16.0483
600029,南方航空,-9.3618,-84.0173,-36.4301,4.1918,-96.8421,-45.7596
600030,中信证券,,-16.1316,9.7955,-37.7201,-19.4444,9.035
600031,三一重工,4.2034,0.5814,16.022,7.37,-35.0,16.2529
600033,福建高速,-8.6324,-15.3099,15.503,11.8134,-15.7212,13.3932
600035,楚天高速,2.917,0.586,6.1738,13.2263,6.25,6.1744
600036,招商银行,,-37.6217,8.6314,41.3369,-37.7778,8.6314
600037,歌华有线,7.4258,-19.9906,3.2768,1.5389,-20.0,3.274
600038,中直股份,10.5614,33.4808,5.5533,22.5399,33.3333,5.5533
600039,四川路桥,50.5217,129.2586,1.0889,17.3248,27.0833,3.429
600048,保利地产,54.0683,3.7591,17.3904,29.1199,4.7619,17.7137
600050,中国联通,118.4098,45.0585,118.9127,151.0113,-16.9355,26.0763
600051,宁波联合,-17.0621,43.9924,10.9103,15.566,10.8765,10.5354
600052,浙江广厦,-17.5657,-108.3227,10.4469,-12.7926,-109.0909,11.0156
600053,九鼎投资,-64.273,-97.993,21.5425,17.2971,-98.0625,21.5493
600054,黄山旅游,7.2005,-0.1228,7.162,9.5272,2.0625,6.8873
600055,万东医疗,30.59,30.3153,4.1636,-0.7367,30.0,3.9543
600056,中国医药,45.639,29.754,8.1564,30.2519,31.81,7.4273
600057,象屿股份,-89.5108,,,-35.2596,-73.7452,67.4784
600058,五矿发展,-48.7496,-95.2688,-11.3469,-14.7753,-95.0339,-11.7895
600059,古越龙山,-28.8001,-47.5232,5.6027,6.154,-64.8515,5.0675
600060,海信电器,20.0733,92.3374,7.7194,36.02,88.3333,8.341
600061,国投安信,-2.7,-423.3236,-0.6734,-5.4379,-440.0,-0.6725
600062,华润双鹤,0.7065,21.4278,12.6995,5.7976,19.3984,12.647
600063,皖维高新,-25.1706,-44.2063,10.4914,11.6482,-46.6321,10.4662
600064,南京高科,26.3022,-4.9477,35.4775,22.8038,-4.9702,36.2662
600066,宇通客车,-16.9078,-51.237,2.3957,4.777,-51.3158,2.3493
600067,冠城大通,-28.4007,-31.9052,33.374,10.6879,-31.8182,40.2432
600068,葛洲坝,40.4325,62.005,20.6941,30.3344,58.9286,22.2871
600069,银鸽投资,-9.7557,-81.4873,48.9708,32.916,-82.3529,49.1679
600070,浙江富润,28.6411,184.7223,-2.1173,2.6513,225.0,0.1569
600071,凤凰光学,-18.3697,-15.1036,0.7143,-5.6918,9.3023,0.319
600072,中船科技,7.1474,-4.5431,1.1637,3.1325,-4.2017,1.2198
600073,上海梅林,107.7052,,-4.0108,14.9688,-109.7826,-2.8464
600074,保千里,-12.2408,-138.488,-20.199,-8.8039,-131.4815,-19.6825
600075,新疆天业,-30.4054,-112.0995,-6.5329,-3.2169,-115.1515,-6.4857
600076,康欣新材,7.0999,,-45.6775,-9.0679,150.0,-49.5811
600077,宋都股份,-12.8981,-658.6209,7.6282,-2.7165,-635.4839,-12.5515
600078,澄星股份,-5.3958,-82.9826,-0.8766,10.3325,-80.695,-1.0559
600079,人福医药,28.1596,26.465,8.5166,6.5184,0.0,6.7827
600080,金花股份,-5.4913,,-7.7763,-10.468,14.7887,-7.7887
600081,东风科技,-25.8382,-150.6373,-17.5765,-8.9206,-240.9962,-22.2964
600082,海泰发展,231.2568,19.3929,8.1838,-4.7526,-40.6504,8.3973
600083,博信股份,-100.0,-726.8139,-15.3925,-46.7699,-766.6667,-15.3925
600084,中葡股份,-3.106,,,-4.5722,6.4706,58.7774
600085,同仁堂,9.2726,22.7062,7.3116,11.2469,3.8095,6.1018
600086,东方金钰,-30.2816,-0.7803,2.8883,-2.6667,2.6432,1.6112
600088,中视传媒,13.5001,21.7257,4.4779,4.3109,27.7778,4.607
600089,特变电工,30.283,51.8935,69.105,25.3852,9.4153,102.8952
600090,同济堂,16.6607,-6.5008,16.1565,10.4549,1.8519,29.2183
600091,ST明科,-89.3036,,-13.2525,-15.7177,2.5641,-13.2525
600093,禾嘉股份,7.9239,282.8893,-10.9635,-4.4178,477.7778,-11.9347
600094,大名城,-100.0,,,-98.7986,-100.0,-100.0
600095,哈高科,-18.0026,-232.7492,-0.7518,3.1895,-242.5439,-1.0045
600096,云天化,-34.3108,-136.5155,12.9813,22.9719,-125.7564,21.2255
600097,开创国际,328.122,,166.3201,164.2554,17792.8571,177.9427
600098,广州发展,-18.7818,17.4617,2.9565,6.0157,33.7079,2.9999
600099,林海股份,-42.698,-89.912,-0.7746,-4.7303,-89.801,-0.7746
600100,同方股份,-11.6742,9.9371,0.8954,3.9233,-26.7806,-0.1642
600101,明星电力,25.5474,15.3049,6.9766,-5.7732,14.9606,7.0655
600103,青山纸业,-33.6683,-247.0483,0.7364,1.4265,-302.1834,0.5641
600104,上汽集团,6.7344,0.0381,-2.8346,2.5894,-26.3333,-0.604
600105,永鼎股份,-5.2271,50.5469,6.2697,6.0178,135.2941,4.9286
600106,重庆路桥,-22.4195,16.3985,6.0492,5.5236,4.5752,6.0542
600107,美尔雅,47.534,34.8438,14.4755,13.381,28.5714,3.4682
600108,亚盛集团,-21.8285,-48.1324,2.2726,-3.9535,-19.3548,4.1264
600109,国金证券,,-59.9648,-11.1752,-13.0175,-79.9407,-11.2393
600110,诺德股份,-36.0611,-92.8872,2.3914,32.4199,-97.29,-1.1533
600111,北方稀土,-30.0052,-135.3568,5.193,33.7693,-127.1242,-8.5659
600112,天成控股,-43.1968,-44.6671,-4.6088,-3.3369,-33.1629,4.9384
600113,浙江东日,-42.6502,39.9456,3.041,0.504,47.619,4.1499
600114,东睦股份,-29.0577,-178.8433,-9.286,2.3594,-190.7137,-8.4782
600115,东方航空,-16.0019,2730.3279,-180.1186,-1.0832,2654.6512,-218.2248
600116,三峡水利,3.6492,37.756,12.8941,25.3952,40.0,10.2993
600117,西宁特钢,-34.9034,-99.146,-8.4261,10.2368,-97.8529,-8.5479
600118,中国卫星,7.445,14.5913,12.1771,18.5985,-4.7619,11.319
600119,长江投资,-40.989,,38.4603,26.0591,-28.125,41.4989
600120,浙江东方,-30.6767,-14.0041,1.9793,8.4093,-20.0,4.1676
600121,郑州煤电,2.5241,-48.9218,5.254,40.9448,-47.9073,2.778
600122,宏图高科,3.5482,-37.4216,23.0919,44.3646,-24.2324,81.3427
600123,兰花科创,33.0135,10.2989,48.4118,35.0559,14.5998,42.1134
600125,铁龙物流,27.9783,41.8633,12.8279,-8.3593,42.5197,12.6179
600126,杭钢股份,-41.9867,-90.686,-8.2042,-20.4548,-91.6667,-9.0561
600127,金健米业,-11.2518,-100.1933,-26.4467,-12.7644,-110.5263,-26.849
600128,弘业股份,8.0303,3.8255,3.7682,19.2384,-13.8844,2.5311
600129,太极集团,12.1029,6.0574,-0.004,5.9263,-5.0,-1.7084
600130,波导股份,-64.5547,,-28.4333,-36.1347,66.6667,-27.8247
600131,岷江水电,-44.0287,,-36.168,-12.7583,-25.0,-36.6647
600132,重庆啤酒,9.8012,5.6001,11.8493,9.904,3.4483,12.2767
600133,东湖高新,59.4172,47.2946,4.5835,28.0164,49.1885,5.0248
600135,乐凯胶片,-14.0399,-208.1797,-0.1559,-2.175,-700.0,-0.1386
600136,当代明诚,-36.4831,144.6742,70.7675,-17.5524,142.8571,73.4439
600137,浪莎股份,2.3614,11.7806,258.4494,178.2008,5.5556,258.4494
600138,中青旅,21.4424,92.1239,10.1656,5.0018,46.1187,7.2011
600139,西部资源,138.66,28.0925,,42.1728,-39.1304,-397.6176
600141,兴发集团,2.8786,-56.6525,20.8714,11.96,-65.6532,21.1387
600143,金发科技,-24.1815,-43.2924,-1.8281,-5.3421,-70.5882,-0.8831
600145,*ST新亿,-60.5206,,-45.1664,-24.6893,-78.2703,-46.8484
600146,商赢环球,-32.0642,,-2.273,1.7859,220.0,-2.6097
600148,长春一东,-47.0416,-370.346,-5.4468,9.7961,-475.0,-5.6968
600149,廊坊发展,-100.0,,-1.4596,-15.5828,420.0,-1.1723
600150,中国船舶,17.3977,-38.4887,27.2566,-5.9555,-38.4223,27.7566
600151,航天机电,-45.5997,-56.2728,40.2485,92.4874,-73.0769,-3.7503
600152,维科精华,-27.9907,-124.9642,-2.4425,10.7218,-79.3814,-0.3504
600153,建发股份,0.8343,12.5387,-2.7176,27.5599,-45.9016,-16.3188
600155,宝硕股份,-59.4085,-105.1171,-821.3976,-57.2694,-104.9851,-897.6284
600156,华升股份,0.4119,-42.6951,0.6852,2.3487,-35.1955,0.9839
600157,永泰能源,-38.6558,123.9451,-5.0518,20.5334,215.7895,-5.5395
600158,中体产业,-34.4159,-88.1223,1.8215,16.4984,-86.853,-0.9332
600159,大龙地产,511.8921,3448.2817,9.7799,4.4574,2900.0,9.8772
600160,巨化股份,-42.0773,-33.1233,-0.7676,-9.7544,-34.5029,0.2196
600161,天坛生物,19.8808,35.927,16.6593,14.928,33.3333,15.3293
600162,香江控股,-25.9537,-20.3,21.2594,15.8212,-44.1176,18.1774
600163,中闽能源,-25.4343,-726.0374,-7.0193,11.5445,-615.9091,-7.0648
600165,新日恒力,-18.2356,-548.0572,-4.4787,6.7994,-548.2759,-5.1928
600166,福田汽车,6.1707,32.3309,8.92,26.2699,17.619,9.019
600167,联美控股,37.0836,423.7393,8.4825,16.7761,423.5714,8.5338
600168,武汉控股,-13.2346,-19.4036,-0.6533,24.631,-12.5,-0.7323
600169,太原重工,18.8844,19.4937,92.8562,51.3632,-37.7982,92.8562
600170,上海建工,32.8858,-6.6934,4.6319,25.048,-9.4828,5.3725
600171,上海贝岭,-14.5485,-846.054,-4.4109,-4.7993,-700.0,-3.2951
600172,黄河旋风,-0.5202,-32.9284,1.9107,3.2193,-49.0,2.3587
600173,卧龙地产,-7.8077,19.396,11.1301,5.5343,0.0,2.4639
600175,美都能源,-14.4942,99.903,131.4353,39.5708,66.6667,156.7312
600176,中国巨石,-28.064,-91.6771,6.2995,34.934,-91.3663,7.9757
600177,雅戈尔,5.489,-25.3217,1.4942,1.1888,-27.0351,0.15
600178,东安动力,14.1253,28.7343,9.9442,11.2927,28.7154,9.9442
600179,安通控股,-31.0667,-308.7983,-12.259,9.4484,-300.0,-12.0875
600180,瑞茂通,-100.0,,,-74.7544,-99.9635,-388.4841
600182,S佳通,-19.5721,665.2968,4.5338,-7.045,628.0,15.4003
600183,生益科技,-34.909,-33.4903,-4.3969,-15.7268,-36.8421,-3.6172
600184,光电股份,-35.5598,251.4693,2.4643,25.1917,0.0,2.2207
600185,格力地产,-24.005,,-90.7591,-30.9195,-1.1129,-96.5538
600186,莲花健康,18.072,47.8729,-0.0197,-2.0576,47.2727,-0.0197
600187,国中水务,46.9564,18.1506,21.984,-76.5389,17.0833,22.0836
600188,兖州煤业,-24.8214,-48.6593,18.0882,14.6668,-48.6842,17.4014
600189,吉林森工,-35.3569,-189.0538,-2.9927,-14.6246,-190.9091,-0.3041
600190,锦州港,-16.5559,-14.1151,134.1207,24.8997,-35.3659,135.0853
600191,华资实业,-41.9698,,11.9078,3.8983,-175.0,12.0107
600192,长城电工,-9.6762,-44.0633,2.8588,6.8688,-44.8113,1.952
600193,创兴资源,-93.5061,-112.1127,-5.1933,26.3754,-107.8947,-5.0405
600195,中牧股份,4.6674,57.7697,8.9436,0.1888,59.9753,8.084
600196,复星医药,-5.6623,-29.4679,8.3792,18.0062,-30.0,9.5532
600197,伊力特,17.4361,-13.8696,3.1927,12.5061,-11.9094,3.5211
600198,大唐电信,22.7414,210.1162,34.0739,9.7276,91.4286,22.2761
600199,金种子酒,76.5203,93.8333,7.2174,18.1106,100.0,7.2599
600200,江苏吴中,-23.481,-268.5591,-0.1749,-4.5672,-416.6667,-1.1185
600201,生物股份,-41.7428,-40.2528,2.8441,17.4269,-45.0,2.8539
600202,哈空调,0.1936,-2.4749,38.2473,14.2721,-18.7135,38.2473
600203,福日电子,-33.1155,,-3.9317,-21.0885,157.8947,-2.3892
600206,有研新材,-57.5896,-364.9913,-5.8214,-14.4985,-275.0,-5.8214
600207,安彩高科,-71.9463,-982.2551,-7.5455,-5.9098,-788.6,-8.1645
600208,新湖中宝,113.777,32.4692,21.6816,45.5491,30.137,20.8615
600209,罗顿发展,-25.3228,,-8.68,-11.6332,115.0538,-6.8011
600210,紫江企业,-9.4471,86.3172,-4.2947,10.3134,113.5135,1.6404
600211,西藏药业,8.6953,573.9025,4.1018,-2.8033,2150.0,4.5878
600212,江泉实业,-21.2387,89.6992,3.2091,-15.2212,90.0,3.2091
600213,亚星客车,-43.3268,-440.9311,-8.5705,-15.3777,-441.6149,-8.5705
600215,长春经开,-2.161,,2.2197,-11.5406,-202.4759,2.2196
600216,浙江医药,-13.9183,-24.309,45.1776,-2.5911,-23.4088,45.074
600217,中再资环,-9.7522,,-95.6344,-12.8396,26.2626,-106.1397
600218,全柴动力,35.3343,110.0179,3.8574,10.9006,58.9247,2.6353
600219,南山铝业,-15.4375,-69.7745,1.2156,-0.2817,-66.6667,2.5637
600220,江苏阳光,-31.4694,-30.7978,9.8475,-3.0693,-37.5276,3.3205
600221,海南航空,-1.2681,-44.0444,-21.3995,10.5046,-42.0455,-20.9218
600222,太龙药业,43.0492,4.9621,4.3654,10.9947,6.5163,4.5189
600223,鲁商置业,-47.062,,82.324,48.6593,-104.3056,135.5031
600225,*ST松江,-2.4741,-49.7052,,-59.1396,-37.931,-16.5096
600226,升华拜克,-58.9554,-39.5407,5.5242,-15.3965,-15.2589,5.462
600227,赤天化,-6.7738,-6.65,28.494,139.6543,-10.8992,38.3407
600228,*ST昌九,-37.3879,-585.365,-3.7144,-4.3291,-2540.0,-6.2808
600229,城市传媒,-34.6525,-210.494,35.6562,22.755,-209.0909,34.4482
600230,沧州大化,-24.2591,-77.8873,0.6558,21.56,-64.5999,3.8215
600231,凌钢股份,-15.6446,-109.2855,-11.9771,40.4791,-107.3171,-11.9771
600232,金鹰股份,-43.8358,-35.2807,9.0431,-8.6939,-23.0769,13.957
600233,圆通速递,2.1034,136.1727,13.8656,19.8001,152.5556,13.8046
600234,ST山水,-21.0427,,,259.5828,-0.0,-57.2918
600235,民丰特纸,-5.8238,125.8858,-5.3588,-7.2162,77.6199,-0.6578
600236,桂冠电力,-4.018,,-0.6367,-3.9738,-527.2727,-0.8171
600237,铜峰电子,-42.2401,-310.609,-5.6871,-2.0826,-273.7166,-5.5627
600238,海南椰岛,-42.1042,-180.9511,-21.85,-6.2319,-181.6908,-21.3031
600239,云南城投,29456.6717,,291.9901,560.2504,-242.7046,301.7464
600240,华业资本,4.047,103.9408,7.4027,31.2255,80.0,6.621
600241,时代万恒,10.6604,82.9769,-3.8955,32.1351,86.4865,-1.779
600242,中昌数据,125.1668,76.0978,,70.4965,117.3913,-90.4961
600243,青海华鼎,-14.2319,-3.1493,5.8882,12.901,-1.6835,5.9389
600246,万通地产,-73.1108,-76.6072,1.7252,-3.9528,-86.9776,9.6534
600247,ST成城,-3.2679,-12.1065,3.8347,4.7177,-16.3043,3.167
600248,延长化建,7044.2001,,14507.7357,219.7021,-237.5,-5023.7935
600249,两面针,36.3038,-75.9358,3.8466,5.8114,-93.8108,6.4187
600250,南纺股份,-22.9308,-5.1862,1.4416,-5.8421,-2.2222,2.7256
600251,冠农股份,-15.1414,-161.2934,1.5135,18.3452,-833.3333,0.0334
600252,中恒集团,45.2653,211.2203,18.063,6.4014,178.5714,17.94
600255,鑫科材料,-43.6191,-44.8374,0.1603,-4.4208,-33.3333,0.1617
600256,广汇能源,60.6072,14.0552,15.583,30.6567,4.5267,16.4502
600257,大湖股份,27.7853,15.1414,-17.9743,-7.1858,20.5128,-18.4727
600258,首旅酒店,-16.2516,71.9059,14.9819,6.9277,65.8787,12.5095
600259,广晟有色,-1.4421,69343.3905,11736.5564,76.2142,,8876.7718
600260,凯乐科技,-35.2264,100.3702,0.7309,8.9846,0.0,0.806
600261,阳光照明,-24.7977,-7.1008,-1.2298,1.9389,-9.5238,-0.2451
600262,北方股份,2.0893,48.7295,3.5647,11.1354,37.2646,4.5738
600265,ST景谷,-25.8195,-125.2903,-21.0589,-12.6329,-125.4902,-21.1339
600266,北京城建,69.3896,4.097,4.8299,11.5983,15.5586,3.7274
600267,海正药业,15.7576,29.3634,12.5746,32.0605,28.8043,12.4301
600268,国电南自,29.4074,-16.3792,9.4795,11.7686,-25.0,6.3134
600269,赣粤高速,24.201,19.351,20.3231,18.8614,19.4444,21.0285
600270,外运发展,-76.9935,-97.4755,-2.9445,-22.8032,-97.625,-1.1811
600271,航天信息,15.0647,11.4474,14.3497,13.7975,-26.087,14.4151
600272,开开实业,29.1671,-47.4533,15.7176,12.1131,-47.0032,18.6503
600273,嘉化能源,-25.1408,-276.8366,-3.2756,0.1779,-266.6667,-4.6925
600275,武昌鱼,380.4272,,7.5736,18.0501,36.4103,5.4042
600276,恒瑞医药,19.3456,95.1407,32.3786,27.309,62.1359,31.7404
600277,亿利洁能,102.5474,-249.5327,468.4134,421.1293,-94.1948,457.691
600278,东方创业,-38.5518,33.8233,0.5422,-9.8116,35.7143,0.1436
600279,重庆港九,-25.501,-61.7656,4.272,19.0133,-43.8017,0.8181
600280,中央商场,-3.674,-47.8038,-2.897,9.7175,-61.6822,-5.289
600281,太化股份,-36.9044,-208.6137,-3.2468,12.65,-216.8675,-5.6522
600282,南钢股份,-25.5826,-89.4816,-8.722,0.9512,-89.4904,-8.722
600283,钱江水利,111.8163,-5.873,-5.4759,3.537,-27.2727,-9.9063
600284,浦东建设,52.9604,14.8041,2.4906,23.2987,-25.675,2.9129
600285,羚锐制药,21.2322,109.5297,8.9027,6.7014,112.5,9.2389
600287,江苏舜天,-25.059,-999.4325,-8.4581,19.3889,-919.1083,-10.313
600288,大恒科技,-5.5174,-48.2105,6.1764,-2.0555,-58.3158,10.6891
600289,亿阳信通,32.1528,29.6047,1.0618,-2.4355,7.1429,1.5822
600290,华仪电气,-8.6376,-30.0878,83.0783,24.6903,-38.2749,89.3504
600291,西水股份,15.285,30.3891,36.3212,38.8053,30.5769,36.6508
600292,远达环保,17.3186,,-8.5928,16.354,-182.125,-6.2432
600293,三峡新材,-22.3176,-42.9304,-10.0693,-7.5924,-36.3636,-10.1893
600295,鄂尔多斯,-28.6942,-92.5683,3.7117,31.0275,-94.1176,-0.0464
600297,广汇汽车,4.2816,-16.7018,5.2109,19.6886,-59.4167,4.9712
600298,安琪酵母,23.1228,82.8998,15.269,19.7369,69.5455,13.5744
600299,安迪苏,-26.9313,-232.6669,-12.627,14.6256,-234.4828,-15.0201
600300,维维股份,-7.9061,93.811,10.9485,5.8047,25.0,3.3279
600301,ST南化,-28.8669,-704.3635,-13.6782,18.0135,-716.9444,-28.4126
600302,标准股份,-44.7705,106.2648,-2.3237,-4.635,133.1606,-2.4006
600303,曙光股份,-34.1395,-1.7877,-3.4692,9.5127,4.0,5.0428
600305,恒顺醋业,20.7035,-31.5307,-7.0092,4.5281,-39.4286,-11.9444
600306,*ST商城,-13.7213,38.1375,-0.8135,11.7664,50.0,-0.7998
600307,酒钢宏兴,-27.0156,-89.1408,-5.189,9.976,-87.2632,-5.0491
600308,华泰股份,-22.6276,-55.5031,0.9126,4.2609,-54.4465,0.606
600309,万华化学,-34.0179,-41.6026,10.1482,22.6441,-43.3962,8.1898
600310,桂东电力,2.8222,-19.9906,1.1217,10.5544,-25.2777,1.2513
600311,荣华实业,64.7684,-741.1973,-5.5915,6.2438,-723.0769,-5.5915
600312,平高电气,-8.7967,-19.5173,11.4965,9.8745,-31.0,12.0023
600313,农发种业,-28.5502,,-5.594,-18.4854,-29.2929,-4.5671
600315,上海家化,2.9017,24.4648,15.3355,-3.6934,-8.1633,22.0534
600316,洪都航空,-40.4517,-37.7351,5.7696,-9.4448,-38.7466,5.8124
600317,营口港,17.171,-26.3997,-0.186,30.8306,-51.3514,-0.7783
600318,新力金融,12.1522,-15657.5989,-27.6664,38.0018,-22100.0,-27.6664
600319,亚星化学,-5.7379,-22.199,0.8138,14.0591,-28.0,1.2538
600320,振华重工,43.6977,-15.6496,39.5788,27.4506,-37.5,38.1235
600321,国栋建设,4.2378,-25.6002,0.2183,20.1288,-26.5,0.2508
600322,天房发展,-59.7732,-68.404,0.5014,9.2809,-55.5556,0.5105
600323,瀚蓝环境,5.2719,-10.9083,12.2105,39.8242,-10.5263,5.7929
600325,华发股份,1.2844,20.8372,4.1694,28.0111,-0.8499,2.9895
600326,西藏天路,73.3615,402.921,0.4441,6.5137,181.8182,1.1319
600327,大东方,32.0079,32.1326,8.612,3.3518,25.6757,10.748
600328,兰太实业,-24.7245,-108.9972,0.7606,29.3177,-106.25,0.3549
600329,中新药业,11.3823,-0.079,14.5826,7.2877,5.0,15.334
600330,天通股份,-59.9587,-252.7325,-8.2882,-10.1691,-254.4118,-7.5613
600331,宏达股份,-34.4746,-52.2229,-41.4422,-8.2525,206.9869,-45.6237
600332,白云山,-59.5924,-33.8785,1.961,-22.5092,-29.7561,3.2176
600333,长春燃气,-14.0609,-89.4093,5.1291,-10.4822,-85.7143,5.0869
600335,国机汽车,-34.0196,-141.1669,-8.2396,6.2598,-145.8617,-8.5349
600336,澳柯玛,23.4885,567.6376,6.8942,-1.1587,521.2963,7.5221
600337,美克家居,-4.1506,-24.2004,4.3906,12.0047,-39.976,3.1185
600338,西藏珠峰,-42.9177,-189.8687,,1.7268,-244.4444,-7.981
600339,*ST油工,-37.2031,-128.4804,-6.5678,-0.0619,-118.7752,-6.0178
600340,华夏幸福,-47.4679,,-14.6826,-31.3139,11.1111,-13.8049
600343,航天动力,-11.1692,-43.3273,1.8727,0.4007,-46.1997,2.9374
600345,长江通信,-4.6426,19.2902,2.8233,-2.0506,31.3725,2.1303
600346,恒力股份,-55.4964,-630.1333,-4.952,48.2971,-375.7576,-5.5458
600348,阳泉煤业,40.5745,92.0246,41.405,34.5926,-6.1856,39.5295
600350,山东高速,2.0269,-35.7482,3.3201,27.8478,-35.468,3.3515
600351,亚宝药业,19.2049,59.4204,10.927,31.3092,-10.3448,10.3822
600352,浙江龙盛,-16.6996,-11.4834,13.9498,14.7539,-56.4247,11.4517
600353,旭光股份,-15.5322,15.5645,4.6819,3.0632,17.2708,4.7852
600354,敦煌种业,35.2797,629.4436,13.2379,21.2201,38.7931,1.0083
600355,精伦电子,-18.7197,,-12.5138,-11.1746,37.5,-12.5138
600356,恒丰纸业,0.2536,58.0276,2.449,-7.8114,53.0769,2.5833
600358,国旅联合,23.6821,-2.068,1.0758,13.5778,-12.5,3.8011
600359,新农开发,79.3634,,-9.5767,6.371,-118.5714,-7.1189
600360,华微电子,-4.4483,-185.8113,-2.557,-4.9621,-187.5,-1.7285
600361,华联综超,8.4377,-46.8845,1.2229,14.1593,-59.2593,1.2229
600362,江西铜业,-20.4177,-57.2698,10.0482,19.0748,-56.5217,9.5714
600363,联创光电,-14.7947,-76.839,0.1478,1.1748,-74.9035,1.3438
600365,通葡股份,-15.7308,-28.0868,0.8999,-8.346,-25.0,0.8999
600366,宁波韵升,-69.0532,199.7479,5.5143,-1.0711,274.4015,6.0977
600367,红星发展,-47.9783,-129.4998,-0.4478,-3.8815,-126.6667,-1.6109
600368,五洲交通,-1.1683,5.3838,49.4676,32.7104,-11.1111,44.7497
600369,西南证券,-100.0,,,1278.3568,-327.7228,-8881.459
600370,三房巷,-7.6669,-40.9683,-0.3128,-12.2118,-43.4122,-0.0953
600371,万向德农,-14.6445,41.2598,2.5609,-3.4189,41.6667,2.3272
600372,中航电子,2.1018,,122.1678,-60.8761,-102.7778,120.5654
600373,中文传媒,-58.0281,-3095.5418,-68.4568,-1.7154,-2075.7225,-68.4789
600375,华菱星马,-2.3692,-4.4931,0.4683,-17.0256,-5.2632,0.4683
600376,首开股份,14.3794,62.4401,11.0528,20.8737,73.913,11.2334
600377,宁沪高速,2.4209,14.411,3.3754,-2.1389,11.7647,3.4177
600378,天科股份,-15.9709,-39.2468,10.2786,-2.8678,-39.604,11.6314
600379,宝光股份,-9.0527,-60.4718,1.2183,2.0665,-72.0,0.9952
600380,健康元,8.6389,662.9725,3.1347,-1.3218,6190.0,1.4605
600381,青海春天,24.9139,-67.3938,,-11.7498,-66.0196,-8.7655
600382,广东明珠,-26.5658,-63.2096,3.1608,14.3786,-64.4444,3.6976
600383,金地集团,54.0525,41.6777,9.4138,7.2721,-7.1429,8.233
600385,山东金泰,84.8524,,,-15.711,25.0,13.8433
600386,北巴传媒,86.6355,135.8209,19.3316,8.7184,143.0769,15.6783
600387,海越股份,-30.555,673.731,13.1981,-2.2983,700.0,13.7585
600388,龙净环保,17.1233,105.0374,71.955,23.2377,97.2222,73.5225
600389,江山股份,-40.0319,-97.8316,9.3361,18.9894,-99.3237,9.397
600390,*ST金瑞,-36.1559,-181.5893,-4.4218,-11.1467,-186.6667,-2.024
600391,成发科技,35.0238,21.2726,8.0459,19.7808,25.9259,8.1179
600392,盛和资源,-11.4432,-34.938,4.2953,19.0882,-35.0,4.3396
600393,粤泰股份,5.5872,-40.9266,53.369,14.2734,-40.9091,39.3219
600395,盘江股份,26.3943,142.097,201.0886,158.6811,6.0538,199.3854
600396,金山股份,-2.9008,-77.8866,7.5112,26.831,-62.5,0.2078
600397,安源煤业,-19.7599,1158.4866,-23.2267,-2.4525,-53.0,-25.0245
600398,海澜之家,0.2734,-48.9948,2.0183,-7.0734,-42.8571,1.9933
600399,抚顺特钢,-36.678,-47.9658,1.6612,1.3488,-50.0,1.6612
600400,红豆股份,-10.3897,-37.4416,1.6327,3.4185,-50.0,1.5116
600401,海润光伏,-12.6077,,-45.8321,-6.9991,-91.9845,-55.0031
600403,*ST大有,-11.3517,56.5529,17.6302,18.4637,74.734,6.0137
600405,动力源,13.8287,,10.1272,19.5372,-140.0,10.1105
600406,国电南瑞,31.6475,38.6657,6.6486,16.703,42.2602,11.5665
600408,安泰集团,-54.2832,-186.4285,-17.4659,0.3425,-195.0,-17.2323
600409,三友化工,-48.1222,-105.9871,-4.4223,-9.613,-108.3147,-5.1272
600410,华胜天成,0.2408,-2.4703,10.9791,10.9044,-9.8943,10.5058
600415,小商品城,-7.7186,26.9998,217.6621,134.1297,-76.0684,222.2229
600416,湘电股份,64.1637,846.5227,13.7554,27.0925,283.3333,9.0285
600418,江淮汽车,1.8834,-31.1965,0.5286,56.7934,-30.7692,-0.3959
600419,天润乳业,22.5393,,-8.213,-26.4529,-42.8571,8.1036
600420,现代制药,81.4941,18.4857,10.0327,40.7802,13.4111,7.2585
600421,仰帆控股,6.386,,-1352.7801,-79.5248,-11.4286,-1818.5696
600422,昆药集团,1.2832,17.0083,5.838,1.6156,14.2857,5.7907
600423,柳化股份,-16.7061,-109.1354,2.1156,20.8904,-110.5263,-1.0831
600425,*ST青松,43.492,105.8248,10.0713,25.4802,37.7551,7.7161
600426,华鲁恒升,1.7219,-9.9771,13.6746,19.203,-9.8646,13.6746
600428,中远海特,-42.2371,-90.8211,4.4075,7.2262,-95.0355,5.696
600429,三元股份,73.2496,110.0654,6.3187,26.1289,189.0,7.5323
600432,*ST吉恩,-69.4004,-94.7342,-4.3282,21.1314,-95.5224,-5.4199
600433,冠豪高新,-16.9455,39.3372,-5.6369,-3.1972,23.8806,-5.4676
600435,北方导航,475.8605,,96.5618,184.2336,-289.1892,117.7122
600436,片仔癀,0.9007,-5.2218,7.4981,15.9519,-4.0816,7.7974
600438,通威股份,0.7972,-19.5337,8.2878,9.5669,12.4304,10.8835
600439,瑞贝卡,2.7321,-44.63,9.9843,18.0064,-55.6541,9.9843
600444,国机通用,-23.2363,,-46.1846,-16.9226,-44.6809,-43.7278
600446,金证股份,1.7643,-32.0166,5.0695,4.3398,-37.5,3.9873
600448,华纺股份,-36.4642,-582.3665,-11.6047,3.1633,-600.0,-11.6805
600449,宁夏建材,37.6012,115.6851,22.7673,12.4883,70.3704,21.9983
600452,涪陵电力,8.0546,,7.2037,-10.7329,-83.3333,6.6818
600455,博通股份,-41.6907,,-18.5456,-11.9626,-12.0,-20.3545
600456,宝钛股份,0.0787,-85.283,0.3957,-0.0437,-86.0,0.3166
600458,时代新材,40.6375,57.1534,11.1664,30.8671,58.2781,11.4768
600459,贵研铂业,-47.2543,-108.0757,-10.5608,-8.5377,-110.7143,-10.254
600460,士兰微,-28.6821,-47.759,-8.8822,-11.3416,-50.0,-8.7142
600461,洪城水业,18.5068,27.8691,6.7323,-1.1977,27.3973,2.5913
600462,九有股份,-44.1625,-50336.8709,-69.2059,-15.739,-45285.7143,-69.4212
600463,空港股份,-5.8828,-53.3092,2.0702,21.8524,-52.1739,0.7573
600466,蓝光发展,28.9799,116.7532,2.8964,0.7774,205.0,2.8322
600467,好当家,-13.2269,-41.6896,6.9249,8.5107,-43.75,7.1625
600468,百利电气,-45.648,-60.7578,3.6794,-11.1537,-47.3214,3.216
600469,风神股份,-29.2036,54.9602,48.7526,20.1319,5.4878,48.7526
600470,六国化工,-13.2245,-80.6654,-0.7075,-12.7546,-72.7273,-0.5805
600475,华光股份,-16.7012,23.9839,-2.6291,-1.1237,4.3478,-3.3763
600476,湘邮科技,-4.1892,,-16.7323,-24.8482,-33.3333,-16.8303
600477,杭萧钢构,-25.8143,55.785,15.7107,-6.142,81.25,15.7338
600478,科力远,5.0326,-59.6241,2.0797,36.7373,-81.25,0.0281
600479,千金药业,11.4349,-9.3839,8.4335,16.321,-25.1797,8.2444
600480,凌云股份,3.9404,14.5525,16.0158,6.4056,16.6667,15.8453
600481,双良节能,-18.9126,59.8461,0.3039,-4.2395,56.0926,0.3817
600482,中国动力,-34.4039,-69.704,-22.4653,-19.3304,-66.6667,-23.0049
600483,福能股份,-19.4531,21.8351,0.9774,-7.5953,52.7778,2.0796
600485,信威集团,10.9901,-44.2266,21.1424,22.3997,-26.5734,19.9185
600486,扬农化工,-13.194,2.1097,23.3799,14.8508,2.3976,23.3733
600487,亨通光电,32.2602,97.7771,9.5353,18.0356,103.5354,9.3752
600488,天药股份,0.4477,10.6872,2.7751,9.6865,10.8696,2.5324
600489,中金黄金,-20.6145,-50.1763,5.2881,29.8838,-75.5814,3.013
600490,鹏欣资源,-65.9975,,-26.6386,-19.9496,100.0,-23.7514
600491,龙元建设,-0.9103,5.2066,42.3066,13.5031,-0.5993,46.0519
600493,凤竹纺织,-8.6502,-37.9724,-1.2105,-0.0052,-37.4793,-0.6906
600495,晋西车轴,-17.0096,-61.1636,151.9165,99.8027,-61.9245,167.1226
600496,精工钢构,-1.1382,85.555,10.2788,-2.2752,90.8832,15.8557
600497,驰宏锌锗,-35.2994,-65.8935,4.1741,1.0259,-65.3597,-6.6074
600498,烽火通信,47.7517,40.2025,8.1035,13.7704,34.6154,6.2908
600499,科达洁能,-16.7839,-31.5523,2.4645,-5.3803,-73.9726,7.9324
600500,中化国际,-37.8013,-42.8772,21.22,-2.4467,-41.6667,5.0913
600501,航天晨光,4.9074,27.1965,-4.1977,5.253,5.5453,-4.1352
600502,安徽水利,0.866,10.1447,1.4276,21.0888,0.0,3.4302
600503,华丽家族,-74.0767,37.917,7.0588,3.7684,7.1429,5.4167
600505,西昌电力,-8.196,424.5751,65.3923,-0.8224,452.579,79.7871
600506,香梨股份,-3.4831,-1364.8014,-33.8792,-24.6616,-1315.2174,-33.8792
600507,方大特钢,-33.1273,-255.211,1.9298,14.914,-325.0,0.7186
600508,上海能源,-14.6862,-25.8664,25.1373,9.7273,-26.25,26.8232
600509,天富能源,13.9744,-40.3166,-9.9087,4.3002,-25.0,1.338
600510,黑牡丹,179.7247,,237.538,398.7679,-400.0,240.803
600511,国药股份,15.389,17.9825,24.5516,7.5921,-41.2408,25.2907
600512,腾达建设,-6.3705,-36.3736,4.3516,20.9694,-35.2113,2.0608
600513,联环药业,10.243,22.5848,3.1743,4.2374,25.0,3.7248
600515,海航基础,6.7307,,-53.2963,0.437,28.5714,-55.8121
600516,方大炭素,-33.7919,-57.3975,91.6985,49.934,-57.9047,106.9064
600517,置信电气,2.0343,50.5264,29.2283,28.4008,4.7619,29.3
600518,康美药业,44.9845,72.607,49.7486,46.8638,-15.5689,49.7486
600519,贵州茅台,20.0508,24.5288,33.612,41.6603,24.8945,33.6524
600520,*ST中发,-37.5023,-2341.8137,-4.196,-12.8158,-1766.6667,-2.0906
600521,华海药业,-2.7129,-8.2049,8.8652,14.4783,-7.6923,8.4352
600522,中天科技,30.2876,91.2398,69.0746,35.1568,72.9373,77.9739
600523,贵航股份,6.4478,6.9398,5.9305,2.8205,5.2632,5.9158
600525,长园集团,-15.823,-19.1126,-0.8051,0.9568,-20.303,-1.0236
600526,菲达环保,-1.6006,307.3243,3.8071,11.9826,125.0,2.5167
600527,江南高纤,-25.4335,-18.3499,6.8983,8.387,-18.1818,6.6951
600528,中铁工业,36.7752,26.726,5.9895,25.061,48.9445,-0.0585
600529,山东药玻,-0.6919,12.7033,10.6914,6.4597,12.4903,10.6731
600530,交大昂立,-13.4252,66.306,-11.8142,3.4868,14.2857,-15.9282
600531,豫光金铅,-44.3079,-73.465,-1.4252,15.6122,-73.6842,-1.4252
600532,宏达矿业,-39.9875,,-20.0899,-13.9224,-95.0,-17.7736
600533,栖霞建设,5.9271,-32.855,54.1503,21.4282,-74.0653,68.1555
600535,天士力,15.6305,49.2176,4.4588,4.5601,40.0,5.3441
600536,中国软件,-7.6464,-158.333,30.9581,19.6669,-90.0,71.4157
600537,亿晶光电,-21.8295,-114.6309,2.5567,5.0497,-130.0,-1.2247
600538,国发股份,-39.988,,-42.9435,-13.4726,46.1538,-42.5327
600539,ST狮头,20.0641,32.2047,-0.0413,-1.12,33.3333,-0.0413
600540,新赛股份,-0.0796,-73.6434,2.6273,-13.86,-84.2711,-0.3453
600543,莫高股份,-24.4229,-5.3764,5.1962,-11.5433,-26.5449,5.1962
600545,新疆城建,68.5472,87.4655,45.4196,45.318,-18.1818,44.6646
600546,*ST山煤,0.0967,-0.0124,0.3628,2.9293,0.0,0.3628
600547,山东黄金,-4.2982,0.0376,23.3362,19.3208,-51.4286,23.2799
600548,深高速,12.3996,0.6004,-2.3868,18.5177,-1.3699,-2.5905
600549,厦门钨业,-48.5205,-81.7441,2.8508,11.9494,-81.4882,2.2468
600550,保变电气,56.7222,-9.1655,22.1579,61.1031,-10.0,19.0102
600551,时代出版,1353.396,1490.1555,1079.2327,842.4346,227.3138,1194.5721
600552,凯盛科技,-19.4441,-373.027,-7.0099,-4.6566,-504.5977,-8.5348
600555,海航创新,-95.5627,-48.711,-5.848,-9.2001,-75.0,-5.6398
600556,ST慧球,31.2661,,-339.0133,-48.6731,-246.5874,-353.6278
600557,康缘药业,-24.0174,28.0716,12.1357,-5.7998,10.0,13.3039
600558,大西洋,-11.7531,-11.3307,3.635,3.4515,-7.5,5.0096
600559,老白干酒,34.8575,21.4526,9.826,6.9624,20.0,9.826
600560,金自天正,-29.1216,-25.8551,5.8818,6.07,-23.8095,6.0542
600561,江西长运,8.456,21.6819,13.8301,-3.7904,23.8095,15.741
600562,国睿科技,-49.9933,-11860.6561,-18.427,29.2335,-4100.0,-18.9066
600563,法拉电子,11.8251,21.8458,8.5012,1.3527,4.5455,6.147
600565,迪马股份,-45.2545,-77.5289,4.4496,36.3827,-85.7235,6.2958
600566,济川药业,-1.6409,-31.0064,1.1621,2.3322,-34.7826,1.1569
600567,山鹰纸业,-16.7211,-141.3675,-3.0399,9.7528,-144.4444,-4.0149
600568,中珠医疗,27.1188,49.3719,26.2538,21.3085,46.1538,16.843
600569,安阳钢铁,-47.6694,-165.3535,-7.7421,-9.4538,-164.0,-7.7736
600570,恒生电子,-4.4308,65.6083,22.62,20.4674,0.0,17.8101
600571,信雅达,2.8229,-7.565,-10.6995,-0.8527,48.3871,-7.5565
600572,康恩贝,-0.2704,-34.6093,3.3417,1.9124,-35.0526,3.6248
600573,惠泉啤酒,12.5977,22.6159,4.8004,2.3868,18.1818,4.8813
600575,皖江物流,-29.0069,-72.9378,-0.2364,26.2584,-66.6667,-0.2369
600576,万家文化,-66.6575,-250.2241,1.5975,-15.5952,-250.9434,1.7477
600577,精达股份,-54.4331,-43.2485,10.2232,0.2971,-39.2593,6.633
600578,京能电力,6.7798,47.7878,10.2916,74.0382,45.4545,6.7151
600579,天华院,-39.1245,,-89.2366,-6.4432,-96.2162,-89.2366
600580,卧龙电气,3.0512,41.1876,16.3785,17.9828,46.8974,13.2008
600581,*ST八钢,-27.8204,-144.2512,-16.8525,-6.2294,-144.4444,-16.8525
600582,天地科技,76.3144,68.199,61.0745,66.2032,29.6296,31.4834
600583,海油工程,84.0015,47.5179,94.7158,56.257,-18.75,94.0985
600584,长电科技,-24.0338,-135.0613,0.3616,3.2447,-144.5443,0.2091
600585,海螺水泥,10.1835,-2.5036,10.7274,0.9832,-10.9756,11.1319
600586,金晶科技,35.6,-60.25,2.6631,42.6204,-64.7059,2.0887
600587,新华医疗,25.9121,48.1888,4.5315,1.1224,40.0,4.7357
600588,用友网络,11.7641,187.8796,2.0196,13.1015,122.6337,1.228
600589,广东榕泰,0.1739,-6.0301,8.5545,16.9151,-7.6923,8.6104
600590,泰豪科技,10.6633,43.2356,7.4361,12.3851,30.7692,9.5567
600592,龙溪股份,-39.9294,-42.8791,7.5544,9.0205,-42.3645,7.7852
600593,大连圣亚,11.692,,1.0025,-2.0982,-0.0,1.5762
600594,益佰制药,11.8784,17.2676,12.0131,2.7647,-10.8787,13.9369
600595,中孚实业,-31.8008,-77.0479,-3.9675,13.7924,-74.7368,-2.7919
600596,新安股份,-50.2696,-84.5601,18.9957,7.7141,-83.8691,23.8634
600597,光明乳业,2.1589,-70.7857,-14.7792,-0.6683,-67.8016,-15.8377
600598,北大荒,16.5391,-2.6686,21.6774,12.9658,-1.7143,22.0258
600599,熊猫金控,-9.0307,3.4461,5.5965,1.7472,4.386,6.5255
600600,青岛啤酒,15.1902,64.3025,8.2709,5.8874,67.8682,10.8675
600601,方正科技,0.3515,-27.8391,1.3888,5.7497,-31.4711,2.1137
600602,云赛智联,-42.5218,,-38.2771,-19.0012,356.7647,-37.0074
600603,广汇物流,-83.866,39.5407,,-83.9053,29.3333,-11.2962
600604,市北高新,-65.2348,,-15.8501,-30.2287,126.7797,-15.3658
600605,汇通能源,33.8221,428.2709,16.4305,-1.4093,410.0,16.4305
600606,绿地控股,-9.27,11.3767,7.0234,-0.4158,0.5319,8.6337
600608,*ST沪科,-50.205,,-94.5448,-9.2242,184.8,-123.8985
600609,金杯汽车,17.3337,-310.8155,-59.1813,-9.146,-371.0145,-69.7103
600610,中毅达,-24.3185,-59.1357,-6.0308,-7.7803,-60.0,-6.6115
600611,大众交通,-27.8474,-25.6666,1.8109,-15.6742,-25.0,5.8962
600612,老凤祥,7.9504,17.5341,15.0589,13.5062,39.2008,15.686
600613,神奇制药,21.7763,-7.3916,2.0663,-15.9939,-8.5106,2.0437
600614,鹏起科技,-11.3371,80.9338,317.5525,24.2809,6.7895,419.7342
600615,丰华股份,150.7612,-85.6987,53.9177,51.8972,-85.8044,53.9177
600616,金枫酒业,-85.6333,-30.9734,-30.8658,-67.182,-24.1379,-3.1817
600617,国新能源,-27.1245,,-159.0287,-32.7504,15.3846,-286.9361
600618,氯碱化工,-21.4686,-93.4372,-7.6309,-8.2624,-93.531,-7.7847
600619,海立股份,-34.9475,-92.6928,-4.4045,-9.3626,-94.4444,-4.9414
600620,天宸股份,-77.7146,-393.5871,6.7283,-5.7563,-258.6667,0.63
600621,华鑫股份,-32.7514,-47.746,-0.3074,-3.9285,-39.1304,2.2259
600622,嘉宝集团,3.4794,237.7225,16.7252,15.261,237.5,16.3553
600623,华谊集团,-20.5463,31.2429,-6.1844,-4.233,6.5217,-7.9142
600624,复旦复华,-4.1776,-1.4236,2.9625,11.8599,9.6774,2.7593
600626,申达股份,-3.0841,-45.3736,-0.0393,2.9762,-40.5271,1.1038
600628,新世界,3.342,9.6083,6.5069,-0.671,11.1111,6.4034
600629,华建集团,-48.1053,-95.0416,12.299,4.9386,-91.0,11.8987
600630,龙头股份,-17.4841,-22.2708,2.646,-5.9677,-23.0769,2.7614
600633,浙报传媒,-26.2427,,-23.8553,-21.2626,31.1475,-23.8876
600634,富控互动,-87.7051,,-0.7088,-3.0348,300.0,-1.0011
600635,大众公用,4.5313,-17.5097,-2.8883,-0.0797,-22.2222,-1.5801
600636,*ST爱富,-28.6133,-7.7833,-10.6663,-13.19,-90.6522,-10.6966
600637,东方明珠,-22.74,-2288.0543,-51.0667,-34.4749,-914.5038,-52.1575
600638,新黄浦,-16.0025,-2.0847,14.3214,38.6452,2.1858,6.3952
600639,浦东金桥,6.9015,-0.8676,5.3527,7.6681,-2.0325,5.5782
600640,号百控股,26.2711,,-4.5269,-1.8773,-84.3333,-4.5269
600641,万业企业,-16.8002,-30.4076,-1.6653,17.0089,-60.0213,-3.6617
600642,申能股份,36.9217,88.7226,6.3394,4.7706,87.3096,7.9049
600643,爱建集团,-25.4552,-26.0623,1.7348,-21.4186,-43.5294,1.9664
600644,乐山电力,7.591,-15.6632,18.8546,104.9571,-13.8266,8.6012
600645,中源协和,17.4979,-70.0968,11.4004,6.3269,-84.2373,21.0875
600647,同达创业,59.6664,365.3335,7.925,14.6928,142.2414,-1.6575
600648,外高桥,512.3238,,142.789,160.188,-1280.0,124.2768
600649,城投控股,145.5521,11.4928,50.9372,134.9309,-10.1777,47.4459
600650,锦江投资,-5.1577,-24.9972,6.7748,1.593,-20.1258,8.4575
600651,飞乐音响,-18.9558,-35.4468,4.0553,2.8623,-33.7079,3.9242
600652,游久游戏,-11.8311,-43.3056,-2.5577,-30.1976,-36.5385,0.8987
600653,申华控股,-6.8796,447.3749,12.0941,35.3842,541.1765,4.4565
600654,中安消,-26.8453,-74.2382,-1.2958,-4.2124,-75.0,-1.4107
600655,豫园商城,3.5145,22.8915,8.6763,-2.2047,-2.0779,9.0342
600657,信达地产,46.6875,,6773.5494,897.3769,-132.6442,-26267.9567
600658,电子城,-21.5215,,-36.7296,-18.393,-9.0323,-37.5282
600660,福耀玻璃,-12.1189,-49.7467,0.568,-5.8341,-50.0,0.568
600661,新南洋,-44.6749,-98.8465,-14.6615,-11.7605,-89.4422,-13.5118
600662,强生控股,-15.9658,-53.0875,2.7899,-5.9575,-52.1702,6.0753
600663,陆家嘴,92.3256,134.1346,17.7802,22.25,29.4605,11.006
600664,哈药股份,3.822,23.5944,4.1635,18.0221,23.4092,4.1317
600665,天地源,-29.8908,13.6118,6.9493,15.0804,13.5908,7.4276
600666,奥瑞德,5.3722,17.2299,9.8165,14.4595,16.6667,10.4505
600667,太极实业,-17.9774,-10.0102,1.8699,25.1572,2.7668,1.9938
600668,尖峰集团,25.3494,488.5382,5.5581,2.0692,260.0,5.0861
600671,天目药业,-0.2593,-497.2649,-20.064,-19.0334,-491.8868,-17.4539
600673,东阳光科,-29.0487,-82.6555,-6.2423,12.2847,-81.8182,-7.7782
600674,川投能源,63.85,-37.9365,14.155,15.9867,-43.6881,13.6313
600675,中华企业,15.9326,5.9716,7.9103,6.1718,5.8824,7.4069
600676,交运股份,8.0157,-0.9658,8.5934,18.5139,-42.3346,2.8361
600677,航天通信,-23.4553,-83.6276,-4.8928,-1.7346,-97.6659,-3.4903
600678,四川金顶,45.5119,-275.5004,-1.4266,44.1443,-486.921,-9.317
600679,上海凤凰,-48.2582,-81.5503,-8.5212,-19.8296,-80.8564,3.0619
600680,ST上普,-23.3849,-229.1485,61.0497,31.7892,-187.5,62.5501
600681,百川能源,-43.137,,,-42.7661,-106.8525,-20.8799
600682,南京新百,-14.0287,-25.7525,7.0849,6.414,-22.2222,7.0849
600683,京投发展,15.7537,120.8167,95.6882,70.5261,61.2903,94.6184
600684,珠江实业,38.2367,34.5738,3.9365,9.6777,33.3333,3.9409
600685,中船防务,1.8614,-54.0823,12.7335,-22.042,-54.6296,12.3247
600686,金龙汽车,-30.0008,-77.6409,5.2723,6.5071,-82.0513,2.2988
600687,刚泰控股,-28.3834,106.6115,3.5165,-50.4905,119.1489,0.9434
600688,上海石化,-35.5633,,-24.6631,-10.5587,-363.4615,-25.042
600689,上海三毛,-13.4825,178.6894,13.4457,-2.2533,182.3096,10.0193
600690,青岛海尔,-12.151,14.1048,13.8594,18.552,21.2195,13.0892
600691,阳煤化工,-7.091,,,-0.0991,19.1383,300.8629
600692,亚通股份,-1.3134,47.0635,5.0895,-4.4519,34.0708,5.6772
600693,东百集团,8.5475,-8.0061,9.629,-5.4267,-29.6482,9.6635
600694,大商股份,4.2963,-66.6925,2.0563,2.6524,-73.0769,2.1574
600695,绿庭投资,-8.8694,-193.9792,-11.2129,1.6667,-207.1429,-14.569
600696,*ST匹凸,-29.5155,33.1517,1.0839,-2.6941,-5.5556,1.1178
600697,欧亚集团,10.0106,9.5125,8.6841,12.856,6.3898,8.7807
600698,湖南天雁,-31.3432,,3.3644,-16.7643,-61.5789,4.1983
600699,均胜电子,-3.4755,,-44.2141,-8.6528,59.2593,-60.2189
600701,工大高新,-49.1329,,-5.221,-2.0378,-77.2,-5.2605
600702,沱牌舍得,-20.0045,-10.9596,0.9318,2.1192,-10.943,0.9342
600703,三安光电,5512.3577,2536.9042,24.6895,34.3576,1184.9162,24.6895
600704,物产中大,-35.6924,53.774,4.2172,11.297,50.3333,5.9344
600705,中航资本,,,,-37.2335,100.0,-13.7841
600706,曲江文旅,1.7167,,-17.9723,-4.972,37.5,-23.706
600707,彩虹股份,-63.0929,-916.1532,-3.7508,-7.8822,-917.8571,-5.4102
600708,光明地产,-11.4284,6.351,-1.2188,-9.8759,0.816,5.6488
600710,*ST常林,-44.243,-79.7157,-2.3882,1.6267,-80.9524,-2.3456
600711,盛屯矿业,-17.2901,-177.1499,-54.3749,-7.7593,-182.3529,-29.8639
600712,南宁百货,0.1852,-10.3034,15.6992,-5.1499,-8.5366,12.1428
600713,南京医药,12.6174,-4.339,-0.0054,19.8137,-7.2072,0.5475
600714,金瑞矿业,148.1175,,-55.2972,3.9478,100.0,-55.2972
600715,文投控股,-5.6776,-151.3126,3.7466,1.0776,-150.0,3.7466
600716,凤凰股份,-37.9813,,-74.2828,-4.4213,71.7391,-65.5159
600717,天津港,-25.7184,-35.3422,7.1678,5.5456,-41.6667,7.0164
600718,东软集团,8.4161,49.9647,15.0859,5.7665,-26.4706,15.9492
600719,大连热电,5.9866,26.9268,1.5562,13.8361,27.7778,1.5562
600720,祁连山,58.0048,176.0557,65.4841,49.5756,233.0579,95.4774
600721,百花村,7.8422,-7.1923,2.144,19.3014,-13.0,2.4854
600722,金牛化工,214.1422,,,-17.9362,-82.3529,379.4375
600723,首商股份,3.8554,436.7673,-1.7608,-0.2585,675.0,-1.1167
600724,宁波富达,16.1836,358.3529,162.1124,159.9791,94.621,215.0517
600725,ST云维,-37.2074,-144.0029,-4.9836,21.9241,-148.1894,-12.2694
600726,华电能源,32.8457,,7.2021,35.4184,1200.0,-8.3535
600727,鲁北化工,-68.0401,-191.6288,-31.9698,-25.6687,-191.6667,-31.9698
600728,佳都科技,22.3688,,,-20.4161,-71.3115,-17.7576
600729,重庆百货,9.2607,-23.263,12.2773,7.3104,-23.0812,12.5281
600730,中国高科,-36.2489,29.2992,2.3436,-2.4374,79.5,2.794
600731,湖南海利,-12.1959,-51.4426,0.7588,5.6494,-52.7273,0.1372
600732,*ST新梅,-73.1753,19.478,12.312,8.2693,0.9259,18.069
600733,S*ST前锋,120.9832,-246.1783,14.7284,-33.4798,-252.2013,-1.9939
600734,实达集团,51.2936,,,106.3238,-135.25,-116.9006
600735,新华锦,-15.1256,,9.1308,-3.5279,-209.8814,18.6927
600736,苏州高新,-29.1617,-27.0952,10.7229,17.1702,-32.3232,3.995
600737,中粮糖业,-4.2524,44.1159,8.9288,31.0411,23.0769,8.6711
600738,兰州民百,16.6924,-23.4782,-5.4999,-6.8121,-22.973,-5.5013
600739,辽宁成大,-28.816,6.3697,21.9098,12.289,11.2623,23.1467
600740,山西焦化,-66.3736,-393.5587,-31.757,18.6022,-397.1698,-31.9973
600741,华域汽车,185.5669,1330.1529,255.0684,162.8847,682.5,275.6954
600742,一汽富维,-37.1689,46.6943,15.7797,-4.4026,46.5672,15.7797
600743,华远地产,541.9299,26508.9706,3979.2505,14349.2625,998.9011,3745.283
600744,华银电力,-27.2176,,-45.9086,14.719,2.6371,-47.8197
600745,中茵股份,-59.2077,-85.0353,44.3508,16.5691,-83.4929,56.92
600746,江苏索普,-9.4469,,0.2719,-4.5564,-136.5385,0.7895
600747,大连控股,-30.6709,,-27.3107,-6.8178,8.5366,-29.1993
600748,上实发展,8.0197,-39.9886,-5.9505,4.2091,-47.0588,-0.8948
600749,西藏旅游,72.0734,,-10.0891,6.5034,-64.9918,-10.5524
600750,江中药业,28.2722,2.1071,7.9969,14.5206,3.9677,2.7402
600751,天海投资,-63.5405,,,-6.7342,185.2086,10.7563
600753,东方银星,-59.1647,-54.2623,-25.4488,-19.561,-50.0,-25.86
600754,锦江股份,-11.1314,6.8256,-0.0678,-0.4612,12.0235,-0.2931
600755,厦门国贸,-26.3948,-33.12,3.7904,-8.7705,-30.5085,4.0894
600756,浪潮软件,-50.7692,57.5559,5.7767,9.0791,26.5789,5.8652
600757,长江传媒,-46.5381,,,-24.9465,-60.0,256.4981
600758,红阳能源,6.488,-34.2372,9.9606,4.1525,-33.3333,9.9606
600759,洲际油气,7.8485,292.6167,12.7077,37.0365,293.5484,12.7077
600760,中航黑豹,50.3836,328.4098,-1.163,8.1776,290.625,-1.163
600761,安徽合力,-34.7929,-93.4317,0.1978,-3.3337,-96.0465,0.1854
600763,通策医疗,44.228,124.3192,12.4862,12.2569,135.4305,11.6286
600764,中电广通,-49.6954,-148.5123,9.9353,-10.2966,-486.6667,5.9379
600765,中航重机,-2.1973,3.5199,170.0275,76.1544,-58.3333,177.325
600766,园城黄金,146.9854,,-53.7971,4.2636,-150.0,-70.5738
600767,运盛医疗,96.5435,-474.248,-2.9787,15.5863,-472.7273,-3.0587
600768,宁波富邦,-50.9677,-38.1436,-29.6264,-14.9378,-42.8571,-29.6264
600769,祥龙电业,-43.5247,-2267.5512,-25.4471,-5.9863,-2273.8462,-25.4471
600770,综艺股份,-18.3083,-45.5376,0.3695,9.599,-51.4563,-11.5951
600771,广誉远,-43.1413,-369.1728,,-23.0579,-1450.0,-9.146
600773,西藏城投,-8.8071,,-132.4673,-46.5672,-50.0,-230.44
600774,汉商集团,-2.398,,0.5327,3.6079,-40.0,1.1271
600775,南京熊猫,-24.2091,-289.2194,-1.9772,-5.2557,-297.6684,-2.0316
600776,东方通信,-49.2118,-9.5757,1.9937,-17.046,-7.25,2.1699
600777,新潮能源,-72.0134,-81.3323,-0.4915,5.1384,0.0,0.9715
600778,友好集团,37.5006,22.5931,7.6825,16.1213,27.451,8.5283
600779,水井坊,-19.4935,-23.2305,2.0559,27.741,-22.2222,1.9152
600780,通宝能源,1.4377,,6.6497,-6.0413,-113.3574,6.6494
600781,辅仁药业,-22.0171,7.7515,15.4627,14.3742,0.0,23.2593
600782,新钢股份,-33.2418,-90.4821,9.4239,24.8414,-91.1765,9.378
600783,鲁信创投,-32.5572,-430.5572,-1.2477,31.519,-496.5812,-2.3028
600784,鲁银投资,-39.4535,-21.1073,7.6076,-13.128,-14.2857,7.4533
600785,新华百货,10.6164,48.788,15.05,5.485,5.8824,14.6294
600787,中储股份,-31.4485,-31.745,1.7268,-5.5909,-33.4377,1.622
600789,鲁抗医药,0.7979,-43.1794,1.81,-4.0505,-47.0588,1.6948
600790,轻纺城,-16.2907,-38.3691,7.0505,0.3701,-37.8788,6.4205
600791,京能置业,-62.9722,-122.233,3.1482,-8.9419,-116.7587,3.5811
600792,云煤能源,-20.8779,-325.1856,-125.6851,-4.2035,-487.7273,-267.4406
600793,宜宾纸业,-29.1544,-6764.7424,-44.4991,-2.6139,-7400.0,-44.4991
600794,保税科技,51.1309,10.5396,12.5338,18.4885,-6.25,16.2222
600795,国电电力,3.2087,85.2706,9.3325,31.7456,96.6667,2.0497
600796,钱江生化,-8.017,,-11.4512,-6.7251,-187.013,-12.0551
600797,浙大网新,-7.0065,13.7506,6.1667,-5.5665,25.0,9.5465
600798,宁波海运,-43.1462,-117.0458,2.9327,8.0824,-98.8125,0.2924
600800,天津磁卡,-22.9271,16.0032,105.1643,-22.5484,18.75,118.9348
600801,华新水泥,15.6519,5.7063,10.01,31.5999,-2.0,10.986
600802,福建水泥,-15.5167,,18.3477,24.9318,375.7576,18.4396
600803,新奥股份,3.027,-50.0491,1.1493,1.3379,-42.5,1.1045
600804,鹏博士,-7.6464,24.0236,15.1831,15.0866,-35.2941,12.0021
600805,悦达投资,7.7876,41.6874,-19.0406,6.0767,136.8421,-28.0238
600806,*ST昆机,-18.0913,-24.2157,20.6513,-0.2303,-21.5782,22.3997
600807,天业股份,-61.1028,-528.774,-0.1317,-1.2755,-550.0,0.1382
600808,马钢股份,-37.9089,-131.771,3.4945,-6.4802,-130.7463,3.4703
600809,山西汾酒,86.2983,304.6029,15.7714,22.0658,272.3077,18.7416
600810,神马股份,-15.2218,-621.2917,-14.7828,10.5924,-530.2632,-8.7832
600811,东方集团,-24.5201,66.1019,9.593,-2.4582,25.0,10.4481
600812,华北制药,-8.2964,-32.5278,4.1923,8.9414,-21.978,5.2975
600814,杭州解百,-1.8153,-7.0946,6.9151,19.7828,-3.7736,7.5007
600815,厦工股份,-37.0405,-63.2911,2.9237,4.2742,-70.8333,3.6272
600816,安信信托,-51.1338,-10.4747,19.8058,10.5888,-8.4367,21.08
600817,*ST宏盛,-60.131,,,-98.0579,-95.8824,2736.8712
600818,中路股份,-12.3036,-69.8558,-22.3679,-18.3178,-69.0476,-17.883
600819,耀皮玻璃,-21.7569,-378.1009,-9.0906,6.6939,-326.6667,-8.4501
600820,隧道股份,19.5496,25.0774,7.8923,29.388,4.7619,8.1049
600821,津劝业,-15.4903,-19.9218,-14.8747,-0.6777,-25.0,-14.886
600822,上海物贸,20.4293,-3.771,10.3999,24.8793,-8.4054,11.7461
600823,世茂股份,-11.8094,-38.8458,244.2792,297.3239,-15.942,316.1778
600824,益民集团,25.6577,13.9842,6.3145,-1.8694,-5.1011,6.2847
600825,新华传媒,-13.3426,-0.2809,9.8975,-6.6963,-36.3971,13.1999
600826,兰生股份,-25.9502,4.5273,21.0299,18.9404,-20.0,21.4236
600827,百联股份,1.8993,17.7402,13.0619,15.4592,8.4806,15.0306
600828,茂业商业,19.6589,39.8282,35.3326,14.0228,39.1667,37.5764
600829,人民同泰,-1.3749,14.4042,1.034,7.6953,13.5669,0.1166
600830,香溢融通,-42.1784,-53.0798,1.0243,-22.7299,-35.7143,1.8377
600831,广电网络,14.8002,-7.1931,2.159,3.1552,-28.0,2.1631
600833,第一医药,10.2261,158.0251,12.1894,7.6664,158.1679,12.4475
600834,申通地铁,-3.5518,-38.7259,-3.5443,19.2944,-39.0909,-3.5443
600835,上海机电,-0.2123,5.7167,10.2441,11.9675,-13.6126,12.5203
600836,界龙实业,24.6833,-221.6461,9.8177,6.5485,-300.0,-0.5488
600837,海通证券,,20.3228,8.5469,-15.1443,25.0,8.5616
600838,上海九百,-25.289,1074.1458,2.2183,2.7896,1074.0741,2.2203
600839,四川长虹,-6.7596,-15.2492,8.5266,19.0829,60.0,0.768
600841,上柴股份,-25.603,14.9892,-0.6855,-3.8589,25.0,0.7922
600843,上工申贝,-35.124,-1376.4625,-34.3587,-21.5697,-1641.0526,-34.9575
600844,丹化科技,-53.53,-162.187,526.2265,207.2146,-168.0682,452.3348
600845,宝信软件,7.6388,1.9087,18.0251,19.635,3.4858,18.0816
600846,同济科技,18.4423,53.1136,65.7744,16.6655,-18.8679,86.855
600847,万里股份,142.9586,,32.8002,29.8588,-190.7029,31.2845
600848,上海临港,-0.0179,-10.7398,4.1413,7.4507,-11.2782,4.4992
600850,华东电脑,-32.3815,-280.4093,2.549,8.2429,-626.3158,-2.2748
600851,海欣股份,-22.9343,,-14.0467,-15.6537,-188.4354,-12.3515
600853,龙建股份,102.4744,1065.9306,2.7301,13.0981,2750.0,2.7789
600854,春兰股份,-51.9731,,-4.3071,-16.7787,-18.1421,1.3737
600855,航天长峰,-25.6588,,-2.9174,-5.4306,76.1905,-2.8991
600856,中天能源,-0.8386,,-18.6187,-10.3733,-150.0,-18.6187
600857,宁波中百,-35.9233,-81.5414,0.8065,-10.082,-77.0,2.0766
600858,银座股份,23.8893,-0.8712,1.5832,56.4859,6.05,5.0503
600859,王府井,2.8541,5.8715,6.5815,22.094,4.5455,5.7081
600860,*ST京城,-4.0565,,-24.9881,-15.5668,60.0,-24.1242
600861,北京城乡,-4.4072,-0.8319,2.0525,-4.0713,2.8974,3.0553
600862,中航高科,-48.7577,-20.3948,13.557,71.7809,-25.0,17.8515
600863,内蒙华电,-7.1274,142.5064,-13.4932,-1.1877,-60.0,-19.1435
600864,哈投股份,15.3224,743.4199,16.3534,19.0869,393.9759,15.78
600865,百大集团,-24.7045,40.743,8.5899,3.0319,30.7692,8.6018
600866,*ST星湖,22.6416,290.926,9.6687,-1.8752,291.0156,9.5134
600867,通化东宝,3.6449,-26.8093,-2.186,-1.6469,-40.1186,-2.0021
600868,梅雁吉祥,-28.3302,,12.5576,-27.2271,-103.2432,15.2554
600869,智慧能源,-7.1381,,-51.2293,-20.4248,10.0,-51.764
600870,厦华电子,-9.9295,,,-13.5328,-121.875,205.7309
600871,石化油服,-28.2272,,-13.3445,-14.4305,-216.6667,-13.3445
600872,中炬高新,-3.1311,-5.4444,-1.4122,-1.3773,0.0,5.032
600873,梅花生物,11.9816,34.0393,6.9725,18.1777,20.1166,5.5619
600874,创业环保,11.3923,14.1278,7.6056,10.1175,14.2857,7.7396
600875,东方电气,25.7208,54.6765,138.3299,37.1839,44.4444,142.2499
600876,洛阳玻璃,-42.7028,,-45.9122,-8.2691,80.0,-29.4111
600877,中国嘉陵,6.8099,74.9407,-0.5408,8.7741,16.6667,-0.7538
600879,航天电子,4.5524,-26.8587,7.5485,12.1307,-25.0,8.2843
600880,博瑞传播,9.2579,21.2516,24.0095,47.3501,19.2308,23.5165
600881,亚泰集团,36.4326,89.1329,40.7494,43.4618,20.0,25.8295
600882,广泽股份,-25.9451,-69.5632,-25.1809,7.5546,-60.0,-23.1551
600883,博闻科技,46.0043,-57.4538,-4.7898,-10.668,-56.5217,-4.4335
600884,杉杉股份,-22.9158,-35.0533,53.6699,39.2472,-16.6667,69.5967
600885,宏发股份,2.3571,-264.2572,-50.248,-13.0681,-460.0,-57.955
600886,国投电力,-7.0524,-15.2785,-6.0476,-2.7818,-22.2881,-5.7626
600887,伊利股份,6.5141,110.0131,-33.3919,6.8802,113.3333,-31.6922
600888,新疆众和,-22.3914,-31.9901,2.7698,-1.5128,-33.705,2.7789
600889,南京化纤,67.6881,595.8869,7.738,12.8453,480.4878,7.738
600890,中房股份,32.8536,,-7.7187,-6.6594,-42.8571,-7.7025
600891,秋林集团,-4.6377,150.5159,2.163,-10.6723,66.6667,2.6563
600892,大晟文化,-6.9124,,,-0.0755,33.635,-5.4425
600893,中航动力,157.2477,72.5087,91.0451,450.3567,53.0612,135.2539
600894,广日股份,-30.8273,-142.7474,-66.5853,-16.9867,-142.0455,-66.4305
600895,张江高科,8.5224,24.9874,119.6794,36.8268,-3.0,122.1261
600896,览海投资,-42.4985,-100.5702,-4.7866,-4.0845,-105.5556,-7.5591
600897,厦门空港,60.757,40.7218,-1.6376,8.5208,49.4497,-1.1759
600898,三联商社,-44.7685,,-24.4038,-11.3498,-76.3597,-24.4038
600900,长江电力,-1.0312,32.7413,3.3496,-1.204,32.718,3.3496
600958,东方证券,,,9.5531,-29.343,,9.5531
600960,渤海活塞,-38.0909,21.1566,1.3707,-14.4155,-26.6667,3.4719
600961,株冶集团,-22.0804,-84.7128,-3.4037,8.0015,-84.4444,-3.3123
600962,国投中鲁,-35.5913,-93.3622,51.4757,-16.4188,-84.6369,65.4039
600963,岳阳林纸,-15.7193,-68.1235,1.3679,36.2009,-68.4211,1.3679
600965,福成股份,-15.7017,-144.2416,-1.7577,6.3404,-150.0,-1.7577
600966,博汇纸业,-23.2186,-62.2745,4.7983,15.5712,-62.4857,4.2207
600967,北方创业,43.4354,78.4088,12.2869,21.9587,23.2143,5.4321
600969,郴电国际,17.3503,,22.3759,23.4616,-115.1739,44.7852
600970,中材国际,11.2313,61.2651,22.1844,49.9024,-10.2273,63.513
600971,恒源煤电,75.1752,0.627,49.3548,19.7211,-17.1429,50.5133
600973,宝胜股份,-25.5887,-22.3806,-2.369,-10.9947,-22.7273,-2.369
600975,新五丰,-33.1894,14.2104,-4.6949,-18.1706,21.4286,-5.2889
600976,健民集团,106.4612,188.4672,5.2012,5.0975,150.0,3.2539
600978,宜华生活,-3.2533,34.6919,8.4329,-8.0639,36.3636,8.4454
600979,广安爱众,8.5433,52.9222,9.3579,6.6899,18.4615,11.2733
600980,北矿科技,-47.7093,-326.5956,-8.003,-18.1303,-316.285,-7.7902
600981,汇鸿集团,-15.9317,-5.2144,0.2597,-19.2182,-15.6667,-0.9982
600982,宁波热电,9.4181,364.4721,8.8685,34.0512,390.2579,8.9734
600983,惠而浦,72.124,79.066,17.3501,65.992,79.235,17.3501
600984,建设机械,109.8988,,-10.9379,21.9408,-110.0,-10.9379
600985,雷鸣科化,53.5328,416.9523,19.8926,31.1763,356.7568,14.6547
600986,科达股份,13.2592,0.4373,3.3608,7.4201,-35.0,0.5604
600987,航民股份,-3.8359,17.4018,7.7389,4.9923,19.8473,6.0753
600988,赤峰黄金,-93.557,,-1507.6975,3.2298,395.0,13514.2266
600990,四创电子,42.2414,-37.6105,4.6982,16.8458,-32.4821,3.3195
600992,贵绳股份,-9.0701,-35.7884,2.0013,-8.5931,-35.9375,2.0013
600993,马应龙,48.5248,125.3062,21.1152,72.3983,19.2308,16.8477
600995,文山电力,12.6544,5.0837,19.065,24.1671,-7.6923,19.065
600997,开滦股份,-14.4403,-46.8961,32.7003,28.7528,-71.5517,34.5238
600999,招商证券,,37.0015,39.3363,-28.4036,,35.2425
601001,大同煤业,13.6604,-12.4632,82.4092,32.6128,-2.2472,62.0449
601002,晋亿实业,-6.9629,-171.7,4.0165,-0.248,-136.25,1.1464
601003,柳钢股份,-17.1651,-249.147,-13.6773,-7.0555,-249.2266,-13.6773
601005,*ST重钢,-40.6118,-93.4657,-0.4941,1.3573,-92.8571,-0.4941
601006,大秦铁路,-12.4484,-23.7839,5.09,18.9377,-24.1379,5.09
601007,金陵饭店,-1.7542,-10.7779,3.3511,7.7694,-9.3023,3.6441
601008,连云港,-7.9063,-35.6941,3.5839,1.359,-33.3333,3.5839
601009,南京银行,,1.5769,12.6903,44.0378,2.3256,12.198
601088,中国神华,15.8293,13.1108,15.6392,13.4512,12.9395,16.3523
601099,太平洋,,,0.5141,10.3164,-146.1279,0.5141
601107,四川成渝,49.7292,41.9397,0.8251,22.3628,42.0175,0.8468
601111,中国国航,-13.0248,136.9935,-26.7676,5.2177,127.2727,-27.0241
601166,兴业银行,,-4.9019,20.9861,32.3536,-5.3435,20.9861
601168,西部矿业,-29.7487,-92.3647,0.2721,29.6607,-93.3333,-3.1399
601169,北京银行,,0.7076,23.1979,31.5801,0.0,23.1346
601186,中国铁建,58.3499,48.8743,7.7568,19.7833,28.5714,7.1004
601211,国泰君安,,-49.9946,21.0241,-30.9284,,21.0241
601238,广汽集团,-87.1913,-35.9064,11.305,9.6782,-100.0,9.5191
601318,中国平安,,-37.6471,15.9574,28.9951,-39.1753,11.5768
601328,交通银行,,0.2694,15.176,35.7635,0.0,15.1673
601333,广深铁路,4.2346,-11.984,2.5792,4.1512,-12.6316,2.5894
601377,兴业证券,,84.391,10.0406,-32.6265,,9.5152
601390,中国中铁,55.3559,49.2641,6.0722,20.4463,55.5556,5.1061
601398,工商银行,,2.6727,12.0103,21.6504,5.2632,12.0742
601555,东吴证券,,46.6205,11.0857,-18.5482,,11.0857
601588,北辰实业,86.2491,125.1302,7.6711,15.4622,275.0,8.5981
601600,中国铝业,-29.3438,-244.403,-9.6411,11.3182,-246.0674,-11.3408
601601,中国太保,,-57.2726,3.2084,19.4679,-56.9444,3.0237
601607,上海医药,20.9509,70.0431,4.6226,6.494,55.9494,2.654
601628,中国人寿,,28.2282,19.5442,20.7462,28.9474,19.2177
601666,平煤股份,-7.0724,-11.8821,20.6683,4.1427,-32.5301,19.554
601668,中国建筑,16.8844,25.123,18.7755,23.0117,30.0,19.6309
601688,华泰证券,,13.7412,8.195,-17.0428,13.48,8.195
601699,潞安环能,18.5832,39.5271,83.8249,32.3755,36.0,78.5825
601727,上海电气,-3.9589,-14.9628,1.4413,9.7004,-15.3846,7.0425
601788,光大证券,,34.8594,19.0972,-37.641,,17.8281
601800,中国交建,27.8433,25.4806,-1.708,23.7899,,-6.968
601808,中海油服,52.9234,-32.9805,10.885,148.9329,-32.3529,10.885
601857,中国石油,-24.4294,-6.1848,17.0009,21.8674,3.8462,16.962
601866,中远海发,-50.8031,-588.946,-11.4485,-7.9413,-589.2977,-13.6127
601872,招商轮船,-44.8428,-74.1028,4.9656,12.9922,-76.0,4.6966
601898,中煤能源,-14.4449,-8.7476,12.8506,8.9086,0.0,11.5211
601899,紫金矿业,15.7606,-4.2709,4.6287,8.9746,2.3077,-1.1135
601918,新集能源,16.8756,22.9274,25.9162,20.4312,18.1818,26.3392
601919,中远海控,-63.2409,-127.8904,-16.1043,8.5868,-132.3741,-20.2721
601939,建设银行,,-4.8576,11.2289,29.0812,-4.0,11.1768
601958,金钼股份,-46.5184,-88.5398,1.3126,-2.2611,-92.0,1.3985
601988,中国银行,,-2.8471,8.4333,26.5741,-5.8824,9.0591
601991,大唐发电,17.1755,82.0603,-4.7266,15.1601,38.5,-5.119
601998,中信银行,,-16.2766,9.8308,25.4446,-18.1818,9.8325
601999,出版传媒,13.8243,11.9144,7.3049,11.3255,12.5,7.2512
